schema_version,run_id,seq,event_seq,effect_seq,target,metric,unit,value_kind,value,time_ps,start_ps,end_ps,request_id,receiver,reason,sample_count
1,28fc35f2-f19a-4bac-a5b9-dd79e7263703,0,,,Main.a.txQueue,buffer_utilization,1,number,0.0000000000000000e+0,0,,,,,,
1,28fc35f2-f19a-4bac-a5b9-dd79e7263703,1,,,Main.a.txQueue,queue_length,count,integer,0,0,,,,,,
1,28fc35f2-f19a-4bac-a5b9-dd79e7263703,2,,,Main.b.txQueue,buffer_utilization,1,number,0.0000000000000000e+0,0,,,,,,
1,28fc35f2-f19a-4bac-a5b9-dd79e7263703,3,,,Main.b.txQueue,queue_length,count,integer,0,0,,,,,,
1,28fc35f2-f19a-4bac-a5b9-dd79e7263703,4,,,Main.c.txQueue,buffer_utilization,1,number,0.0000000000000000e+0,0,,,,,,
1,28fc35f2-f19a-4bac-a5b9-dd79e7263703,5,,,Main.c.txQueue,queue_length,count,integer,0,0,,,,,,
1,28fc35f2-f19a-4bac-a5b9-dd79e7263703,6,5,0,Main.a.txQueue,buffer_utilization,1,number,5.0000000000000000e-1,0,,,a:0,,,
1,28fc35f2-f19a-4bac-a5b9-dd79e7263703,7,5,1,Main.a.txQueue,queue_length,count,integer,1,0,,,a:0,,,
1,28fc35f2-f19a-4bac-a5b9-dd79e7263703,8,6,0,Main.b.txQueue,buffer_utilization,1,number,5.0000000000000000e-1,0,,,b:0,,,
1,28fc35f2-f19a-4bac-a5b9-dd79e7263703,9,6,1,Main.b.txQueue,queue_length,count,integer,1,0,,,b:0,,,
1,28fc35f2-f19a-4bac-a5b9-dd79e7263703,10,7,0,Main.c.txQueue,buffer_utilization,1,number,5.0000000000000000e-1,0,,,c:0,,,
1,28fc35f2-f19a-4bac-a5b9-dd79e7263703,11,7,1,Main.c.txQueue,queue_length,count,integer,1,0,,,c:0,,,
1,28fc35f2-f19a-4bac-a5b9-dd79e7263703,12,8,0,Main.a,arbitration_wait_ps,ps,integer,0,0,,,a:0,,,
1,28fc35f2-f19a-4bac-a5b9-dd79e7263703,13,8,1,Main.a,tx_wait_ps,ps,integer,0,0,,,a:0,,,
1,28fc35f2-f19a-4bac-a5b9-dd79e7263703,14,8,2,Main.a.txQueue,buffer_utilization,1,number,0.0000000000000000e+0,0,,,a:0,,,
1,28fc35f2-f19a-4bac-a5b9-dd79e7263703,15,8,3,Main.a.txQueue,queue_length,count,integer,0,0,,,a:0,,,
1,28fc35f2-f19a-4bac-a5b9-dd79e7263703,16,15,0,Main.a.txQueue,buffer_utilization,1,number,5.0000000000000000e-1,50000000,,,a:1,,,
1,28fc35f2-f19a-4bac-a5b9-dd79e7263703,17,15,1,Main.a.txQueue,queue_length,count,integer,1,50000000,,,a:1,,,
1,28fc35f2-f19a-4bac-a5b9-dd79e7263703,18,16,0,Main.b.txQueue,buffer_utilization,1,number,1.0000000000000000e+0,50000000,,,b:1,,,
1,28fc35f2-f19a-4bac-a5b9-dd79e7263703,19,16,1,Main.b.txQueue,queue_length,count,integer,2,50000000,,,b:1,,,
1,28fc35f2-f19a-4bac-a5b9-dd79e7263703,20,17,0,Main.c.txQueue,buffer_utilization,1,number,1.0000000000000000e+0,50000000,,,c:1,,,
1,28fc35f2-f19a-4bac-a5b9-dd79e7263703,21,17,1,Main.c.txQueue,queue_length,count,integer,2,50000000,,,c:1,,,
1,28fc35f2-f19a-4bac-a5b9-dd79e7263703,22,23,0,Main.a.txQueue,buffer_utilization,1,number,1.0000000000000000e+0,100000000,,,a:2,,,
1,28fc35f2-f19a-4bac-a5b9-dd79e7263703,23,23,1,Main.a.txQueue,queue_length,count,integer,2,100000000,,,a:2,,,
1,28fc35f2-f19a-4bac-a5b9-dd79e7263703,24,24,0,Main.b.txQueue,buffer_utilization,1,number,1.0000000000000000e+0,100000000,,,b:2,,,
1,28fc35f2-f19a-4bac-a5b9-dd79e7263703,25,24,1,Main.b.txQueue,queue_length,count,integer,2,100000000,,,b:2,,,
1,28fc35f2-f19a-4bac-a5b9-dd79e7263703,26,25,0,Main.c.txQueue,buffer_utilization,1,number,1.0000000000000000e+0,100000000,,,c:2,,,
1,28fc35f2-f19a-4bac-a5b9-dd79e7263703,27,25,1,Main.c.txQueue,queue_length,count,integer,2,100000000,,,c:2,,,
1,28fc35f2-f19a-4bac-a5b9-dd79e7263703,28,31,0,Main.a.txQueue,buffer_utilization,1,number,1.0000000000000000e+0,150000000,,,a:3,,,
1,28fc35f2-f19a-4bac-a5b9-dd79e7263703,29,31,1,Main.a.txQueue,queue_length,count,integer,2,150000000,,,a:3,,,
1,28fc35f2-f19a-4bac-a5b9-dd79e7263703,30,32,0,Main.b.txQueue,buffer_utilization,1,number,1.0000000000000000e+0,150000000,,,b:3,,,
1,28fc35f2-f19a-4bac-a5b9-dd79e7263703,31,32,1,Main.b.txQueue,queue_length,count,integer,2,150000000,,,b:3,,,
1,28fc35f2-f19a-4bac-a5b9-dd79e7263703,32,33,0,Main.c.txQueue,buffer_utilization,1,number,1.0000000000000000e+0,150000000,,,c:3,,,
1,28fc35f2-f19a-4bac-a5b9-dd79e7263703,33,33,1,Main.c.txQueue,queue_length,count,integer,2,150000000,,,c:3,,,
1,28fc35f2-f19a-4bac-a5b9-dd79e7263703,34,38,0,Main.a.txQueue,buffer_utilization,1,number,1.0000000000000000e+0,200000000,,,a:4,,,
1,28fc35f2-f19a-4bac-a5b9-dd79e7263703,35,38,1,Main.a.txQueue,queue_length,count,integer,2,200000000,,,a:4,,,
1,28fc35f2-f19a-4bac-a5b9-dd79e7263703,36,39,0,Main.b.txQueue,buffer_utilization,1,number,1.0000000000000000e+0,200000000,,,b:4,,,
1,28fc35f2-f19a-4bac-a5b9-dd79e7263703,37,39,1,Main.b.txQueue,queue_length,count,integer,2,200000000,,,b:4,,,
1,28fc35f2-f19a-4bac-a5b9-dd79e7263703,38,40,0,Main.c.txQueue,buffer_utilization,1,number,1.0000000000000000e+0,200000000,,,c:4,,,
1,28fc35f2-f19a-4bac-a5b9-dd79e7263703,39,40,1,Main.c.txQueue,queue_length,count,integer,2,200000000,,,c:4,,,
1,28fc35f2-f19a-4bac-a5b9-dd79e7263703,40,9,0,Main.bus,transfer_ps,ps,integer,238000000,238000000,,,a:0,,,
1,28fc35f2-f19a-4bac-a5b9-dd79e7263703,41,43,0,Main.b,delivery_ps,ps,integer,238000000,238000000,,,a:0,Main.b,,
1,28fc35f2-f19a-4bac-a5b9-dd79e7263703,42,44,0,Main.c,delivery_ps,ps,integer,238000000,238000000,,,a:0,Main.c,,
1,28fc35f2-f19a-4bac-a5b9-dd79e7263703,43,45,0,Main.a,arbitration_wait_ps,ps,integer,194000000,244000000,,,a:1,,,
1,28fc35f2-f19a-4bac-a5b9-dd79e7263703,44,45,1,Main.a,tx_wait_ps,ps,integer,194000000,244000000,,,a:1,,,
1,28fc35f2-f19a-4bac-a5b9-dd79e7263703,45,45,2,Main.a.txQueue,buffer_utilization,1,number,5.0000000000000000e-1,244000000,,,a:1,,,
1,28fc35f2-f19a-4bac-a5b9-dd79e7263703,46,45,3,Main.a.txQueue,queue_length,count,integer,1,244000000,,,a:1,,,
1,28fc35f2-f19a-4bac-a5b9-dd79e7263703,47,52,0,Main.a.txQueue,buffer_utilization,1,number,1.0000000000000000e+0,250000000,,,a:5,,,
1,28fc35f2-f19a-4bac-a5b9-dd79e7263703,48,52,1,Main.a.txQueue,queue_length,count,integer,2,250000000,,,a:5,,,
1,28fc35f2-f19a-4bac-a5b9-dd79e7263703,49,53,0,Main.b.txQueue,buffer_utilization,1,number,1.0000000000000000e+0,250000000,,,b:5,,,
1,28fc35f2-f19a-4bac-a5b9-dd79e7263703,50,53,1,Main.b.txQueue,queue_length,count,integer,2,250000000,,,b:5,,,
1,28fc35f2-f19a-4bac-a5b9-dd79e7263703,51,54,0,Main.c.txQueue,buffer_utilization,1,number,1.0000000000000000e+0,250000000,,,c:5,,,
1,28fc35f2-f19a-4bac-a5b9-dd79e7263703,52,54,1,Main.c.txQueue,queue_length,count,integer,2,250000000,,,c:5,,,
1,28fc35f2-f19a-4bac-a5b9-dd79e7263703,53,60,0,Main.a.txQueue,buffer_utilization,1,number,1.0000000000000000e+0,300000000,,,a:6,,,
1,28fc35f2-f19a-4bac-a5b9-dd79e7263703,54,60,1,Main.a.txQueue,queue_length,count,integer,2,300000000,,,a:6,,,
1,28fc35f2-f19a-4bac-a5b9-dd79e7263703,55,61,0,Main.b.txQueue,buffer_utilization,1,number,1.0000000000000000e+0,300000000,,,b:6,,,
1,28fc35f2-f19a-4bac-a5b9-dd79e7263703,56,61,1,Main.b.txQueue,queue_length,count,integer,2,300000000,,,b:6,,,
1,28fc35f2-f19a-4bac-a5b9-dd79e7263703,57,62,0,Main.c.txQueue,buffer_utilization,1,number,1.0000000000000000e+0,300000000,,,c:6,,,
1,28fc35f2-f19a-4bac-a5b9-dd79e7263703,58,62,1,Main.c.txQueue,queue_length,count,integer,2,300000000,,,c:6,,,
1,28fc35f2-f19a-4bac-a5b9-dd79e7263703,59,67,0,Main.a.txQueue,buffer_utilization,1,number,1.0000000000000000e+0,350000000,,,a:7,,,
1,28fc35f2-f19a-4bac-a5b9-dd79e7263703,60,67,1,Main.a.txQueue,queue_length,count,integer,2,350000000,,,a:7,,,
1,28fc35f2-f19a-4bac-a5b9-dd79e7263703,61,68,0,Main.b.txQueue,buffer_utilization,1,number,1.0000000000000000e+0,350000000,,,b:7,,,
1,28fc35f2-f19a-4bac-a5b9-dd79e7263703,62,68,1,Main.b.txQueue,queue_length,count,integer,2,350000000,,,b:7,,,
1,28fc35f2-f19a-4bac-a5b9-dd79e7263703,63,69,0,Main.c.txQueue,buffer_utilization,1,number,1.0000000000000000e+0,350000000,,,c:7,,,
1,28fc35f2-f19a-4bac-a5b9-dd79e7263703,64,69,1,Main.c.txQueue,queue_length,count,integer,2,350000000,,,c:7,,,
1,28fc35f2-f19a-4bac-a5b9-dd79e7263703,65,74,0,Main.a.txQueue,buffer_utilization,1,number,1.0000000000000000e+0,400000000,,,a:8,,,
1,28fc35f2-f19a-4bac-a5b9-dd79e7263703,66,74,1,Main.a.txQueue,queue_length,count,integer,2,400000000,,,a:8,,,
1,28fc35f2-f19a-4bac-a5b9-dd79e7263703,67,75,0,Main.b.txQueue,buffer_utilization,1,number,1.0000000000000000e+0,400000000,,,b:8,,,
1,28fc35f2-f19a-4bac-a5b9-dd79e7263703,68,75,1,Main.b.txQueue,queue_length,count,integer,2,400000000,,,b:8,,,
1,28fc35f2-f19a-4bac-a5b9-dd79e7263703,69,76,0,Main.c.txQueue,buffer_utilization,1,number,1.0000000000000000e+0,400000000,,,c:8,,,
1,28fc35f2-f19a-4bac-a5b9-dd79e7263703,70,76,1,Main.c.txQueue,queue_length,count,integer,2,400000000,,,c:8,,,
1,28fc35f2-f19a-4bac-a5b9-dd79e7263703,71,81,0,Main.a.txQueue,buffer_utilization,1,number,1.0000000000000000e+0,450000000,,,a:9,,,
1,28fc35f2-f19a-4bac-a5b9-dd79e7263703,72,81,1,Main.a.txQueue,queue_length,count,integer,2,450000000,,,a:9,,,
1,28fc35f2-f19a-4bac-a5b9-dd79e7263703,73,82,0,Main.b.txQueue,buffer_utilization,1,number,1.0000000000000000e+0,450000000,,,b:9,,,
1,28fc35f2-f19a-4bac-a5b9-dd79e7263703,74,82,1,Main.b.txQueue,queue_length,count,integer,2,450000000,,,b:9,,,
1,28fc35f2-f19a-4bac-a5b9-dd79e7263703,75,83,0,Main.c.txQueue,buffer_utilization,1,number,1.0000000000000000e+0,450000000,,,c:9,,,
1,28fc35f2-f19a-4bac-a5b9-dd79e7263703,76,83,1,Main.c.txQueue,queue_length,count,integer,2,450000000,,,c:9,,,
1,28fc35f2-f19a-4bac-a5b9-dd79e7263703,77,46,0,Main.bus,transfer_ps,ps,integer,238000000,482000000,,,a:1,,,
1,28fc35f2-f19a-4bac-a5b9-dd79e7263703,78,86,0,Main.b,delivery_ps,ps,integer,432000000,482000000,,,a:1,Main.b,,
1,28fc35f2-f19a-4bac-a5b9-dd79e7263703,79,87,0,Main.c,delivery_ps,ps,integer,432000000,482000000,,,a:1,Main.c,,
1,28fc35f2-f19a-4bac-a5b9-dd79e7263703,80,88,0,Main.a,arbitration_wait_ps,ps,integer,388000000,488000000,,,a:2,,,
1,28fc35f2-f19a-4bac-a5b9-dd79e7263703,81,88,1,Main.a,tx_wait_ps,ps,integer,388000000,488000000,,,a:2,,,
1,28fc35f2-f19a-4bac-a5b9-dd79e7263703,82,88,2,Main.a.txQueue,buffer_utilization,1,number,5.0000000000000000e-1,488000000,,,a:2,,,
1,28fc35f2-f19a-4bac-a5b9-dd79e7263703,83,88,3,Main.a.txQueue,queue_length,count,integer,1,488000000,,,a:2,,,
1,28fc35f2-f19a-4bac-a5b9-dd79e7263703,84,95,0,Main.a.txQueue,buffer_utilization,1,number,1.0000000000000000e+0,500000000,,,a:10,,,
1,28fc35f2-f19a-4bac-a5b9-dd79e7263703,85,95,1,Main.a.txQueue,queue_length,count,integer,2,500000000,,,a:10,,,
1,28fc35f2-f19a-4bac-a5b9-dd79e7263703,86,96,0,Main.b.txQueue,buffer_utilization,1,number,1.0000000000000000e+0,500000000,,,b:10,,,
1,28fc35f2-f19a-4bac-a5b9-dd79e7263703,87,96,1,Main.b.txQueue,queue_length,count,integer,2,500000000,,,b:10,,,
1,28fc35f2-f19a-4bac-a5b9-dd79e7263703,88,97,0,Main.c.txQueue,buffer_utilization,1,number,1.0000000000000000e+0,500000000,,,c:10,,,
1,28fc35f2-f19a-4bac-a5b9-dd79e7263703,89,97,1,Main.c.txQueue,queue_length,count,integer,2,500000000,,,c:10,,,
1,28fc35f2-f19a-4bac-a5b9-dd79e7263703,90,103,0,Main.a.txQueue,buffer_utilization,1,number,1.0000000000000000e+0,550000000,,,a:11,,,
1,28fc35f2-f19a-4bac-a5b9-dd79e7263703,91,103,1,Main.a.txQueue,queue_length,count,integer,2,550000000,,,a:11,,,
1,28fc35f2-f19a-4bac-a5b9-dd79e7263703,92,104,0,Main.b.txQueue,buffer_utilization,1,number,1.0000000000000000e+0,550000000,,,b:11,,,
1,28fc35f2-f19a-4bac-a5b9-dd79e7263703,93,104,1,Main.b.txQueue,queue_length,count,integer,2,550000000,,,b:11,,,
1,28fc35f2-f19a-4bac-a5b9-dd79e7263703,94,105,0,Main.c.txQueue,buffer_utilization,1,number,1.0000000000000000e+0,550000000,,,c:11,,,
1,28fc35f2-f19a-4bac-a5b9-dd79e7263703,95,105,1,Main.c.txQueue,queue_length,count,integer,2,550000000,,,c:11,,,
1,28fc35f2-f19a-4bac-a5b9-dd79e7263703,96,110,0,Main.a.txQueue,buffer_utilization,1,number,1.0000000000000000e+0,600000000,,,a:12,,,
1,28fc35f2-f19a-4bac-a5b9-dd79e7263703,97,110,1,Main.a.txQueue,queue_length,count,integer,2,600000000,,,a:12,,,
1,28fc35f2-f19a-4bac-a5b9-dd79e7263703,98,111,0,Main.b.txQueue,buffer_utilization,1,number,1.0000000000000000e+0,600000000,,,b:12,,,
1,28fc35f2-f19a-4bac-a5b9-dd79e7263703,99,111,1,Main.b.txQueue,queue_length,count,integer,2,600000000,,,b:12,,,
1,28fc35f2-f19a-4bac-a5b9-dd79e7263703,100,112,0,Main.c.txQueue,buffer_utilization,1,number,1.0000000000000000e+0,600000000,,,c:12,,,
1,28fc35f2-f19a-4bac-a5b9-dd79e7263703,101,112,1,Main.c.txQueue,queue_length,count,integer,2,600000000,,,c:12,,,
1,28fc35f2-f19a-4bac-a5b9-dd79e7263703,102,117,0,Main.a.txQueue,buffer_utilization,1,number,1.0000000000000000e+0,650000000,,,a:13,,,
1,28fc35f2-f19a-4bac-a5b9-dd79e7263703,103,117,1,Main.a.txQueue,queue_length,count,integer,2,650000000,,,a:13,,,
1,28fc35f2-f19a-4bac-a5b9-dd79e7263703,104,118,0,Main.b.txQueue,buffer_utilization,1,number,1.0000000000000000e+0,650000000,,,b:13,,,
1,28fc35f2-f19a-4bac-a5b9-dd79e7263703,105,118,1,Main.b.txQueue,queue_length,count,integer,2,650000000,,,b:13,,,
1,28fc35f2-f19a-4bac-a5b9-dd79e7263703,106,119,0,Main.c.txQueue,buffer_utilization,1,number,1.0000000000000000e+0,650000000,,,c:13,,,
1,28fc35f2-f19a-4bac-a5b9-dd79e7263703,107,119,1,Main.c.txQueue,queue_length,count,integer,2,650000000,,,c:13,,,
1,28fc35f2-f19a-4bac-a5b9-dd79e7263703,108,124,0,Main.a.txQueue,buffer_utilization,1,number,1.0000000000000000e+0,700000000,,,a:14,,,
1,28fc35f2-f19a-4bac-a5b9-dd79e7263703,109,124,1,Main.a.txQueue,queue_length,count,integer,2,700000000,,,a:14,,,
1,28fc35f2-f19a-4bac-a5b9-dd79e7263703,110,125,0,Main.b.txQueue,buffer_utilization,1,number,1.0000000000000000e+0,700000000,,,b:14,,,
1,28fc35f2-f19a-4bac-a5b9-dd79e7263703,111,125,1,Main.b.txQueue,queue_length,count,integer,2,700000000,,,b:14,,,
1,28fc35f2-f19a-4bac-a5b9-dd79e7263703,112,126,0,Main.c.txQueue,buffer_utilization,1,number,1.0000000000000000e+0,700000000,,,c:14,,,
1,28fc35f2-f19a-4bac-a5b9-dd79e7263703,113,126,1,Main.c.txQueue,queue_length,count,integer,2,700000000,,,c:14,,,
1,28fc35f2-f19a-4bac-a5b9-dd79e7263703,114,89,0,Main.bus,transfer_ps,ps,integer,238000000,726000000,,,a:2,,,
1,28fc35f2-f19a-4bac-a5b9-dd79e7263703,115,129,0,Main.b,delivery_ps,ps,integer,626000000,726000000,,,a:2,Main.b,,
1,28fc35f2-f19a-4bac-a5b9-dd79e7263703,116,130,0,Main.c,delivery_ps,ps,integer,626000000,726000000,,,a:2,Main.c,,
1,28fc35f2-f19a-4bac-a5b9-dd79e7263703,117,131,0,Main.a,arbitration_wait_ps,ps,integer,482000000,732000000,,,a:5,,,
1,28fc35f2-f19a-4bac-a5b9-dd79e7263703,118,131,1,Main.a,tx_wait_ps,ps,integer,482000000,732000000,,,a:5,,,
1,28fc35f2-f19a-4bac-a5b9-dd79e7263703,119,131,2,Main.a.txQueue,buffer_utilization,1,number,5.0000000000000000e-1,732000000,,,a:5,,,
1,28fc35f2-f19a-4bac-a5b9-dd79e7263703,120,131,3,Main.a.txQueue,queue_length,count,integer,1,732000000,,,a:5,,,
1,28fc35f2-f19a-4bac-a5b9-dd79e7263703,121,138,0,Main.a.txQueue,buffer_utilization,1,number,1.0000000000000000e+0,750000000,,,a:15,,,
1,28fc35f2-f19a-4bac-a5b9-dd79e7263703,122,138,1,Main.a.txQueue,queue_length,count,integer,2,750000000,,,a:15,,,
1,28fc35f2-f19a-4bac-a5b9-dd79e7263703,123,139,0,Main.b.txQueue,buffer_utilization,1,number,1.0000000000000000e+0,750000000,,,b:15,,,
1,28fc35f2-f19a-4bac-a5b9-dd79e7263703,124,139,1,Main.b.txQueue,queue_length,count,integer,2,750000000,,,b:15,,,
1,28fc35f2-f19a-4bac-a5b9-dd79e7263703,125,140,0,Main.c.txQueue,buffer_utilization,1,number,1.0000000000000000e+0,750000000,,,c:15,,,
1,28fc35f2-f19a-4bac-a5b9-dd79e7263703,126,140,1,Main.c.txQueue,queue_length,count,integer,2,750000000,,,c:15,,,
1,28fc35f2-f19a-4bac-a5b9-dd79e7263703,127,146,0,Main.a.txQueue,buffer_utilization,1,number,1.0000000000000000e+0,800000000,,,a:16,,,
1,28fc35f2-f19a-4bac-a5b9-dd79e7263703,128,146,1,Main.a.txQueue,queue_length,count,integer,2,800000000,,,a:16,,,
1,28fc35f2-f19a-4bac-a5b9-dd79e7263703,129,147,0,Main.b.txQueue,buffer_utilization,1,number,1.0000000000000000e+0,800000000,,,b:16,,,
1,28fc35f2-f19a-4bac-a5b9-dd79e7263703,130,147,1,Main.b.txQueue,queue_length,count,integer,2,800000000,,,b:16,,,
1,28fc35f2-f19a-4bac-a5b9-dd79e7263703,131,148,0,Main.c.txQueue,buffer_utilization,1,number,1.0000000000000000e+0,800000000,,,c:16,,,
1,28fc35f2-f19a-4bac-a5b9-dd79e7263703,132,148,1,Main.c.txQueue,queue_length,count,integer,2,800000000,,,c:16,,,
1,28fc35f2-f19a-4bac-a5b9-dd79e7263703,133,153,0,Main.a.txQueue,buffer_utilization,1,number,1.0000000000000000e+0,850000000,,,a:17,,,
1,28fc35f2-f19a-4bac-a5b9-dd79e7263703,134,153,1,Main.a.txQueue,queue_length,count,integer,2,850000000,,,a:17,,,
1,28fc35f2-f19a-4bac-a5b9-dd79e7263703,135,154,0,Main.b.txQueue,buffer_utilization,1,number,1.0000000000000000e+0,850000000,,,b:17,,,
1,28fc35f2-f19a-4bac-a5b9-dd79e7263703,136,154,1,Main.b.txQueue,queue_length,count,integer,2,850000000,,,b:17,,,
1,28fc35f2-f19a-4bac-a5b9-dd79e7263703,137,155,0,Main.c.txQueue,buffer_utilization,1,number,1.0000000000000000e+0,850000000,,,c:17,,,
1,28fc35f2-f19a-4bac-a5b9-dd79e7263703,138,155,1,Main.c.txQueue,queue_length,count,integer,2,850000000,,,c:17,,,
1,28fc35f2-f19a-4bac-a5b9-dd79e7263703,139,160,0,Main.a.txQueue,buffer_utilization,1,number,1.0000000000000000e+0,900000000,,,a:18,,,
1,28fc35f2-f19a-4bac-a5b9-dd79e7263703,140,160,1,Main.a.txQueue,queue_length,count,integer,2,900000000,,,a:18,,,
1,28fc35f2-f19a-4bac-a5b9-dd79e7263703,141,161,0,Main.b.txQueue,buffer_utilization,1,number,1.0000000000000000e+0,900000000,,,b:18,,,
1,28fc35f2-f19a-4bac-a5b9-dd79e7263703,142,161,1,Main.b.txQueue,queue_length,count,integer,2,900000000,,,b:18,,,
1,28fc35f2-f19a-4bac-a5b9-dd79e7263703,143,162,0,Main.c.txQueue,buffer_utilization,1,number,1.0000000000000000e+0,900000000,,,c:18,,,
1,28fc35f2-f19a-4bac-a5b9-dd79e7263703,144,162,1,Main.c.txQueue,queue_length,count,integer,2,900000000,,,c:18,,,
1,28fc35f2-f19a-4bac-a5b9-dd79e7263703,145,167,0,Main.a.txQueue,buffer_utilization,1,number,1.0000000000000000e+0,950000000,,,a:19,,,
1,28fc35f2-f19a-4bac-a5b9-dd79e7263703,146,167,1,Main.a.txQueue,queue_length,count,integer,2,950000000,,,a:19,,,
1,28fc35f2-f19a-4bac-a5b9-dd79e7263703,147,168,0,Main.b.txQueue,buffer_utilization,1,number,1.0000000000000000e+0,950000000,,,b:19,,,
1,28fc35f2-f19a-4bac-a5b9-dd79e7263703,148,168,1,Main.b.txQueue,queue_length,count,integer,2,950000000,,,b:19,,,
1,28fc35f2-f19a-4bac-a5b9-dd79e7263703,149,169,0,Main.c.txQueue,buffer_utilization,1,number,1.0000000000000000e+0,950000000,,,c:19,,,
1,28fc35f2-f19a-4bac-a5b9-dd79e7263703,150,169,1,Main.c.txQueue,queue_length,count,integer,2,950000000,,,c:19,,,
1,28fc35f2-f19a-4bac-a5b9-dd79e7263703,151,132,0,Main.bus,transfer_ps,ps,integer,238000000,970000000,,,a:5,,,
1,28fc35f2-f19a-4bac-a5b9-dd79e7263703,152,172,0,Main.b,delivery_ps,ps,integer,720000000,970000000,,,a:5,Main.b,,
1,28fc35f2-f19a-4bac-a5b9-dd79e7263703,153,173,0,Main.c,delivery_ps,ps,integer,720000000,970000000,,,a:5,Main.c,,
1,28fc35f2-f19a-4bac-a5b9-dd79e7263703,154,174,0,Main.a,arbitration_wait_ps,ps,integer,476000000,976000000,,,a:10,,,
1,28fc35f2-f19a-4bac-a5b9-dd79e7263703,155,174,1,Main.a,tx_wait_ps,ps,integer,476000000,976000000,,,a:10,,,
1,28fc35f2-f19a-4bac-a5b9-dd79e7263703,156,174,2,Main.a.txQueue,buffer_utilization,1,number,5.0000000000000000e-1,976000000,,,a:10,,,
1,28fc35f2-f19a-4bac-a5b9-dd79e7263703,157,174,3,Main.a.txQueue,queue_length,count,integer,1,976000000,,,a:10,,,
1,28fc35f2-f19a-4bac-a5b9-dd79e7263703,158,,,Main.a,received_payload_bits,bit,integer,0,,0,1000000000,,Main.a,,
1,28fc35f2-f19a-4bac-a5b9-dd79e7263703,159,,,Main.a,received_throughput_bps,bit/s,number,0.0000000000000000e+0,,0,1000000000,,Main.a,,
1,28fc35f2-f19a-4bac-a5b9-dd79e7263703,160,,,Main.a.txQueue,buffer_utilization_mean,1,number,8.9500000000000002e-1,,0,1000000000,,,,
1,28fc35f2-f19a-4bac-a5b9-dd79e7263703,161,,,Main.b,received_payload_bits,bit,integer,256,,0,1000000000,,Main.b,,
1,28fc35f2-f19a-4bac-a5b9-dd79e7263703,162,,,Main.b,received_throughput_bps,bit/s,number,2.5600000000000000e+5,,0,1000000000,,Main.b,,
1,28fc35f2-f19a-4bac-a5b9-dd79e7263703,163,,,Main.b.txQueue,buffer_utilization_mean,1,number,9.7499999999999998e-1,,0,1000000000,,,,
1,28fc35f2-f19a-4bac-a5b9-dd79e7263703,164,,,Main.bus,bus_utilization,1,number,1.0000000000000000e+0,,0,1000000000,,,,
1,28fc35f2-f19a-4bac-a5b9-dd79e7263703,165,,,Main.bus,frame_utilization,1,number,9.7599999999999998e-1,,0,1000000000,,,,
1,28fc35f2-f19a-4bac-a5b9-dd79e7263703,166,,,Main.bus,occupied_bits,bit,integer,488,,0,1000000000,,,,
1,28fc35f2-f19a-4bac-a5b9-dd79e7263703,167,,,Main.bus,payload_bits,bit,integer,256,,0,1000000000,,,,
1,28fc35f2-f19a-4bac-a5b9-dd79e7263703,168,,,Main.bus,payload_throughput_bps,bit/s,number,2.5600000000000000e+5,,0,1000000000,,,,
1,28fc35f2-f19a-4bac-a5b9-dd79e7263703,169,,,Main.bus,serialized_bits,bit,integer,476,,0,1000000000,,,,
1,28fc35f2-f19a-4bac-a5b9-dd79e7263703,170,,,Main.bus,serialized_throughput_bps,bit/s,number,4.7600000000000000e+5,,0,1000000000,,,,
1,28fc35f2-f19a-4bac-a5b9-dd79e7263703,171,,,Main.c,received_payload_bits,bit,integer,256,,0,1000000000,,Main.c,,
1,28fc35f2-f19a-4bac-a5b9-dd79e7263703,172,,,Main.c,received_throughput_bps,bit/s,number,2.5600000000000000e+5,,0,1000000000,,Main.c,,
1,28fc35f2-f19a-4bac-a5b9-dd79e7263703,173,,,Main.c.txQueue,buffer_utilization_mean,1,number,9.7499999999999998e-1,,0,1000000000,,,,
1,28fc35f2-f19a-4bac-a5b9-dd79e7263703,174,181,0,Main.a.txQueue,buffer_utilization,1,number,1.0000000000000000e+0,1000000000,,,a:20,,,
1,28fc35f2-f19a-4bac-a5b9-dd79e7263703,175,181,1,Main.a.txQueue,queue_length,count,integer,2,1000000000,,,a:20,,,
1,28fc35f2-f19a-4bac-a5b9-dd79e7263703,176,182,0,Main.b.txQueue,buffer_utilization,1,number,1.0000000000000000e+0,1000000000,,,b:20,,,
1,28fc35f2-f19a-4bac-a5b9-dd79e7263703,177,182,1,Main.b.txQueue,queue_length,count,integer,2,1000000000,,,b:20,,,
1,28fc35f2-f19a-4bac-a5b9-dd79e7263703,178,183,0,Main.c.txQueue,buffer_utilization,1,number,1.0000000000000000e+0,1000000000,,,c:20,,,
1,28fc35f2-f19a-4bac-a5b9-dd79e7263703,179,183,1,Main.c.txQueue,queue_length,count,integer,2,1000000000,,,c:20,,,
1,28fc35f2-f19a-4bac-a5b9-dd79e7263703,180,189,0,Main.a.txQueue,buffer_utilization,1,number,1.0000000000000000e+0,1050000000,,,a:21,,,
1,28fc35f2-f19a-4bac-a5b9-dd79e7263703,181,189,1,Main.a.txQueue,queue_length,count,integer,2,1050000000,,,a:21,,,
1,28fc35f2-f19a-4bac-a5b9-dd79e7263703,182,190,0,Main.b.txQueue,buffer_utilization,1,number,1.0000000000000000e+0,1050000000,,,b:21,,,
1,28fc35f2-f19a-4bac-a5b9-dd79e7263703,183,190,1,Main.b.txQueue,queue_length,count,integer,2,1050000000,,,b:21,,,
1,28fc35f2-f19a-4bac-a5b9-dd79e7263703,184,191,0,Main.c.txQueue,buffer_utilization,1,number,1.0000000000000000e+0,1050000000,,,c:21,,,
1,28fc35f2-f19a-4bac-a5b9-dd79e7263703,185,191,1,Main.c.txQueue,queue_length,count,integer,2,1050000000,,,c:21,,,
1,28fc35f2-f19a-4bac-a5b9-dd79e7263703,186,196,0,Main.a.txQueue,buffer_utilization,1,number,1.0000000000000000e+0,1100000000,,,a:22,,,
1,28fc35f2-f19a-4bac-a5b9-dd79e7263703,187,196,1,Main.a.txQueue,queue_length,count,integer,2,1100000000,,,a:22,,,
1,28fc35f2-f19a-4bac-a5b9-dd79e7263703,188,197,0,Main.b.txQueue,buffer_utilization,1,number,1.0000000000000000e+0,1100000000,,,b:22,,,
1,28fc35f2-f19a-4bac-a5b9-dd79e7263703,189,197,1,Main.b.txQueue,queue_length,count,integer,2,1100000000,,,b:22,,,
1,28fc35f2-f19a-4bac-a5b9-dd79e7263703,190,198,0,Main.c.txQueue,buffer_utilization,1,number,1.0000000000000000e+0,1100000000,,,c:22,,,
1,28fc35f2-f19a-4bac-a5b9-dd79e7263703,191,198,1,Main.c.txQueue,queue_length,count,integer,2,1100000000,,,c:22,,,
1,28fc35f2-f19a-4bac-a5b9-dd79e7263703,192,203,0,Main.a.txQueue,buffer_utilization,1,number,1.0000000000000000e+0,1150000000,,,a:23,,,
1,28fc35f2-f19a-4bac-a5b9-dd79e7263703,193,203,1,Main.a.txQueue,queue_length,count,integer,2,1150000000,,,a:23,,,
1,28fc35f2-f19a-4bac-a5b9-dd79e7263703,194,204,0,Main.b.txQueue,buffer_utilization,1,number,1.0000000000000000e+0,1150000000,,,b:23,,,
1,28fc35f2-f19a-4bac-a5b9-dd79e7263703,195,204,1,Main.b.txQueue,queue_length,count,integer,2,1150000000,,,b:23,,,
1,28fc35f2-f19a-4bac-a5b9-dd79e7263703,196,205,0,Main.c.txQueue,buffer_utilization,1,number,1.0000000000000000e+0,1150000000,,,c:23,,,
1,28fc35f2-f19a-4bac-a5b9-dd79e7263703,197,205,1,Main.c.txQueue,queue_length,count,integer,2,1150000000,,,c:23,,,
1,28fc35f2-f19a-4bac-a5b9-dd79e7263703,198,210,0,Main.a.txQueue,buffer_utilization,1,number,1.0000000000000000e+0,1200000000,,,a:24,,,
1,28fc35f2-f19a-4bac-a5b9-dd79e7263703,199,210,1,Main.a.txQueue,queue_length,count,integer,2,1200000000,,,a:24,,,
1,28fc35f2-f19a-4bac-a5b9-dd79e7263703,200,211,0,Main.b.txQueue,buffer_utilization,1,number,1.0000000000000000e+0,1200000000,,,b:24,,,
1,28fc35f2-f19a-4bac-a5b9-dd79e7263703,201,211,1,Main.b.txQueue,queue_length,count,integer,2,1200000000,,,b:24,,,
1,28fc35f2-f19a-4bac-a5b9-dd79e7263703,202,212,0,Main.c.txQueue,buffer_utilization,1,number,1.0000000000000000e+0,1200000000,,,c:24,,,
1,28fc35f2-f19a-4bac-a5b9-dd79e7263703,203,212,1,Main.c.txQueue,queue_length,count,integer,2,1200000000,,,c:24,,,
1,28fc35f2-f19a-4bac-a5b9-dd79e7263703,204,175,0,Main.bus,transfer_ps,ps,integer,238000000,1214000000,,,a:10,,,
1,28fc35f2-f19a-4bac-a5b9-dd79e7263703,205,215,0,Main.b,delivery_ps,ps,integer,714000000,1214000000,,,a:10,Main.b,,
1,28fc35f2-f19a-4bac-a5b9-dd79e7263703,206,216,0,Main.c,delivery_ps,ps,integer,714000000,1214000000,,,a:10,Main.c,,
1,28fc35f2-f19a-4bac-a5b9-dd79e7263703,207,217,0,Main.a,arbitration_wait_ps,ps,integer,470000000,1220000000,,,a:15,,,
1,28fc35f2-f19a-4bac-a5b9-dd79e7263703,208,217,1,Main.a,tx_wait_ps,ps,integer,470000000,1220000000,,,a:15,,,
1,28fc35f2-f19a-4bac-a5b9-dd79e7263703,209,217,2,Main.a.txQueue,buffer_utilization,1,number,5.0000000000000000e-1,1220000000,,,a:15,,,
1,28fc35f2-f19a-4bac-a5b9-dd79e7263703,210,217,3,Main.a.txQueue,queue_length,count,integer,1,1220000000,,,a:15,,,
1,28fc35f2-f19a-4bac-a5b9-dd79e7263703,211,224,0,Main.a.txQueue,buffer_utilization,1,number,1.0000000000000000e+0,1250000000,,,a:25,,,
1,28fc35f2-f19a-4bac-a5b9-dd79e7263703,212,224,1,Main.a.txQueue,queue_length,count,integer,2,1250000000,,,a:25,,,
1,28fc35f2-f19a-4bac-a5b9-dd79e7263703,213,225,0,Main.b.txQueue,buffer_utilization,1,number,1.0000000000000000e+0,1250000000,,,b:25,,,
1,28fc35f2-f19a-4bac-a5b9-dd79e7263703,214,225,1,Main.b.txQueue,queue_length,count,integer,2,1250000000,,,b:25,,,
1,28fc35f2-f19a-4bac-a5b9-dd79e7263703,215,226,0,Main.c.txQueue,buffer_utilization,1,number,1.0000000000000000e+0,1250000000,,,c:25,,,
1,28fc35f2-f19a-4bac-a5b9-dd79e7263703,216,226,1,Main.c.txQueue,queue_length,count,integer,2,1250000000,,,c:25,,,
1,28fc35f2-f19a-4bac-a5b9-dd79e7263703,217,232,0,Main.a.txQueue,buffer_utilization,1,number,1.0000000000000000e+0,1300000000,,,a:26,,,
1,28fc35f2-f19a-4bac-a5b9-dd79e7263703,218,232,1,Main.a.txQueue,queue_length,count,integer,2,1300000000,,,a:26,,,
1,28fc35f2-f19a-4bac-a5b9-dd79e7263703,219,233,0,Main.b.txQueue,buffer_utilization,1,number,1.0000000000000000e+0,1300000000,,,b:26,,,
1,28fc35f2-f19a-4bac-a5b9-dd79e7263703,220,233,1,Main.b.txQueue,queue_length,count,integer,2,1300000000,,,b:26,,,
1,28fc35f2-f19a-4bac-a5b9-dd79e7263703,221,234,0,Main.c.txQueue,buffer_utilization,1,number,1.0000000000000000e+0,1300000000,,,c:26,,,
1,28fc35f2-f19a-4bac-a5b9-dd79e7263703,222,234,1,Main.c.txQueue,queue_length,count,integer,2,1300000000,,,c:26,,,
1,28fc35f2-f19a-4bac-a5b9-dd79e7263703,223,239,0,Main.a.txQueue,buffer_utilization,1,number,1.0000000000000000e+0,1350000000,,,a:27,,,
1,28fc35f2-f19a-4bac-a5b9-dd79e7263703,224,239,1,Main.a.txQueue,queue_length,count,integer,2,1350000000,,,a:27,,,
1,28fc35f2-f19a-4bac-a5b9-dd79e7263703,225,240,0,Main.b.txQueue,buffer_utilization,1,number,1.0000000000000000e+0,1350000000,,,b:27,,,
1,28fc35f2-f19a-4bac-a5b9-dd79e7263703,226,240,1,Main.b.txQueue,queue_length,count,integer,2,1350000000,,,b:27,,,
1,28fc35f2-f19a-4bac-a5b9-dd79e7263703,227,241,0,Main.c.txQueue,buffer_utilization,1,number,1.0000000000000000e+0,1350000000,,,c:27,,,
1,28fc35f2-f19a-4bac-a5b9-dd79e7263703,228,241,1,Main.c.txQueue,queue_length,count,integer,2,1350000000,,,c:27,,,
1,28fc35f2-f19a-4bac-a5b9-dd79e7263703,229,246,0,Main.a.txQueue,buffer_utilization,1,number,1.0000000000000000e+0,1400000000,,,a:28,,,
1,28fc35f2-f19a-4bac-a5b9-dd79e7263703,230,246,1,Main.a.txQueue,queue_length,count,integer,2,1400000000,,,a:28,,,
1,28fc35f2-f19a-4bac-a5b9-dd79e7263703,231,247,0,Main.b.txQueue,buffer_utilization,1,number,1.0000000000000000e+0,1400000000,,,b:28,,,
1,28fc35f2-f19a-4bac-a5b9-dd79e7263703,232,247,1,Main.b.txQueue,queue_length,count,integer,2,1400000000,,,b:28,,,
1,28fc35f2-f19a-4bac-a5b9-dd79e7263703,233,248,0,Main.c.txQueue,buffer_utilization,1,number,1.0000000000000000e+0,1400000000,,,c:28,,,
1,28fc35f2-f19a-4bac-a5b9-dd79e7263703,234,248,1,Main.c.txQueue,queue_length,count,integer,2,1400000000,,,c:28,,,
1,28fc35f2-f19a-4bac-a5b9-dd79e7263703,235,253,0,Main.a.txQueue,buffer_utilization,1,number,1.0000000000000000e+0,1450000000,,,a:29,,,
1,28fc35f2-f19a-4bac-a5b9-dd79e7263703,236,253,1,Main.a.txQueue,queue_length,count,integer,2,1450000000,,,a:29,,,
1,28fc35f2-f19a-4bac-a5b9-dd79e7263703,237,254,0,Main.b.txQueue,buffer_utilization,1,number,1.0000000000000000e+0,1450000000,,,b:29,,,
1,28fc35f2-f19a-4bac-a5b9-dd79e7263703,238,254,1,Main.b.txQueue,queue_length,count,integer,2,1450000000,,,b:29,,,
1,28fc35f2-f19a-4bac-a5b9-dd79e7263703,239,255,0,Main.c.txQueue,buffer_utilization,1,number,1.0000000000000000e+0,1450000000,,,c:29,,,
1,28fc35f2-f19a-4bac-a5b9-dd79e7263703,240,255,1,Main.c.txQueue,queue_length,count,integer,2,1450000000,,,c:29,,,
1,28fc35f2-f19a-4bac-a5b9-dd79e7263703,241,218,0,Main.bus,transfer_ps,ps,integer,238000000,1458000000,,,a:15,,,
1,28fc35f2-f19a-4bac-a5b9-dd79e7263703,242,258,0,Main.b,delivery_ps,ps,integer,708000000,1458000000,,,a:15,Main.b,,
1,28fc35f2-f19a-4bac-a5b9-dd79e7263703,243,259,0,Main.c,delivery_ps,ps,integer,708000000,1458000000,,,a:15,Main.c,,
1,28fc35f2-f19a-4bac-a5b9-dd79e7263703,244,260,0,Main.a,arbitration_wait_ps,ps,integer,464000000,1464000000,,,a:20,,,
1,28fc35f2-f19a-4bac-a5b9-dd79e7263703,245,260,1,Main.a,tx_wait_ps,ps,integer,464000000,1464000000,,,a:20,,,
1,28fc35f2-f19a-4bac-a5b9-dd79e7263703,246,260,2,Main.a.txQueue,buffer_utilization,1,number,5.0000000000000000e-1,1464000000,,,a:20,,,
1,28fc35f2-f19a-4bac-a5b9-dd79e7263703,247,260,3,Main.a.txQueue,queue_length,count,integer,1,1464000000,,,a:20,,,
1,28fc35f2-f19a-4bac-a5b9-dd79e7263703,248,267,0,Main.a.txQueue,buffer_utilization,1,number,1.0000000000000000e+0,1500000000,,,a:30,,,
1,28fc35f2-f19a-4bac-a5b9-dd79e7263703,249,267,1,Main.a.txQueue,queue_length,count,integer,2,1500000000,,,a:30,,,
1,28fc35f2-f19a-4bac-a5b9-dd79e7263703,250,268,0,Main.b.txQueue,buffer_utilization,1,number,1.0000000000000000e+0,1500000000,,,b:30,,,
1,28fc35f2-f19a-4bac-a5b9-dd79e7263703,251,268,1,Main.b.txQueue,queue_length,count,integer,2,1500000000,,,b:30,,,
1,28fc35f2-f19a-4bac-a5b9-dd79e7263703,252,269,0,Main.c.txQueue,buffer_utilization,1,number,1.0000000000000000e+0,1500000000,,,c:30,,,
1,28fc35f2-f19a-4bac-a5b9-dd79e7263703,253,269,1,Main.c.txQueue,queue_length,count,integer,2,1500000000,,,c:30,,,
1,28fc35f2-f19a-4bac-a5b9-dd79e7263703,254,275,0,Main.a.txQueue,buffer_utilization,1,number,1.0000000000000000e+0,1550000000,,,a:31,,,
1,28fc35f2-f19a-4bac-a5b9-dd79e7263703,255,275,1,Main.a.txQueue,queue_length,count,integer,2,1550000000,,,a:31,,,
1,28fc35f2-f19a-4bac-a5b9-dd79e7263703,256,276,0,Main.b.txQueue,buffer_utilization,1,number,1.0000000000000000e+0,1550000000,,,b:31,,,
1,28fc35f2-f19a-4bac-a5b9-dd79e7263703,257,276,1,Main.b.txQueue,queue_length,count,integer,2,1550000000,,,b:31,,,
1,28fc35f2-f19a-4bac-a5b9-dd79e7263703,258,277,0,Main.c.txQueue,buffer_utilization,1,number,1.0000000000000000e+0,1550000000,,,c:31,,,
1,28fc35f2-f19a-4bac-a5b9-dd79e7263703,259,277,1,Main.c.txQueue,queue_length,count,integer,2,1550000000,,,c:31,,,
1,28fc35f2-f19a-4bac-a5b9-dd79e7263703,260,282,0,Main.a.txQueue,buffer_utilization,1,number,1.0000000000000000e+0,1600000000,,,a:32,,,
1,28fc35f2-f19a-4bac-a5b9-dd79e7263703,261,282,1,Main.a.txQueue,queue_length,count,integer,2,1600000000,,,a:32,,,
1,28fc35f2-f19a-4bac-a5b9-dd79e7263703,262,283,0,Main.b.txQueue,buffer_utilization,1,number,1.0000000000000000e+0,1600000000,,,b:32,,,
1,28fc35f2-f19a-4bac-a5b9-dd79e7263703,263,283,1,Main.b.txQueue,queue_length,count,integer,2,1600000000,,,b:32,,,
1,28fc35f2-f19a-4bac-a5b9-dd79e7263703,264,284,0,Main.c.txQueue,buffer_utilization,1,number,1.0000000000000000e+0,1600000000,,,c:32,,,
1,28fc35f2-f19a-4bac-a5b9-dd79e7263703,265,284,1,Main.c.txQueue,queue_length,count,integer,2,1600000000,,,c:32,,,
1,28fc35f2-f19a-4bac-a5b9-dd79e7263703,266,289,0,Main.a.txQueue,buffer_utilization,1,number,1.0000000000000000e+0,1650000000,,,a:33,,,
1,28fc35f2-f19a-4bac-a5b9-dd79e7263703,267,289,1,Main.a.txQueue,queue_length,count,integer,2,1650000000,,,a:33,,,
1,28fc35f2-f19a-4bac-a5b9-dd79e7263703,268,290,0,Main.b.txQueue,buffer_utilization,1,number,1.0000000000000000e+0,1650000000,,,b:33,,,
1,28fc35f2-f19a-4bac-a5b9-dd79e7263703,269,290,1,Main.b.txQueue,queue_length,count,integer,2,1650000000,,,b:33,,,
1,28fc35f2-f19a-4bac-a5b9-dd79e7263703,270,291,0,Main.c.txQueue,buffer_utilization,1,number,1.0000000000000000e+0,1650000000,,,c:33,,,
1,28fc35f2-f19a-4bac-a5b9-dd79e7263703,271,291,1,Main.c.txQueue,queue_length,count,integer,2,1650000000,,,c:33,,,
1,28fc35f2-f19a-4bac-a5b9-dd79e7263703,272,296,0,Main.a.txQueue,buffer_utilization,1,number,1.0000000000000000e+0,1700000000,,,a:34,,,
1,28fc35f2-f19a-4bac-a5b9-dd79e7263703,273,296,1,Main.a.txQueue,queue_length,count,integer,2,1700000000,,,a:34,,,
1,28fc35f2-f19a-4bac-a5b9-dd79e7263703,274,297,0,Main.b.txQueue,buffer_utilization,1,number,1.0000000000000000e+0,1700000000,,,b:34,,,
1,28fc35f2-f19a-4bac-a5b9-dd79e7263703,275,297,1,Main.b.txQueue,queue_length,count,integer,2,1700000000,,,b:34,,,
1,28fc35f2-f19a-4bac-a5b9-dd79e7263703,276,298,0,Main.c.txQueue,buffer_utilization,1,number,1.0000000000000000e+0,1700000000,,,c:34,,,
1,28fc35f2-f19a-4bac-a5b9-dd79e7263703,277,298,1,Main.c.txQueue,queue_length,count,integer,2,1700000000,,,c:34,,,
1,28fc35f2-f19a-4bac-a5b9-dd79e7263703,278,261,0,Main.bus,transfer_ps,ps,integer,238000000,1702000000,,,a:20,,,
1,28fc35f2-f19a-4bac-a5b9-dd79e7263703,279,301,0,Main.b,delivery_ps,ps,integer,702000000,1702000000,,,a:20,Main.b,,
1,28fc35f2-f19a-4bac-a5b9-dd79e7263703,280,302,0,Main.c,delivery_ps,ps,integer,702000000,1702000000,,,a:20,Main.c,,
1,28fc35f2-f19a-4bac-a5b9-dd79e7263703,281,303,0,Main.a,arbitration_wait_ps,ps,integer,458000000,1708000000,,,a:25,,,
1,28fc35f2-f19a-4bac-a5b9-dd79e7263703,282,303,1,Main.a,tx_wait_ps,ps,integer,458000000,1708000000,,,a:25,,,
1,28fc35f2-f19a-4bac-a5b9-dd79e7263703,283,303,2,Main.a.txQueue,buffer_utilization,1,number,5.0000000000000000e-1,1708000000,,,a:25,,,
1,28fc35f2-f19a-4bac-a5b9-dd79e7263703,284,303,3,Main.a.txQueue,queue_length,count,integer,1,1708000000,,,a:25,,,
1,28fc35f2-f19a-4bac-a5b9-dd79e7263703,285,310,0,Main.a.txQueue,buffer_utilization,1,number,1.0000000000000000e+0,1750000000,,,a:35,,,
1,28fc35f2-f19a-4bac-a5b9-dd79e7263703,286,310,1,Main.a.txQueue,queue_length,count,integer,2,1750000000,,,a:35,,,
1,28fc35f2-f19a-4bac-a5b9-dd79e7263703,287,311,0,Main.b.txQueue,buffer_utilization,1,number,1.0000000000000000e+0,1750000000,,,b:35,,,
1,28fc35f2-f19a-4bac-a5b9-dd79e7263703,288,311,1,Main.b.txQueue,queue_length,count,integer,2,1750000000,,,b:35,,,
1,28fc35f2-f19a-4bac-a5b9-dd79e7263703,289,312,0,Main.c.txQueue,buffer_utilization,1,number,1.0000000000000000e+0,1750000000,,,c:35,,,
1,28fc35f2-f19a-4bac-a5b9-dd79e7263703,290,312,1,Main.c.txQueue,queue_length,count,integer,2,1750000000,,,c:35,,,
1,28fc35f2-f19a-4bac-a5b9-dd79e7263703,291,318,0,Main.a.txQueue,buffer_utilization,1,number,1.0000000000000000e+0,1800000000,,,a:36,,,
1,28fc35f2-f19a-4bac-a5b9-dd79e7263703,292,318,1,Main.a.txQueue,queue_length,count,integer,2,1800000000,,,a:36,,,
1,28fc35f2-f19a-4bac-a5b9-dd79e7263703,293,319,0,Main.b.txQueue,buffer_utilization,1,number,1.0000000000000000e+0,1800000000,,,b:36,,,
1,28fc35f2-f19a-4bac-a5b9-dd79e7263703,294,319,1,Main.b.txQueue,queue_length,count,integer,2,1800000000,,,b:36,,,
1,28fc35f2-f19a-4bac-a5b9-dd79e7263703,295,320,0,Main.c.txQueue,buffer_utilization,1,number,1.0000000000000000e+0,1800000000,,,c:36,,,
1,28fc35f2-f19a-4bac-a5b9-dd79e7263703,296,320,1,Main.c.txQueue,queue_length,count,integer,2,1800000000,,,c:36,,,
1,28fc35f2-f19a-4bac-a5b9-dd79e7263703,297,325,0,Main.a.txQueue,buffer_utilization,1,number,1.0000000000000000e+0,1850000000,,,a:37,,,
1,28fc35f2-f19a-4bac-a5b9-dd79e7263703,298,325,1,Main.a.txQueue,queue_length,count,integer,2,1850000000,,,a:37,,,
1,28fc35f2-f19a-4bac-a5b9-dd79e7263703,299,326,0,Main.b.txQueue,buffer_utilization,1,number,1.0000000000000000e+0,1850000000,,,b:37,,,
1,28fc35f2-f19a-4bac-a5b9-dd79e7263703,300,326,1,Main.b.txQueue,queue_length,count,integer,2,1850000000,,,b:37,,,
1,28fc35f2-f19a-4bac-a5b9-dd79e7263703,301,327,0,Main.c.txQueue,buffer_utilization,1,number,1.0000000000000000e+0,1850000000,,,c:37,,,
1,28fc35f2-f19a-4bac-a5b9-dd79e7263703,302,327,1,Main.c.txQueue,queue_length,count,integer,2,1850000000,,,c:37,,,
1,28fc35f2-f19a-4bac-a5b9-dd79e7263703,303,332,0,Main.a.txQueue,buffer_utilization,1,number,1.0000000000000000e+0,1900000000,,,a:38,,,
1,28fc35f2-f19a-4bac-a5b9-dd79e7263703,304,332,1,Main.a.txQueue,queue_length,count,integer,2,1900000000,,,a:38,,,
1,28fc35f2-f19a-4bac-a5b9-dd79e7263703,305,333,0,Main.b.txQueue,buffer_utilization,1,number,1.0000000000000000e+0,1900000000,,,b:38,,,
1,28fc35f2-f19a-4bac-a5b9-dd79e7263703,306,333,1,Main.b.txQueue,queue_length,count,integer,2,1900000000,,,b:38,,,
1,28fc35f2-f19a-4bac-a5b9-dd79e7263703,307,334,0,Main.c.txQueue,buffer_utilization,1,number,1.0000000000000000e+0,1900000000,,,c:38,,,
1,28fc35f2-f19a-4bac-a5b9-dd79e7263703,308,334,1,Main.c.txQueue,queue_length,count,integer,2,1900000000,,,c:38,,,
1,28fc35f2-f19a-4bac-a5b9-dd79e7263703,309,304,0,Main.bus,transfer_ps,ps,integer,238000000,1946000000,,,a:25,,,
1,28fc35f2-f19a-4bac-a5b9-dd79e7263703,310,337,0,Main.b,delivery_ps,ps,integer,696000000,1946000000,,,a:25,Main.b,,
1,28fc35f2-f19a-4bac-a5b9-dd79e7263703,311,338,0,Main.c,delivery_ps,ps,integer,696000000,1946000000,,,a:25,Main.c,,
1,28fc35f2-f19a-4bac-a5b9-dd79e7263703,312,343,0,Main.a.txQueue,buffer_utilization,1,number,1.0000000000000000e+0,1950000000,,,a:39,,,
1,28fc35f2-f19a-4bac-a5b9-dd79e7263703,313,343,1,Main.a.txQueue,queue_length,count,integer,2,1950000000,,,a:39,,,
1,28fc35f2-f19a-4bac-a5b9-dd79e7263703,314,344,0,Main.b.txQueue,buffer_utilization,1,number,1.0000000000000000e+0,1950000000,,,b:39,,,
1,28fc35f2-f19a-4bac-a5b9-dd79e7263703,315,344,1,Main.b.txQueue,queue_length,count,integer,2,1950000000,,,b:39,,,
1,28fc35f2-f19a-4bac-a5b9-dd79e7263703,316,345,0,Main.c.txQueue,buffer_utilization,1,number,1.0000000000000000e+0,1950000000,,,c:39,,,
1,28fc35f2-f19a-4bac-a5b9-dd79e7263703,317,345,1,Main.c.txQueue,queue_length,count,integer,2,1950000000,,,c:39,,,
1,28fc35f2-f19a-4bac-a5b9-dd79e7263703,318,346,0,Main.a,arbitration_wait_ps,ps,integer,452000000,1952000000,,,a:30,,,
1,28fc35f2-f19a-4bac-a5b9-dd79e7263703,319,346,1,Main.a,tx_wait_ps,ps,integer,452000000,1952000000,,,a:30,,,
1,28fc35f2-f19a-4bac-a5b9-dd79e7263703,320,346,2,Main.a.txQueue,buffer_utilization,1,number,5.0000000000000000e-1,1952000000,,,a:30,,,
1,28fc35f2-f19a-4bac-a5b9-dd79e7263703,321,346,3,Main.a.txQueue,queue_length,count,integer,1,1952000000,,,a:30,,,
1,28fc35f2-f19a-4bac-a5b9-dd79e7263703,322,,,Main.a,received_payload_bits,bit,integer,0,,1000000000,2000000000,,Main.a,,
1,28fc35f2-f19a-4bac-a5b9-dd79e7263703,323,,,Main.a,received_throughput_bps,bit/s,number,0.0000000000000000e+0,,1000000000,2000000000,,Main.a,,
1,28fc35f2-f19a-4bac-a5b9-dd79e7263703,324,,,Main.a.txQueue,buffer_utilization_mean,1,number,9.2200000000000004e-1,,1000000000,2000000000,,,,
1,28fc35f2-f19a-4bac-a5b9-dd79e7263703,325,,,Main.b,received_payload_bits,bit,integer,256,,1000000000,2000000000,,Main.b,,
1,28fc35f2-f19a-4bac-a5b9-dd79e7263703,326,,,Main.b,received_throughput_bps,bit/s,number,2.5600000000000000e+5,,1000000000,2000000000,,Main.b,,
1,28fc35f2-f19a-4bac-a5b9-dd79e7263703,327,,,Main.b.txQueue,buffer_utilization_mean,1,number,1.0000000000000000e+0,,1000000000,2000000000,,,,
1,28fc35f2-f19a-4bac-a5b9-dd79e7263703,328,,,Main.bus,bus_utilization,1,number,1.0000000000000000e+0,,1000000000,2000000000,,,,
1,28fc35f2-f19a-4bac-a5b9-dd79e7263703,329,,,Main.bus,frame_utilization,1,number,9.7599999999999998e-1,,1000000000,2000000000,,,,
1,28fc35f2-f19a-4bac-a5b9-dd79e7263703,330,,,Main.bus,occupied_bits,bit,integer,488,,1000000000,2000000000,,,,
1,28fc35f2-f19a-4bac-a5b9-dd79e7263703,331,,,Main.bus,payload_bits,bit,integer,256,,1000000000,2000000000,,,,
1,28fc35f2-f19a-4bac-a5b9-dd79e7263703,332,,,Main.bus,payload_throughput_bps,bit/s,number,2.5600000000000000e+5,,1000000000,2000000000,,,,
1,28fc35f2-f19a-4bac-a5b9-dd79e7263703,333,,,Main.bus,serialized_bits,bit,integer,476,,1000000000,2000000000,,,,
1,28fc35f2-f19a-4bac-a5b9-dd79e7263703,334,,,Main.bus,serialized_throughput_bps,bit/s,number,4.7600000000000000e+5,,1000000000,2000000000,,,,
1,28fc35f2-f19a-4bac-a5b9-dd79e7263703,335,,,Main.c,received_payload_bits,bit,integer,256,,1000000000,2000000000,,Main.c,,
1,28fc35f2-f19a-4bac-a5b9-dd79e7263703,336,,,Main.c,received_throughput_bps,bit/s,number,2.5600000000000000e+5,,1000000000,2000000000,,Main.c,,
1,28fc35f2-f19a-4bac-a5b9-dd79e7263703,337,,,Main.c.txQueue,buffer_utilization_mean,1,number,1.0000000000000000e+0,,1000000000,2000000000,,,,
1,28fc35f2-f19a-4bac-a5b9-dd79e7263703,338,353,0,Main.a.txQueue,buffer_utilization,1,number,1.0000000000000000e+0,2000000000,,,a:40,,,
1,28fc35f2-f19a-4bac-a5b9-dd79e7263703,339,353,1,Main.a.txQueue,queue_length,count,integer,2,2000000000,,,a:40,,,
1,28fc35f2-f19a-4bac-a5b9-dd79e7263703,340,354,0,Main.b.txQueue,buffer_utilization,1,number,1.0000000000000000e+0,2000000000,,,b:40,,,
1,28fc35f2-f19a-4bac-a5b9-dd79e7263703,341,354,1,Main.b.txQueue,queue_length,count,integer,2,2000000000,,,b:40,,,
1,28fc35f2-f19a-4bac-a5b9-dd79e7263703,342,355,0,Main.c.txQueue,buffer_utilization,1,number,1.0000000000000000e+0,2000000000,,,c:40,,,
1,28fc35f2-f19a-4bac-a5b9-dd79e7263703,343,355,1,Main.c.txQueue,queue_length,count,integer,2,2000000000,,,c:40,,,
1,28fc35f2-f19a-4bac-a5b9-dd79e7263703,344,361,0,Main.a.txQueue,buffer_utilization,1,number,1.0000000000000000e+0,2050000000,,,a:41,,,
1,28fc35f2-f19a-4bac-a5b9-dd79e7263703,345,361,1,Main.a.txQueue,queue_length,count,integer,2,2050000000,,,a:41,,,
1,28fc35f2-f19a-4bac-a5b9-dd79e7263703,346,362,0,Main.b.txQueue,buffer_utilization,1,number,1.0000000000000000e+0,2050000000,,,b:41,,,
1,28fc35f2-f19a-4bac-a5b9-dd79e7263703,347,362,1,Main.b.txQueue,queue_length,count,integer,2,2050000000,,,b:41,,,
1,28fc35f2-f19a-4bac-a5b9-dd79e7263703,348,363,0,Main.c.txQueue,buffer_utilization,1,number,1.0000000000000000e+0,2050000000,,,c:41,,,
1,28fc35f2-f19a-4bac-a5b9-dd79e7263703,349,363,1,Main.c.txQueue,queue_length,count,integer,2,2050000000,,,c:41,,,
1,28fc35f2-f19a-4bac-a5b9-dd79e7263703,350,368,0,Main.a.txQueue,buffer_utilization,1,number,1.0000000000000000e+0,2100000000,,,a:42,,,
1,28fc35f2-f19a-4bac-a5b9-dd79e7263703,351,368,1,Main.a.txQueue,queue_length,count,integer,2,2100000000,,,a:42,,,
1,28fc35f2-f19a-4bac-a5b9-dd79e7263703,352,369,0,Main.b.txQueue,buffer_utilization,1,number,1.0000000000000000e+0,2100000000,,,b:42,,,
1,28fc35f2-f19a-4bac-a5b9-dd79e7263703,353,369,1,Main.b.txQueue,queue_length,count,integer,2,2100000000,,,b:42,,,
1,28fc35f2-f19a-4bac-a5b9-dd79e7263703,354,370,0,Main.c.txQueue,buffer_utilization,1,number,1.0000000000000000e+0,2100000000,,,c:42,,,
1,28fc35f2-f19a-4bac-a5b9-dd79e7263703,355,370,1,Main.c.txQueue,queue_length,count,integer,2,2100000000,,,c:42,,,
1,28fc35f2-f19a-4bac-a5b9-dd79e7263703,356,375,0,Main.a.txQueue,buffer_utilization,1,number,1.0000000000000000e+0,2150000000,,,a:43,,,
1,28fc35f2-f19a-4bac-a5b9-dd79e7263703,357,375,1,Main.a.txQueue,queue_length,count,integer,2,2150000000,,,a:43,,,
1,28fc35f2-f19a-4bac-a5b9-dd79e7263703,358,376,0,Main.b.txQueue,buffer_utilization,1,number,1.0000000000000000e+0,2150000000,,,b:43,,,
1,28fc35f2-f19a-4bac-a5b9-dd79e7263703,359,376,1,Main.b.txQueue,queue_length,count,integer,2,2150000000,,,b:43,,,
1,28fc35f2-f19a-4bac-a5b9-dd79e7263703,360,377,0,Main.c.txQueue,buffer_utilization,1,number,1.0000000000000000e+0,2150000000,,,c:43,,,
1,28fc35f2-f19a-4bac-a5b9-dd79e7263703,361,377,1,Main.c.txQueue,queue_length,count,integer,2,2150000000,,,c:43,,,
1,28fc35f2-f19a-4bac-a5b9-dd79e7263703,362,347,0,Main.bus,transfer_ps,ps,integer,238000000,2190000000,,,a:30,,,
1,28fc35f2-f19a-4bac-a5b9-dd79e7263703,363,380,0,Main.b,delivery_ps,ps,integer,690000000,2190000000,,,a:30,Main.b,,
1,28fc35f2-f19a-4bac-a5b9-dd79e7263703,364,381,0,Main.c,delivery_ps,ps,integer,690000000,2190000000,,,a:30,Main.c,,
1,28fc35f2-f19a-4bac-a5b9-dd79e7263703,365,382,0,Main.a,arbitration_wait_ps,ps,integer,446000000,2196000000,,,a:35,,,
1,28fc35f2-f19a-4bac-a5b9-dd79e7263703,366,382,1,Main.a,tx_wait_ps,ps,integer,446000000,2196000000,,,a:35,,,
1,28fc35f2-f19a-4bac-a5b9-dd79e7263703,367,382,2,Main.a.txQueue,buffer_utilization,1,number,5.0000000000000000e-1,2196000000,,,a:35,,,
1,28fc35f2-f19a-4bac-a5b9-dd79e7263703,368,382,3,Main.a.txQueue,queue_length,count,integer,1,2196000000,,,a:35,,,
1,28fc35f2-f19a-4bac-a5b9-dd79e7263703,369,389,0,Main.a.txQueue,buffer_utilization,1,number,1.0000000000000000e+0,2200000000,,,a:44,,,
1,28fc35f2-f19a-4bac-a5b9-dd79e7263703,370,389,1,Main.a.txQueue,queue_length,count,integer,2,2200000000,,,a:44,,,
1,28fc35f2-f19a-4bac-a5b9-dd79e7263703,371,390,0,Main.b.txQueue,buffer_utilization,1,number,1.0000000000000000e+0,2200000000,,,b:44,,,
1,28fc35f2-f19a-4bac-a5b9-dd79e7263703,372,390,1,Main.b.txQueue,queue_length,count,integer,2,2200000000,,,b:44,,,
1,28fc35f2-f19a-4bac-a5b9-dd79e7263703,373,391,0,Main.c.txQueue,buffer_utilization,1,number,1.0000000000000000e+0,2200000000,,,c:44,,,
1,28fc35f2-f19a-4bac-a5b9-dd79e7263703,374,391,1,Main.c.txQueue,queue_length,count,integer,2,2200000000,,,c:44,,,
1,28fc35f2-f19a-4bac-a5b9-dd79e7263703,375,397,0,Main.a.txQueue,buffer_utilization,1,number,1.0000000000000000e+0,2250000000,,,a:45,,,
1,28fc35f2-f19a-4bac-a5b9-dd79e7263703,376,397,1,Main.a.txQueue,queue_length,count,integer,2,2250000000,,,a:45,,,
1,28fc35f2-f19a-4bac-a5b9-dd79e7263703,377,398,0,Main.b.txQueue,buffer_utilization,1,number,1.0000000000000000e+0,2250000000,,,b:45,,,
1,28fc35f2-f19a-4bac-a5b9-dd79e7263703,378,398,1,Main.b.txQueue,queue_length,count,integer,2,2250000000,,,b:45,,,
1,28fc35f2-f19a-4bac-a5b9-dd79e7263703,379,399,0,Main.c.txQueue,buffer_utilization,1,number,1.0000000000000000e+0,2250000000,,,c:45,,,
1,28fc35f2-f19a-4bac-a5b9-dd79e7263703,380,399,1,Main.c.txQueue,queue_length,count,integer,2,2250000000,,,c:45,,,
1,28fc35f2-f19a-4bac-a5b9-dd79e7263703,381,404,0,Main.a.txQueue,buffer_utilization,1,number,1.0000000000000000e+0,2300000000,,,a:46,,,
1,28fc35f2-f19a-4bac-a5b9-dd79e7263703,382,404,1,Main.a.txQueue,queue_length,count,integer,2,2300000000,,,a:46,,,
1,28fc35f2-f19a-4bac-a5b9-dd79e7263703,383,405,0,Main.b.txQueue,buffer_utilization,1,number,1.0000000000000000e+0,2300000000,,,b:46,,,
1,28fc35f2-f19a-4bac-a5b9-dd79e7263703,384,405,1,Main.b.txQueue,queue_length,count,integer,2,2300000000,,,b:46,,,
1,28fc35f2-f19a-4bac-a5b9-dd79e7263703,385,406,0,Main.c.txQueue,buffer_utilization,1,number,1.0000000000000000e+0,2300000000,,,c:46,,,
1,28fc35f2-f19a-4bac-a5b9-dd79e7263703,386,406,1,Main.c.txQueue,queue_length,count,integer,2,2300000000,,,c:46,,,
1,28fc35f2-f19a-4bac-a5b9-dd79e7263703,387,411,0,Main.a.txQueue,buffer_utilization,1,number,1.0000000000000000e+0,2350000000,,,a:47,,,
1,28fc35f2-f19a-4bac-a5b9-dd79e7263703,388,411,1,Main.a.txQueue,queue_length,count,integer,2,2350000000,,,a:47,,,
1,28fc35f2-f19a-4bac-a5b9-dd79e7263703,389,412,0,Main.b.txQueue,buffer_utilization,1,number,1.0000000000000000e+0,2350000000,,,b:47,,,
1,28fc35f2-f19a-4bac-a5b9-dd79e7263703,390,412,1,Main.b.txQueue,queue_length,count,integer,2,2350000000,,,b:47,,,
1,28fc35f2-f19a-4bac-a5b9-dd79e7263703,391,413,0,Main.c.txQueue,buffer_utilization,1,number,1.0000000000000000e+0,2350000000,,,c:47,,,
1,28fc35f2-f19a-4bac-a5b9-dd79e7263703,392,413,1,Main.c.txQueue,queue_length,count,integer,2,2350000000,,,c:47,,,
1,28fc35f2-f19a-4bac-a5b9-dd79e7263703,393,418,0,Main.a.txQueue,buffer_utilization,1,number,1.0000000000000000e+0,2400000000,,,a:48,,,
1,28fc35f2-f19a-4bac-a5b9-dd79e7263703,394,418,1,Main.a.txQueue,queue_length,count,integer,2,2400000000,,,a:48,,,
1,28fc35f2-f19a-4bac-a5b9-dd79e7263703,395,419,0,Main.b.txQueue,buffer_utilization,1,number,1.0000000000000000e+0,2400000000,,,b:48,,,
1,28fc35f2-f19a-4bac-a5b9-dd79e7263703,396,419,1,Main.b.txQueue,queue_length,count,integer,2,2400000000,,,b:48,,,
1,28fc35f2-f19a-4bac-a5b9-dd79e7263703,397,420,0,Main.c.txQueue,buffer_utilization,1,number,1.0000000000000000e+0,2400000000,,,c:48,,,
1,28fc35f2-f19a-4bac-a5b9-dd79e7263703,398,420,1,Main.c.txQueue,queue_length,count,integer,2,2400000000,,,c:48,,,
1,28fc35f2-f19a-4bac-a5b9-dd79e7263703,399,383,0,Main.bus,transfer_ps,ps,integer,238000000,2434000000,,,a:35,,,
1,28fc35f2-f19a-4bac-a5b9-dd79e7263703,400,423,0,Main.b,delivery_ps,ps,integer,684000000,2434000000,,,a:35,Main.b,,
1,28fc35f2-f19a-4bac-a5b9-dd79e7263703,401,424,0,Main.c,delivery_ps,ps,integer,684000000,2434000000,,,a:35,Main.c,,
1,28fc35f2-f19a-4bac-a5b9-dd79e7263703,402,425,0,Main.a,arbitration_wait_ps,ps,integer,440000000,2440000000,,,a:40,,,
1,28fc35f2-f19a-4bac-a5b9-dd79e7263703,403,425,1,Main.a,tx_wait_ps,ps,integer,440000000,2440000000,,,a:40,,,
1,28fc35f2-f19a-4bac-a5b9-dd79e7263703,404,425,2,Main.a.txQueue,buffer_utilization,1,number,5.0000000000000000e-1,2440000000,,,a:40,,,
1,28fc35f2-f19a-4bac-a5b9-dd79e7263703,405,425,3,Main.a.txQueue,queue_length,count,integer,1,2440000000,,,a:40,,,
1,28fc35f2-f19a-4bac-a5b9-dd79e7263703,406,432,0,Main.a.txQueue,buffer_utilization,1,number,1.0000000000000000e+0,2450000000,,,a:49,,,
1,28fc35f2-f19a-4bac-a5b9-dd79e7263703,407,432,1,Main.a.txQueue,queue_length,count,integer,2,2450000000,,,a:49,,,
1,28fc35f2-f19a-4bac-a5b9-dd79e7263703,408,433,0,Main.b.txQueue,buffer_utilization,1,number,1.0000000000000000e+0,2450000000,,,b:49,,,
1,28fc35f2-f19a-4bac-a5b9-dd79e7263703,409,433,1,Main.b.txQueue,queue_length,count,integer,2,2450000000,,,b:49,,,
1,28fc35f2-f19a-4bac-a5b9-dd79e7263703,410,434,0,Main.c.txQueue,buffer_utilization,1,number,1.0000000000000000e+0,2450000000,,,c:49,,,
1,28fc35f2-f19a-4bac-a5b9-dd79e7263703,411,434,1,Main.c.txQueue,queue_length,count,integer,2,2450000000,,,c:49,,,
1,28fc35f2-f19a-4bac-a5b9-dd79e7263703,412,440,0,Main.a.txQueue,buffer_utilization,1,number,1.0000000000000000e+0,2500000000,,,a:50,,,
1,28fc35f2-f19a-4bac-a5b9-dd79e7263703,413,440,1,Main.a.txQueue,queue_length,count,integer,2,2500000000,,,a:50,,,
1,28fc35f2-f19a-4bac-a5b9-dd79e7263703,414,441,0,Main.b.txQueue,buffer_utilization,1,number,1.0000000000000000e+0,2500000000,,,b:50,,,
1,28fc35f2-f19a-4bac-a5b9-dd79e7263703,415,441,1,Main.b.txQueue,queue_length,count,integer,2,2500000000,,,b:50,,,
1,28fc35f2-f19a-4bac-a5b9-dd79e7263703,416,442,0,Main.c.txQueue,buffer_utilization,1,number,1.0000000000000000e+0,2500000000,,,c:50,,,
1,28fc35f2-f19a-4bac-a5b9-dd79e7263703,417,442,1,Main.c.txQueue,queue_length,count,integer,2,2500000000,,,c:50,,,
1,28fc35f2-f19a-4bac-a5b9-dd79e7263703,418,447,0,Main.a.txQueue,buffer_utilization,1,number,1.0000000000000000e+0,2550000000,,,a:51,,,
1,28fc35f2-f19a-4bac-a5b9-dd79e7263703,419,447,1,Main.a.txQueue,queue_length,count,integer,2,2550000000,,,a:51,,,
1,28fc35f2-f19a-4bac-a5b9-dd79e7263703,420,448,0,Main.b.txQueue,buffer_utilization,1,number,1.0000000000000000e+0,2550000000,,,b:51,,,
1,28fc35f2-f19a-4bac-a5b9-dd79e7263703,421,448,1,Main.b.txQueue,queue_length,count,integer,2,2550000000,,,b:51,,,
1,28fc35f2-f19a-4bac-a5b9-dd79e7263703,422,449,0,Main.c.txQueue,buffer_utilization,1,number,1.0000000000000000e+0,2550000000,,,c:51,,,
1,28fc35f2-f19a-4bac-a5b9-dd79e7263703,423,449,1,Main.c.txQueue,queue_length,count,integer,2,2550000000,,,c:51,,,
1,28fc35f2-f19a-4bac-a5b9-dd79e7263703,424,454,0,Main.a.txQueue,buffer_utilization,1,number,1.0000000000000000e+0,2600000000,,,a:52,,,
1,28fc35f2-f19a-4bac-a5b9-dd79e7263703,425,454,1,Main.a.txQueue,queue_length,count,integer,2,2600000000,,,a:52,,,
1,28fc35f2-f19a-4bac-a5b9-dd79e7263703,426,455,0,Main.b.txQueue,buffer_utilization,1,number,1.0000000000000000e+0,2600000000,,,b:52,,,
1,28fc35f2-f19a-4bac-a5b9-dd79e7263703,427,455,1,Main.b.txQueue,queue_length,count,integer,2,2600000000,,,b:52,,,
1,28fc35f2-f19a-4bac-a5b9-dd79e7263703,428,456,0,Main.c.txQueue,buffer_utilization,1,number,1.0000000000000000e+0,2600000000,,,c:52,,,
1,28fc35f2-f19a-4bac-a5b9-dd79e7263703,429,456,1,Main.c.txQueue,queue_length,count,integer,2,2600000000,,,c:52,,,
1,28fc35f2-f19a-4bac-a5b9-dd79e7263703,430,461,0,Main.a.txQueue,buffer_utilization,1,number,1.0000000000000000e+0,2650000000,,,a:53,,,
1,28fc35f2-f19a-4bac-a5b9-dd79e7263703,431,461,1,Main.a.txQueue,queue_length,count,integer,2,2650000000,,,a:53,,,
1,28fc35f2-f19a-4bac-a5b9-dd79e7263703,432,462,0,Main.b.txQueue,buffer_utilization,1,number,1.0000000000000000e+0,2650000000,,,b:53,,,
1,28fc35f2-f19a-4bac-a5b9-dd79e7263703,433,462,1,Main.b.txQueue,queue_length,count,integer,2,2650000000,,,b:53,,,
1,28fc35f2-f19a-4bac-a5b9-dd79e7263703,434,463,0,Main.c.txQueue,buffer_utilization,1,number,1.0000000000000000e+0,2650000000,,,c:53,,,
1,28fc35f2-f19a-4bac-a5b9-dd79e7263703,435,463,1,Main.c.txQueue,queue_length,count,integer,2,2650000000,,,c:53,,,
1,28fc35f2-f19a-4bac-a5b9-dd79e7263703,436,426,0,Main.bus,transfer_ps,ps,integer,238000000,2678000000,,,a:40,,,
1,28fc35f2-f19a-4bac-a5b9-dd79e7263703,437,466,0,Main.b,delivery_ps,ps,integer,678000000,2678000000,,,a:40,Main.b,,
1,28fc35f2-f19a-4bac-a5b9-dd79e7263703,438,467,0,Main.c,delivery_ps,ps,integer,678000000,2678000000,,,a:40,Main.c,,
1,28fc35f2-f19a-4bac-a5b9-dd79e7263703,439,468,0,Main.a,arbitration_wait_ps,ps,integer,484000000,2684000000,,,a:44,,,
1,28fc35f2-f19a-4bac-a5b9-dd79e7263703,440,468,1,Main.a,tx_wait_ps,ps,integer,484000000,2684000000,,,a:44,,,
1,28fc35f2-f19a-4bac-a5b9-dd79e7263703,441,468,2,Main.a.txQueue,buffer_utilization,1,number,5.0000000000000000e-1,2684000000,,,a:44,,,
1,28fc35f2-f19a-4bac-a5b9-dd79e7263703,442,468,3,Main.a.txQueue,queue_length,count,integer,1,2684000000,,,a:44,,,
1,28fc35f2-f19a-4bac-a5b9-dd79e7263703,443,475,0,Main.a.txQueue,buffer_utilization,1,number,1.0000000000000000e+0,2700000000,,,a:54,,,
1,28fc35f2-f19a-4bac-a5b9-dd79e7263703,444,475,1,Main.a.txQueue,queue_length,count,integer,2,2700000000,,,a:54,,,
1,28fc35f2-f19a-4bac-a5b9-dd79e7263703,445,476,0,Main.b.txQueue,buffer_utilization,1,number,1.0000000000000000e+0,2700000000,,,b:54,,,
1,28fc35f2-f19a-4bac-a5b9-dd79e7263703,446,476,1,Main.b.txQueue,queue_length,count,integer,2,2700000000,,,b:54,,,
1,28fc35f2-f19a-4bac-a5b9-dd79e7263703,447,477,0,Main.c.txQueue,buffer_utilization,1,number,1.0000000000000000e+0,2700000000,,,c:54,,,
1,28fc35f2-f19a-4bac-a5b9-dd79e7263703,448,477,1,Main.c.txQueue,queue_length,count,integer,2,2700000000,,,c:54,,,
1,28fc35f2-f19a-4bac-a5b9-dd79e7263703,449,483,0,Main.a.txQueue,buffer_utilization,1,number,1.0000000000000000e+0,2750000000,,,a:55,,,
1,28fc35f2-f19a-4bac-a5b9-dd79e7263703,450,483,1,Main.a.txQueue,queue_length,count,integer,2,2750000000,,,a:55,,,
1,28fc35f2-f19a-4bac-a5b9-dd79e7263703,451,484,0,Main.b.txQueue,buffer_utilization,1,number,1.0000000000000000e+0,2750000000,,,b:55,,,
1,28fc35f2-f19a-4bac-a5b9-dd79e7263703,452,484,1,Main.b.txQueue,queue_length,count,integer,2,2750000000,,,b:55,,,
1,28fc35f2-f19a-4bac-a5b9-dd79e7263703,453,485,0,Main.c.txQueue,buffer_utilization,1,number,1.0000000000000000e+0,2750000000,,,c:55,,,
1,28fc35f2-f19a-4bac-a5b9-dd79e7263703,454,485,1,Main.c.txQueue,queue_length,count,integer,2,2750000000,,,c:55,,,
1,28fc35f2-f19a-4bac-a5b9-dd79e7263703,455,490,0,Main.a.txQueue,buffer_utilization,1,number,1.0000000000000000e+0,2800000000,,,a:56,,,
1,28fc35f2-f19a-4bac-a5b9-dd79e7263703,456,490,1,Main.a.txQueue,queue_length,count,integer,2,2800000000,,,a:56,,,
1,28fc35f2-f19a-4bac-a5b9-dd79e7263703,457,491,0,Main.b.txQueue,buffer_utilization,1,number,1.0000000000000000e+0,2800000000,,,b:56,,,
1,28fc35f2-f19a-4bac-a5b9-dd79e7263703,458,491,1,Main.b.txQueue,queue_length,count,integer,2,2800000000,,,b:56,,,
1,28fc35f2-f19a-4bac-a5b9-dd79e7263703,459,492,0,Main.c.txQueue,buffer_utilization,1,number,1.0000000000000000e+0,2800000000,,,c:56,,,
1,28fc35f2-f19a-4bac-a5b9-dd79e7263703,460,492,1,Main.c.txQueue,queue_length,count,integer,2,2800000000,,,c:56,,,
1,28fc35f2-f19a-4bac-a5b9-dd79e7263703,461,497,0,Main.a.txQueue,buffer_utilization,1,number,1.0000000000000000e+0,2850000000,,,a:57,,,
1,28fc35f2-f19a-4bac-a5b9-dd79e7263703,462,497,1,Main.a.txQueue,queue_length,count,integer,2,2850000000,,,a:57,,,
1,28fc35f2-f19a-4bac-a5b9-dd79e7263703,463,498,0,Main.b.txQueue,buffer_utilization,1,number,1.0000000000000000e+0,2850000000,,,b:57,,,
1,28fc35f2-f19a-4bac-a5b9-dd79e7263703,464,498,1,Main.b.txQueue,queue_length,count,integer,2,2850000000,,,b:57,,,
1,28fc35f2-f19a-4bac-a5b9-dd79e7263703,465,499,0,Main.c.txQueue,buffer_utilization,1,number,1.0000000000000000e+0,2850000000,,,c:57,,,
1,28fc35f2-f19a-4bac-a5b9-dd79e7263703,466,499,1,Main.c.txQueue,queue_length,count,integer,2,2850000000,,,c:57,,,
1,28fc35f2-f19a-4bac-a5b9-dd79e7263703,467,504,0,Main.a.txQueue,buffer_utilization,1,number,1.0000000000000000e+0,2900000000,,,a:58,,,
1,28fc35f2-f19a-4bac-a5b9-dd79e7263703,468,504,1,Main.a.txQueue,queue_length,count,integer,2,2900000000,,,a:58,,,
1,28fc35f2-f19a-4bac-a5b9-dd79e7263703,469,505,0,Main.b.txQueue,buffer_utilization,1,number,1.0000000000000000e+0,2900000000,,,b:58,,,
1,28fc35f2-f19a-4bac-a5b9-dd79e7263703,470,505,1,Main.b.txQueue,queue_length,count,integer,2,2900000000,,,b:58,,,
1,28fc35f2-f19a-4bac-a5b9-dd79e7263703,471,506,0,Main.c.txQueue,buffer_utilization,1,number,1.0000000000000000e+0,2900000000,,,c:58,,,
1,28fc35f2-f19a-4bac-a5b9-dd79e7263703,472,506,1,Main.c.txQueue,queue_length,count,integer,2,2900000000,,,c:58,,,
1,28fc35f2-f19a-4bac-a5b9-dd79e7263703,473,469,0,Main.bus,transfer_ps,ps,integer,238000000,2922000000,,,a:44,,,
1,28fc35f2-f19a-4bac-a5b9-dd79e7263703,474,509,0,Main.b,delivery_ps,ps,integer,722000000,2922000000,,,a:44,Main.b,,
1,28fc35f2-f19a-4bac-a5b9-dd79e7263703,475,510,0,Main.c,delivery_ps,ps,integer,722000000,2922000000,,,a:44,Main.c,,
1,28fc35f2-f19a-4bac-a5b9-dd79e7263703,476,511,0,Main.a,arbitration_wait_ps,ps,integer,478000000,2928000000,,,a:49,,,
1,28fc35f2-f19a-4bac-a5b9-dd79e7263703,477,511,1,Main.a,tx_wait_ps,ps,integer,478000000,2928000000,,,a:49,,,
1,28fc35f2-f19a-4bac-a5b9-dd79e7263703,478,511,2,Main.a.txQueue,buffer_utilization,1,number,5.0000000000000000e-1,2928000000,,,a:49,,,
1,28fc35f2-f19a-4bac-a5b9-dd79e7263703,479,511,3,Main.a.txQueue,queue_length,count,integer,1,2928000000,,,a:49,,,
1,28fc35f2-f19a-4bac-a5b9-dd79e7263703,480,518,0,Main.a.txQueue,buffer_utilization,1,number,1.0000000000000000e+0,2950000000,,,a:59,,,
1,28fc35f2-f19a-4bac-a5b9-dd79e7263703,481,518,1,Main.a.txQueue,queue_length,count,integer,2,2950000000,,,a:59,,,
1,28fc35f2-f19a-4bac-a5b9-dd79e7263703,482,519,0,Main.b.txQueue,buffer_utilization,1,number,1.0000000000000000e+0,2950000000,,,b:59,,,
1,28fc35f2-f19a-4bac-a5b9-dd79e7263703,483,519,1,Main.b.txQueue,queue_length,count,integer,2,2950000000,,,b:59,,,
1,28fc35f2-f19a-4bac-a5b9-dd79e7263703,484,520,0,Main.c.txQueue,buffer_utilization,1,number,1.0000000000000000e+0,2950000000,,,c:59,,,
1,28fc35f2-f19a-4bac-a5b9-dd79e7263703,485,520,1,Main.c.txQueue,queue_length,count,integer,2,2950000000,,,c:59,,,
1,28fc35f2-f19a-4bac-a5b9-dd79e7263703,486,,,Main.a,received_payload_bits,bit,integer,0,,2000000000,3000000000,,Main.a,,
1,28fc35f2-f19a-4bac-a5b9-dd79e7263703,487,,,Main.a,received_throughput_bps,bit/s,number,0.0000000000000000e+0,,2000000000,3000000000,,Main.a,,
1,28fc35f2-f19a-4bac-a5b9-dd79e7263703,488,,,Main.a.txQueue,buffer_utilization_mean,1,number,9.7399999999999998e-1,,2000000000,3000000000,,,,
1,28fc35f2-f19a-4bac-a5b9-dd79e7263703,489,,,Main.b,received_payload_bits,bit,integer,256,,2000000000,3000000000,,Main.b,,
1,28fc35f2-f19a-4bac-a5b9-dd79e7263703,490,,,Main.b,received_throughput_bps,bit/s,number,2.5600000000000000e+5,,2000000000,3000000000,,Main.b,,
1,28fc35f2-f19a-4bac-a5b9-dd79e7263703,491,,,Main.b.txQueue,buffer_utilization_mean,1,number,1.0000000000000000e+0,,2000000000,3000000000,,,,
1,28fc35f2-f19a-4bac-a5b9-dd79e7263703,492,,,Main.bus,bus_utilization,1,number,1.0000000000000000e+0,,2000000000,3000000000,,,,
1,28fc35f2-f19a-4bac-a5b9-dd79e7263703,493,,,Main.bus,frame_utilization,1,number,9.7599999999999998e-1,,2000000000,3000000000,,,,
1,28fc35f2-f19a-4bac-a5b9-dd79e7263703,494,,,Main.bus,occupied_bits,bit,integer,488,,2000000000,3000000000,,,,
1,28fc35f2-f19a-4bac-a5b9-dd79e7263703,495,,,Main.bus,payload_bits,bit,integer,256,,2000000000,3000000000,,,,
1,28fc35f2-f19a-4bac-a5b9-dd79e7263703,496,,,Main.bus,payload_throughput_bps,bit/s,number,2.5600000000000000e+5,,2000000000,3000000000,,,,
1,28fc35f2-f19a-4bac-a5b9-dd79e7263703,497,,,Main.bus,serialized_bits,bit,integer,476,,2000000000,3000000000,,,,
1,28fc35f2-f19a-4bac-a5b9-dd79e7263703,498,,,Main.bus,serialized_throughput_bps,bit/s,number,4.7600000000000000e+5,,2000000000,3000000000,,,,
1,28fc35f2-f19a-4bac-a5b9-dd79e7263703,499,,,Main.c,received_payload_bits,bit,integer,256,,2000000000,3000000000,,Main.c,,
1,28fc35f2-f19a-4bac-a5b9-dd79e7263703,500,,,Main.c,received_throughput_bps,bit/s,number,2.5600000000000000e+5,,2000000000,3000000000,,Main.c,,
1,28fc35f2-f19a-4bac-a5b9-dd79e7263703,501,,,Main.c.txQueue,buffer_utilization_mean,1,number,1.0000000000000000e+0,,2000000000,3000000000,,,,
1,28fc35f2-f19a-4bac-a5b9-dd79e7263703,502,526,0,Main.a.txQueue,buffer_utilization,1,number,1.0000000000000000e+0,3000000000,,,a:60,,,
1,28fc35f2-f19a-4bac-a5b9-dd79e7263703,503,526,1,Main.a.txQueue,queue_length,count,integer,2,3000000000,,,a:60,,,
1,28fc35f2-f19a-4bac-a5b9-dd79e7263703,504,527,0,Main.b.txQueue,buffer_utilization,1,number,1.0000000000000000e+0,3000000000,,,b:60,,,
1,28fc35f2-f19a-4bac-a5b9-dd79e7263703,505,527,1,Main.b.txQueue,queue_length,count,integer,2,3000000000,,,b:60,,,
1,28fc35f2-f19a-4bac-a5b9-dd79e7263703,506,528,0,Main.c.txQueue,buffer_utilization,1,number,1.0000000000000000e+0,3000000000,,,c:60,,,
1,28fc35f2-f19a-4bac-a5b9-dd79e7263703,507,528,1,Main.c.txQueue,queue_length,count,integer,2,3000000000,,,c:60,,,
1,28fc35f2-f19a-4bac-a5b9-dd79e7263703,508,533,0,Main.a.txQueue,buffer_utilization,1,number,1.0000000000000000e+0,3050000000,,,a:61,,,
1,28fc35f2-f19a-4bac-a5b9-dd79e7263703,509,533,1,Main.a.txQueue,queue_length,count,integer,2,3050000000,,,a:61,,,
1,28fc35f2-f19a-4bac-a5b9-dd79e7263703,510,534,0,Main.b.txQueue,buffer_utilization,1,number,1.0000000000000000e+0,3050000000,,,b:61,,,
1,28fc35f2-f19a-4bac-a5b9-dd79e7263703,511,534,1,Main.b.txQueue,queue_length,count,integer,2,3050000000,,,b:61,,,
1,28fc35f2-f19a-4bac-a5b9-dd79e7263703,512,535,0,Main.c.txQueue,buffer_utilization,1,number,1.0000000000000000e+0,3050000000,,,c:61,,,
1,28fc35f2-f19a-4bac-a5b9-dd79e7263703,513,535,1,Main.c.txQueue,queue_length,count,integer,2,3050000000,,,c:61,,,
1,28fc35f2-f19a-4bac-a5b9-dd79e7263703,514,540,0,Main.a.txQueue,buffer_utilization,1,number,1.0000000000000000e+0,3100000000,,,a:62,,,
1,28fc35f2-f19a-4bac-a5b9-dd79e7263703,515,540,1,Main.a.txQueue,queue_length,count,integer,2,3100000000,,,a:62,,,
1,28fc35f2-f19a-4bac-a5b9-dd79e7263703,516,541,0,Main.b.txQueue,buffer_utilization,1,number,1.0000000000000000e+0,3100000000,,,b:62,,,
1,28fc35f2-f19a-4bac-a5b9-dd79e7263703,517,541,1,Main.b.txQueue,queue_length,count,integer,2,3100000000,,,b:62,,,
1,28fc35f2-f19a-4bac-a5b9-dd79e7263703,518,542,0,Main.c.txQueue,buffer_utilization,1,number,1.0000000000000000e+0,3100000000,,,c:62,,,
1,28fc35f2-f19a-4bac-a5b9-dd79e7263703,519,542,1,Main.c.txQueue,queue_length,count,integer,2,3100000000,,,c:62,,,
1,28fc35f2-f19a-4bac-a5b9-dd79e7263703,520,547,0,Main.a.txQueue,buffer_utilization,1,number,1.0000000000000000e+0,3150000000,,,a:63,,,
1,28fc35f2-f19a-4bac-a5b9-dd79e7263703,521,547,1,Main.a.txQueue,queue_length,count,integer,2,3150000000,,,a:63,,,
1,28fc35f2-f19a-4bac-a5b9-dd79e7263703,522,548,0,Main.b.txQueue,buffer_utilization,1,number,1.0000000000000000e+0,3150000000,,,b:63,,,
1,28fc35f2-f19a-4bac-a5b9-dd79e7263703,523,548,1,Main.b.txQueue,queue_length,count,integer,2,3150000000,,,b:63,,,
1,28fc35f2-f19a-4bac-a5b9-dd79e7263703,524,549,0,Main.c.txQueue,buffer_utilization,1,number,1.0000000000000000e+0,3150000000,,,c:63,,,
1,28fc35f2-f19a-4bac-a5b9-dd79e7263703,525,549,1,Main.c.txQueue,queue_length,count,integer,2,3150000000,,,c:63,,,
1,28fc35f2-f19a-4bac-a5b9-dd79e7263703,526,512,0,Main.bus,transfer_ps,ps,integer,238000000,3166000000,,,a:49,,,
1,28fc35f2-f19a-4bac-a5b9-dd79e7263703,527,552,0,Main.b,delivery_ps,ps,integer,716000000,3166000000,,,a:49,Main.b,,
1,28fc35f2-f19a-4bac-a5b9-dd79e7263703,528,553,0,Main.c,delivery_ps,ps,integer,716000000,3166000000,,,a:49,Main.c,,
1,28fc35f2-f19a-4bac-a5b9-dd79e7263703,529,554,0,Main.a,arbitration_wait_ps,ps,integer,472000000,3172000000,,,a:54,,,
1,28fc35f2-f19a-4bac-a5b9-dd79e7263703,530,554,1,Main.a,tx_wait_ps,ps,integer,472000000,3172000000,,,a:54,,,
1,28fc35f2-f19a-4bac-a5b9-dd79e7263703,531,554,2,Main.a.txQueue,buffer_utilization,1,number,5.0000000000000000e-1,3172000000,,,a:54,,,
1,28fc35f2-f19a-4bac-a5b9-dd79e7263703,532,554,3,Main.a.txQueue,queue_length,count,integer,1,3172000000,,,a:54,,,
1,28fc35f2-f19a-4bac-a5b9-dd79e7263703,533,561,0,Main.a.txQueue,buffer_utilization,1,number,1.0000000000000000e+0,3200000000,,,a:64,,,
1,28fc35f2-f19a-4bac-a5b9-dd79e7263703,534,561,1,Main.a.txQueue,queue_length,count,integer,2,3200000000,,,a:64,,,
1,28fc35f2-f19a-4bac-a5b9-dd79e7263703,535,562,0,Main.b.txQueue,buffer_utilization,1,number,1.0000000000000000e+0,3200000000,,,b:64,,,
1,28fc35f2-f19a-4bac-a5b9-dd79e7263703,536,562,1,Main.b.txQueue,queue_length,count,integer,2,3200000000,,,b:64,,,
1,28fc35f2-f19a-4bac-a5b9-dd79e7263703,537,563,0,Main.c.txQueue,buffer_utilization,1,number,1.0000000000000000e+0,3200000000,,,c:64,,,
1,28fc35f2-f19a-4bac-a5b9-dd79e7263703,538,563,1,Main.c.txQueue,queue_length,count,integer,2,3200000000,,,c:64,,,
1,28fc35f2-f19a-4bac-a5b9-dd79e7263703,539,569,0,Main.a.txQueue,buffer_utilization,1,number,1.0000000000000000e+0,3250000000,,,a:65,,,
1,28fc35f2-f19a-4bac-a5b9-dd79e7263703,540,569,1,Main.a.txQueue,queue_length,count,integer,2,3250000000,,,a:65,,,
1,28fc35f2-f19a-4bac-a5b9-dd79e7263703,541,570,0,Main.b.txQueue,buffer_utilization,1,number,1.0000000000000000e+0,3250000000,,,b:65,,,
1,28fc35f2-f19a-4bac-a5b9-dd79e7263703,542,570,1,Main.b.txQueue,queue_length,count,integer,2,3250000000,,,b:65,,,
1,28fc35f2-f19a-4bac-a5b9-dd79e7263703,543,571,0,Main.c.txQueue,buffer_utilization,1,number,1.0000000000000000e+0,3250000000,,,c:65,,,
1,28fc35f2-f19a-4bac-a5b9-dd79e7263703,544,571,1,Main.c.txQueue,queue_length,count,integer,2,3250000000,,,c:65,,,
1,28fc35f2-f19a-4bac-a5b9-dd79e7263703,545,576,0,Main.a.txQueue,buffer_utilization,1,number,1.0000000000000000e+0,3300000000,,,a:66,,,
1,28fc35f2-f19a-4bac-a5b9-dd79e7263703,546,576,1,Main.a.txQueue,queue_length,count,integer,2,3300000000,,,a:66,,,
1,28fc35f2-f19a-4bac-a5b9-dd79e7263703,547,577,0,Main.b.txQueue,buffer_utilization,1,number,1.0000000000000000e+0,3300000000,,,b:66,,,
1,28fc35f2-f19a-4bac-a5b9-dd79e7263703,548,577,1,Main.b.txQueue,queue_length,count,integer,2,3300000000,,,b:66,,,
1,28fc35f2-f19a-4bac-a5b9-dd79e7263703,549,578,0,Main.c.txQueue,buffer_utilization,1,number,1.0000000000000000e+0,3300000000,,,c:66,,,
1,28fc35f2-f19a-4bac-a5b9-dd79e7263703,550,578,1,Main.c.txQueue,queue_length,count,integer,2,3300000000,,,c:66,,,
1,28fc35f2-f19a-4bac-a5b9-dd79e7263703,551,583,0,Main.a.txQueue,buffer_utilization,1,number,1.0000000000000000e+0,3350000000,,,a:67,,,
1,28fc35f2-f19a-4bac-a5b9-dd79e7263703,552,583,1,Main.a.txQueue,queue_length,count,integer,2,3350000000,,,a:67,,,
1,28fc35f2-f19a-4bac-a5b9-dd79e7263703,553,584,0,Main.b.txQueue,buffer_utilization,1,number,1.0000000000000000e+0,3350000000,,,b:67,,,
1,28fc35f2-f19a-4bac-a5b9-dd79e7263703,554,584,1,Main.b.txQueue,queue_length,count,integer,2,3350000000,,,b:67,,,
1,28fc35f2-f19a-4bac-a5b9-dd79e7263703,555,585,0,Main.c.txQueue,buffer_utilization,1,number,1.0000000000000000e+0,3350000000,,,c:67,,,
1,28fc35f2-f19a-4bac-a5b9-dd79e7263703,556,585,1,Main.c.txQueue,queue_length,count,integer,2,3350000000,,,c:67,,,
1,28fc35f2-f19a-4bac-a5b9-dd79e7263703,557,590,0,Main.a.txQueue,buffer_utilization,1,number,1.0000000000000000e+0,3400000000,,,a:68,,,
1,28fc35f2-f19a-4bac-a5b9-dd79e7263703,558,590,1,Main.a.txQueue,queue_length,count,integer,2,3400000000,,,a:68,,,
1,28fc35f2-f19a-4bac-a5b9-dd79e7263703,559,591,0,Main.b.txQueue,buffer_utilization,1,number,1.0000000000000000e+0,3400000000,,,b:68,,,
1,28fc35f2-f19a-4bac-a5b9-dd79e7263703,560,591,1,Main.b.txQueue,queue_length,count,integer,2,3400000000,,,b:68,,,
1,28fc35f2-f19a-4bac-a5b9-dd79e7263703,561,592,0,Main.c.txQueue,buffer_utilization,1,number,1.0000000000000000e+0,3400000000,,,c:68,,,
1,28fc35f2-f19a-4bac-a5b9-dd79e7263703,562,592,1,Main.c.txQueue,queue_length,count,integer,2,3400000000,,,c:68,,,
1,28fc35f2-f19a-4bac-a5b9-dd79e7263703,563,555,0,Main.bus,transfer_ps,ps,integer,238000000,3410000000,,,a:54,,,
1,28fc35f2-f19a-4bac-a5b9-dd79e7263703,564,595,0,Main.b,delivery_ps,ps,integer,710000000,3410000000,,,a:54,Main.b,,
1,28fc35f2-f19a-4bac-a5b9-dd79e7263703,565,596,0,Main.c,delivery_ps,ps,integer,710000000,3410000000,,,a:54,Main.c,,
1,28fc35f2-f19a-4bac-a5b9-dd79e7263703,566,597,0,Main.a,arbitration_wait_ps,ps,integer,466000000,3416000000,,,a:59,,,
1,28fc35f2-f19a-4bac-a5b9-dd79e7263703,567,597,1,Main.a,tx_wait_ps,ps,integer,466000000,3416000000,,,a:59,,,
1,28fc35f2-f19a-4bac-a5b9-dd79e7263703,568,597,2,Main.a.txQueue,buffer_utilization,1,number,5.0000000000000000e-1,3416000000,,,a:59,,,
1,28fc35f2-f19a-4bac-a5b9-dd79e7263703,569,597,3,Main.a.txQueue,queue_length,count,integer,1,3416000000,,,a:59,,,
1,28fc35f2-f19a-4bac-a5b9-dd79e7263703,570,604,0,Main.a.txQueue,buffer_utilization,1,number,1.0000000000000000e+0,3450000000,,,a:69,,,
1,28fc35f2-f19a-4bac-a5b9-dd79e7263703,571,604,1,Main.a.txQueue,queue_length,count,integer,2,3450000000,,,a:69,,,
1,28fc35f2-f19a-4bac-a5b9-dd79e7263703,572,605,0,Main.b.txQueue,buffer_utilization,1,number,1.0000000000000000e+0,3450000000,,,b:69,,,
1,28fc35f2-f19a-4bac-a5b9-dd79e7263703,573,605,1,Main.b.txQueue,queue_length,count,integer,2,3450000000,,,b:69,,,
1,28fc35f2-f19a-4bac-a5b9-dd79e7263703,574,606,0,Main.c.txQueue,buffer_utilization,1,number,1.0000000000000000e+0,3450000000,,,c:69,,,
1,28fc35f2-f19a-4bac-a5b9-dd79e7263703,575,606,1,Main.c.txQueue,queue_length,count,integer,2,3450000000,,,c:69,,,
1,28fc35f2-f19a-4bac-a5b9-dd79e7263703,576,612,0,Main.a.txQueue,buffer_utilization,1,number,1.0000000000000000e+0,3500000000,,,a:70,,,
1,28fc35f2-f19a-4bac-a5b9-dd79e7263703,577,612,1,Main.a.txQueue,queue_length,count,integer,2,3500000000,,,a:70,,,
1,28fc35f2-f19a-4bac-a5b9-dd79e7263703,578,613,0,Main.b.txQueue,buffer_utilization,1,number,1.0000000000000000e+0,3500000000,,,b:70,,,
1,28fc35f2-f19a-4bac-a5b9-dd79e7263703,579,613,1,Main.b.txQueue,queue_length,count,integer,2,3500000000,,,b:70,,,
1,28fc35f2-f19a-4bac-a5b9-dd79e7263703,580,614,0,Main.c.txQueue,buffer_utilization,1,number,1.0000000000000000e+0,3500000000,,,c:70,,,
1,28fc35f2-f19a-4bac-a5b9-dd79e7263703,581,614,1,Main.c.txQueue,queue_length,count,integer,2,3500000000,,,c:70,,,
1,28fc35f2-f19a-4bac-a5b9-dd79e7263703,582,619,0,Main.a.txQueue,buffer_utilization,1,number,1.0000000000000000e+0,3550000000,,,a:71,,,
1,28fc35f2-f19a-4bac-a5b9-dd79e7263703,583,619,1,Main.a.txQueue,queue_length,count,integer,2,3550000000,,,a:71,,,
1,28fc35f2-f19a-4bac-a5b9-dd79e7263703,584,620,0,Main.b.txQueue,buffer_utilization,1,number,1.0000000000000000e+0,3550000000,,,b:71,,,
1,28fc35f2-f19a-4bac-a5b9-dd79e7263703,585,620,1,Main.b.txQueue,queue_length,count,integer,2,3550000000,,,b:71,,,
1,28fc35f2-f19a-4bac-a5b9-dd79e7263703,586,621,0,Main.c.txQueue,buffer_utilization,1,number,1.0000000000000000e+0,3550000000,,,c:71,,,
1,28fc35f2-f19a-4bac-a5b9-dd79e7263703,587,621,1,Main.c.txQueue,queue_length,count,integer,2,3550000000,,,c:71,,,
1,28fc35f2-f19a-4bac-a5b9-dd79e7263703,588,626,0,Main.a.txQueue,buffer_utilization,1,number,1.0000000000000000e+0,3600000000,,,a:72,,,
1,28fc35f2-f19a-4bac-a5b9-dd79e7263703,589,626,1,Main.a.txQueue,queue_length,count,integer,2,3600000000,,,a:72,,,
1,28fc35f2-f19a-4bac-a5b9-dd79e7263703,590,627,0,Main.b.txQueue,buffer_utilization,1,number,1.0000000000000000e+0,3600000000,,,b:72,,,
1,28fc35f2-f19a-4bac-a5b9-dd79e7263703,591,627,1,Main.b.txQueue,queue_length,count,integer,2,3600000000,,,b:72,,,
1,28fc35f2-f19a-4bac-a5b9-dd79e7263703,592,628,0,Main.c.txQueue,buffer_utilization,1,number,1.0000000000000000e+0,3600000000,,,c:72,,,
1,28fc35f2-f19a-4bac-a5b9-dd79e7263703,593,628,1,Main.c.txQueue,queue_length,count,integer,2,3600000000,,,c:72,,,
1,28fc35f2-f19a-4bac-a5b9-dd79e7263703,594,633,0,Main.a.txQueue,buffer_utilization,1,number,1.0000000000000000e+0,3650000000,,,a:73,,,
1,28fc35f2-f19a-4bac-a5b9-dd79e7263703,595,633,1,Main.a.txQueue,queue_length,count,integer,2,3650000000,,,a:73,,,
1,28fc35f2-f19a-4bac-a5b9-dd79e7263703,596,634,0,Main.b.txQueue,buffer_utilization,1,number,1.0000000000000000e+0,3650000000,,,b:73,,,
1,28fc35f2-f19a-4bac-a5b9-dd79e7263703,597,634,1,Main.b.txQueue,queue_length,count,integer,2,3650000000,,,b:73,,,
1,28fc35f2-f19a-4bac-a5b9-dd79e7263703,598,635,0,Main.c.txQueue,buffer_utilization,1,number,1.0000000000000000e+0,3650000000,,,c:73,,,
1,28fc35f2-f19a-4bac-a5b9-dd79e7263703,599,635,1,Main.c.txQueue,queue_length,count,integer,2,3650000000,,,c:73,,,
1,28fc35f2-f19a-4bac-a5b9-dd79e7263703,600,598,0,Main.bus,transfer_ps,ps,integer,238000000,3654000000,,,a:59,,,
1,28fc35f2-f19a-4bac-a5b9-dd79e7263703,601,638,0,Main.b,delivery_ps,ps,integer,704000000,3654000000,,,a:59,Main.b,,
1,28fc35f2-f19a-4bac-a5b9-dd79e7263703,602,639,0,Main.c,delivery_ps,ps,integer,704000000,3654000000,,,a:59,Main.c,,
1,28fc35f2-f19a-4bac-a5b9-dd79e7263703,603,640,0,Main.a,arbitration_wait_ps,ps,integer,460000000,3660000000,,,a:64,,,
1,28fc35f2-f19a-4bac-a5b9-dd79e7263703,604,640,1,Main.a,tx_wait_ps,ps,integer,460000000,3660000000,,,a:64,,,
1,28fc35f2-f19a-4bac-a5b9-dd79e7263703,605,640,2,Main.a.txQueue,buffer_utilization,1,number,5.0000000000000000e-1,3660000000,,,a:64,,,
1,28fc35f2-f19a-4bac-a5b9-dd79e7263703,606,640,3,Main.a.txQueue,queue_length,count,integer,1,3660000000,,,a:64,,,
1,28fc35f2-f19a-4bac-a5b9-dd79e7263703,607,647,0,Main.a.txQueue,buffer_utilization,1,number,1.0000000000000000e+0,3700000000,,,a:74,,,
1,28fc35f2-f19a-4bac-a5b9-dd79e7263703,608,647,1,Main.a.txQueue,queue_length,count,integer,2,3700000000,,,a:74,,,
1,28fc35f2-f19a-4bac-a5b9-dd79e7263703,609,648,0,Main.b.txQueue,buffer_utilization,1,number,1.0000000000000000e+0,3700000000,,,b:74,,,
1,28fc35f2-f19a-4bac-a5b9-dd79e7263703,610,648,1,Main.b.txQueue,queue_length,count,integer,2,3700000000,,,b:74,,,
1,28fc35f2-f19a-4bac-a5b9-dd79e7263703,611,649,0,Main.c.txQueue,buffer_utilization,1,number,1.0000000000000000e+0,3700000000,,,c:74,,,
1,28fc35f2-f19a-4bac-a5b9-dd79e7263703,612,649,1,Main.c.txQueue,queue_length,count,integer,2,3700000000,,,c:74,,,
1,28fc35f2-f19a-4bac-a5b9-dd79e7263703,613,655,0,Main.a.txQueue,buffer_utilization,1,number,1.0000000000000000e+0,3750000000,,,a:75,,,
1,28fc35f2-f19a-4bac-a5b9-dd79e7263703,614,655,1,Main.a.txQueue,queue_length,count,integer,2,3750000000,,,a:75,,,
1,28fc35f2-f19a-4bac-a5b9-dd79e7263703,615,656,0,Main.b.txQueue,buffer_utilization,1,number,1.0000000000000000e+0,3750000000,,,b:75,,,
1,28fc35f2-f19a-4bac-a5b9-dd79e7263703,616,656,1,Main.b.txQueue,queue_length,count,integer,2,3750000000,,,b:75,,,
1,28fc35f2-f19a-4bac-a5b9-dd79e7263703,617,657,0,Main.c.txQueue,buffer_utilization,1,number,1.0000000000000000e+0,3750000000,,,c:75,,,
1,28fc35f2-f19a-4bac-a5b9-dd79e7263703,618,657,1,Main.c.txQueue,queue_length,count,integer,2,3750000000,,,c:75,,,
1,28fc35f2-f19a-4bac-a5b9-dd79e7263703,619,662,0,Main.a.txQueue,buffer_utilization,1,number,1.0000000000000000e+0,3800000000,,,a:76,,,
1,28fc35f2-f19a-4bac-a5b9-dd79e7263703,620,662,1,Main.a.txQueue,queue_length,count,integer,2,3800000000,,,a:76,,,
1,28fc35f2-f19a-4bac-a5b9-dd79e7263703,621,663,0,Main.b.txQueue,buffer_utilization,1,number,1.0000000000000000e+0,3800000000,,,b:76,,,
1,28fc35f2-f19a-4bac-a5b9-dd79e7263703,622,663,1,Main.b.txQueue,queue_length,count,integer,2,3800000000,,,b:76,,,
1,28fc35f2-f19a-4bac-a5b9-dd79e7263703,623,664,0,Main.c.txQueue,buffer_utilization,1,number,1.0000000000000000e+0,3800000000,,,c:76,,,
1,28fc35f2-f19a-4bac-a5b9-dd79e7263703,624,664,1,Main.c.txQueue,queue_length,count,integer,2,3800000000,,,c:76,,,
1,28fc35f2-f19a-4bac-a5b9-dd79e7263703,625,669,0,Main.a.txQueue,buffer_utilization,1,number,1.0000000000000000e+0,3850000000,,,a:77,,,
1,28fc35f2-f19a-4bac-a5b9-dd79e7263703,626,669,1,Main.a.txQueue,queue_length,count,integer,2,3850000000,,,a:77,,,
1,28fc35f2-f19a-4bac-a5b9-dd79e7263703,627,670,0,Main.b.txQueue,buffer_utilization,1,number,1.0000000000000000e+0,3850000000,,,b:77,,,
1,28fc35f2-f19a-4bac-a5b9-dd79e7263703,628,670,1,Main.b.txQueue,queue_length,count,integer,2,3850000000,,,b:77,,,
1,28fc35f2-f19a-4bac-a5b9-dd79e7263703,629,671,0,Main.c.txQueue,buffer_utilization,1,number,1.0000000000000000e+0,3850000000,,,c:77,,,
1,28fc35f2-f19a-4bac-a5b9-dd79e7263703,630,671,1,Main.c.txQueue,queue_length,count,integer,2,3850000000,,,c:77,,,
1,28fc35f2-f19a-4bac-a5b9-dd79e7263703,631,641,0,Main.bus,transfer_ps,ps,integer,238000000,3898000000,,,a:64,,,
1,28fc35f2-f19a-4bac-a5b9-dd79e7263703,632,674,0,Main.b,delivery_ps,ps,integer,698000000,3898000000,,,a:64,Main.b,,
1,28fc35f2-f19a-4bac-a5b9-dd79e7263703,633,675,0,Main.c,delivery_ps,ps,integer,698000000,3898000000,,,a:64,Main.c,,
1,28fc35f2-f19a-4bac-a5b9-dd79e7263703,634,680,0,Main.a.txQueue,buffer_utilization,1,number,1.0000000000000000e+0,3900000000,,,a:78,,,
1,28fc35f2-f19a-4bac-a5b9-dd79e7263703,635,680,1,Main.a.txQueue,queue_length,count,integer,2,3900000000,,,a:78,,,
1,28fc35f2-f19a-4bac-a5b9-dd79e7263703,636,681,0,Main.b.txQueue,buffer_utilization,1,number,1.0000000000000000e+0,3900000000,,,b:78,,,
1,28fc35f2-f19a-4bac-a5b9-dd79e7263703,637,681,1,Main.b.txQueue,queue_length,count,integer,2,3900000000,,,b:78,,,
1,28fc35f2-f19a-4bac-a5b9-dd79e7263703,638,682,0,Main.c.txQueue,buffer_utilization,1,number,1.0000000000000000e+0,3900000000,,,c:78,,,
1,28fc35f2-f19a-4bac-a5b9-dd79e7263703,639,682,1,Main.c.txQueue,queue_length,count,integer,2,3900000000,,,c:78,,,
1,28fc35f2-f19a-4bac-a5b9-dd79e7263703,640,683,0,Main.a,arbitration_wait_ps,ps,integer,454000000,3904000000,,,a:69,,,
1,28fc35f2-f19a-4bac-a5b9-dd79e7263703,641,683,1,Main.a,tx_wait_ps,ps,integer,454000000,3904000000,,,a:69,,,
1,28fc35f2-f19a-4bac-a5b9-dd79e7263703,642,683,2,Main.a.txQueue,buffer_utilization,1,number,5.0000000000000000e-1,3904000000,,,a:69,,,
1,28fc35f2-f19a-4bac-a5b9-dd79e7263703,643,683,3,Main.a.txQueue,queue_length,count,integer,1,3904000000,,,a:69,,,
1,28fc35f2-f19a-4bac-a5b9-dd79e7263703,644,690,0,Main.a.txQueue,buffer_utilization,1,number,1.0000000000000000e+0,3950000000,,,a:79,,,
1,28fc35f2-f19a-4bac-a5b9-dd79e7263703,645,690,1,Main.a.txQueue,queue_length,count,integer,2,3950000000,,,a:79,,,
1,28fc35f2-f19a-4bac-a5b9-dd79e7263703,646,691,0,Main.b.txQueue,buffer_utilization,1,number,1.0000000000000000e+0,3950000000,,,b:79,,,
1,28fc35f2-f19a-4bac-a5b9-dd79e7263703,647,691,1,Main.b.txQueue,queue_length,count,integer,2,3950000000,,,b:79,,,
1,28fc35f2-f19a-4bac-a5b9-dd79e7263703,648,692,0,Main.c.txQueue,buffer_utilization,1,number,1.0000000000000000e+0,3950000000,,,c:79,,,
1,28fc35f2-f19a-4bac-a5b9-dd79e7263703,649,692,1,Main.c.txQueue,queue_length,count,integer,2,3950000000,,,c:79,,,
1,28fc35f2-f19a-4bac-a5b9-dd79e7263703,650,,,Main.a,received_payload_bits,bit,integer,0,,3000000000,4000000000,,Main.a,,
1,28fc35f2-f19a-4bac-a5b9-dd79e7263703,651,,,Main.a,received_throughput_bps,bit/s,number,0.0000000000000000e+0,,3000000000,4000000000,,Main.a,,
1,28fc35f2-f19a-4bac-a5b9-dd79e7263703,652,,,Main.a.txQueue,buffer_utilization_mean,1,number,9.2600000000000005e-1,,3000000000,4000000000,,,,
1,28fc35f2-f19a-4bac-a5b9-dd79e7263703,653,,,Main.b,received_payload_bits,bit,integer,256,,3000000000,4000000000,,Main.b,,
1,28fc35f2-f19a-4bac-a5b9-dd79e7263703,654,,,Main.b,received_throughput_bps,bit/s,number,2.5600000000000000e+5,,3000000000,4000000000,,Main.b,,
1,28fc35f2-f19a-4bac-a5b9-dd79e7263703,655,,,Main.b.txQueue,buffer_utilization_mean,1,number,1.0000000000000000e+0,,3000000000,4000000000,,,,
1,28fc35f2-f19a-4bac-a5b9-dd79e7263703,656,,,Main.bus,bus_utilization,1,number,1.0000000000000000e+0,,3000000000,4000000000,,,,
1,28fc35f2-f19a-4bac-a5b9-dd79e7263703,657,,,Main.bus,frame_utilization,1,number,9.7599999999999998e-1,,3000000000,4000000000,,,,
1,28fc35f2-f19a-4bac-a5b9-dd79e7263703,658,,,Main.bus,occupied_bits,bit,integer,488,,3000000000,4000000000,,,,
1,28fc35f2-f19a-4bac-a5b9-dd79e7263703,659,,,Main.bus,payload_bits,bit,integer,256,,3000000000,4000000000,,,,
1,28fc35f2-f19a-4bac-a5b9-dd79e7263703,660,,,Main.bus,payload_throughput_bps,bit/s,number,2.5600000000000000e+5,,3000000000,4000000000,,,,
1,28fc35f2-f19a-4bac-a5b9-dd79e7263703,661,,,Main.bus,serialized_bits,bit,integer,476,,3000000000,4000000000,,,,
1,28fc35f2-f19a-4bac-a5b9-dd79e7263703,662,,,Main.bus,serialized_throughput_bps,bit/s,number,4.7600000000000000e+5,,3000000000,4000000000,,,,
1,28fc35f2-f19a-4bac-a5b9-dd79e7263703,663,,,Main.c,received_payload_bits,bit,integer,256,,3000000000,4000000000,,Main.c,,
1,28fc35f2-f19a-4bac-a5b9-dd79e7263703,664,,,Main.c,received_throughput_bps,bit/s,number,2.5600000000000000e+5,,3000000000,4000000000,,Main.c,,
1,28fc35f2-f19a-4bac-a5b9-dd79e7263703,665,,,Main.c.txQueue,buffer_utilization_mean,1,number,1.0000000000000000e+0,,3000000000,4000000000,,,,
1,28fc35f2-f19a-4bac-a5b9-dd79e7263703,666,698,0,Main.a.txQueue,buffer_utilization,1,number,1.0000000000000000e+0,4000000000,,,a:80,,,
1,28fc35f2-f19a-4bac-a5b9-dd79e7263703,667,698,1,Main.a.txQueue,queue_length,count,integer,2,4000000000,,,a:80,,,
1,28fc35f2-f19a-4bac-a5b9-dd79e7263703,668,699,0,Main.b.txQueue,buffer_utilization,1,number,1.0000000000000000e+0,4000000000,,,b:80,,,
1,28fc35f2-f19a-4bac-a5b9-dd79e7263703,669,699,1,Main.b.txQueue,queue_length,count,integer,2,4000000000,,,b:80,,,
1,28fc35f2-f19a-4bac-a5b9-dd79e7263703,670,700,0,Main.c.txQueue,buffer_utilization,1,number,1.0000000000000000e+0,4000000000,,,c:80,,,
1,28fc35f2-f19a-4bac-a5b9-dd79e7263703,671,700,1,Main.c.txQueue,queue_length,count,integer,2,4000000000,,,c:80,,,
1,28fc35f2-f19a-4bac-a5b9-dd79e7263703,672,705,0,Main.a.txQueue,buffer_utilization,1,number,1.0000000000000000e+0,4050000000,,,a:81,,,
1,28fc35f2-f19a-4bac-a5b9-dd79e7263703,673,705,1,Main.a.txQueue,queue_length,count,integer,2,4050000000,,,a:81,,,
1,28fc35f2-f19a-4bac-a5b9-dd79e7263703,674,706,0,Main.b.txQueue,buffer_utilization,1,number,1.0000000000000000e+0,4050000000,,,b:81,,,
1,28fc35f2-f19a-4bac-a5b9-dd79e7263703,675,706,1,Main.b.txQueue,queue_length,count,integer,2,4050000000,,,b:81,,,
1,28fc35f2-f19a-4bac-a5b9-dd79e7263703,676,707,0,Main.c.txQueue,buffer_utilization,1,number,1.0000000000000000e+0,4050000000,,,c:81,,,
1,28fc35f2-f19a-4bac-a5b9-dd79e7263703,677,707,1,Main.c.txQueue,queue_length,count,integer,2,4050000000,,,c:81,,,
1,28fc35f2-f19a-4bac-a5b9-dd79e7263703,678,712,0,Main.a.txQueue,buffer_utilization,1,number,1.0000000000000000e+0,4100000000,,,a:82,,,
1,28fc35f2-f19a-4bac-a5b9-dd79e7263703,679,712,1,Main.a.txQueue,queue_length,count,integer,2,4100000000,,,a:82,,,
1,28fc35f2-f19a-4bac-a5b9-dd79e7263703,680,713,0,Main.b.txQueue,buffer_utilization,1,number,1.0000000000000000e+0,4100000000,,,b:82,,,
1,28fc35f2-f19a-4bac-a5b9-dd79e7263703,681,713,1,Main.b.txQueue,queue_length,count,integer,2,4100000000,,,b:82,,,
1,28fc35f2-f19a-4bac-a5b9-dd79e7263703,682,714,0,Main.c.txQueue,buffer_utilization,1,number,1.0000000000000000e+0,4100000000,,,c:82,,,
1,28fc35f2-f19a-4bac-a5b9-dd79e7263703,683,714,1,Main.c.txQueue,queue_length,count,integer,2,4100000000,,,c:82,,,
1,28fc35f2-f19a-4bac-a5b9-dd79e7263703,684,684,0,Main.bus,transfer_ps,ps,integer,238000000,4142000000,,,a:69,,,
1,28fc35f2-f19a-4bac-a5b9-dd79e7263703,685,717,0,Main.b,delivery_ps,ps,integer,692000000,4142000000,,,a:69,Main.b,,
1,28fc35f2-f19a-4bac-a5b9-dd79e7263703,686,718,0,Main.c,delivery_ps,ps,integer,692000000,4142000000,,,a:69,Main.c,,
1,28fc35f2-f19a-4bac-a5b9-dd79e7263703,687,719,0,Main.a,arbitration_wait_ps,ps,integer,448000000,4148000000,,,a:74,,,
1,28fc35f2-f19a-4bac-a5b9-dd79e7263703,688,719,1,Main.a,tx_wait_ps,ps,integer,448000000,4148000000,,,a:74,,,
1,28fc35f2-f19a-4bac-a5b9-dd79e7263703,689,719,2,Main.a.txQueue,buffer_utilization,1,number,5.0000000000000000e-1,4148000000,,,a:74,,,
1,28fc35f2-f19a-4bac-a5b9-dd79e7263703,690,719,3,Main.a.txQueue,queue_length,count,integer,1,4148000000,,,a:74,,,
1,28fc35f2-f19a-4bac-a5b9-dd79e7263703,691,726,0,Main.a.txQueue,buffer_utilization,1,number,1.0000000000000000e+0,4150000000,,,a:83,,,
1,28fc35f2-f19a-4bac-a5b9-dd79e7263703,692,726,1,Main.a.txQueue,queue_length,count,integer,2,4150000000,,,a:83,,,
1,28fc35f2-f19a-4bac-a5b9-dd79e7263703,693,727,0,Main.b.txQueue,buffer_utilization,1,number,1.0000000000000000e+0,4150000000,,,b:83,,,
1,28fc35f2-f19a-4bac-a5b9-dd79e7263703,694,727,1,Main.b.txQueue,queue_length,count,integer,2,4150000000,,,b:83,,,
1,28fc35f2-f19a-4bac-a5b9-dd79e7263703,695,728,0,Main.c.txQueue,buffer_utilization,1,number,1.0000000000000000e+0,4150000000,,,c:83,,,
1,28fc35f2-f19a-4bac-a5b9-dd79e7263703,696,728,1,Main.c.txQueue,queue_length,count,integer,2,4150000000,,,c:83,,,
1,28fc35f2-f19a-4bac-a5b9-dd79e7263703,697,734,0,Main.a.txQueue,buffer_utilization,1,number,1.0000000000000000e+0,4200000000,,,a:84,,,
1,28fc35f2-f19a-4bac-a5b9-dd79e7263703,698,734,1,Main.a.txQueue,queue_length,count,integer,2,4200000000,,,a:84,,,
1,28fc35f2-f19a-4bac-a5b9-dd79e7263703,699,735,0,Main.b.txQueue,buffer_utilization,1,number,1.0000000000000000e+0,4200000000,,,b:84,,,
1,28fc35f2-f19a-4bac-a5b9-dd79e7263703,700,735,1,Main.b.txQueue,queue_length,count,integer,2,4200000000,,,b:84,,,
1,28fc35f2-f19a-4bac-a5b9-dd79e7263703,701,736,0,Main.c.txQueue,buffer_utilization,1,number,1.0000000000000000e+0,4200000000,,,c:84,,,
1,28fc35f2-f19a-4bac-a5b9-dd79e7263703,702,736,1,Main.c.txQueue,queue_length,count,integer,2,4200000000,,,c:84,,,
1,28fc35f2-f19a-4bac-a5b9-dd79e7263703,703,741,0,Main.a.txQueue,buffer_utilization,1,number,1.0000000000000000e+0,4250000000,,,a:85,,,
1,28fc35f2-f19a-4bac-a5b9-dd79e7263703,704,741,1,Main.a.txQueue,queue_length,count,integer,2,4250000000,,,a:85,,,
1,28fc35f2-f19a-4bac-a5b9-dd79e7263703,705,742,0,Main.b.txQueue,buffer_utilization,1,number,1.0000000000000000e+0,4250000000,,,b:85,,,
1,28fc35f2-f19a-4bac-a5b9-dd79e7263703,706,742,1,Main.b.txQueue,queue_length,count,integer,2,4250000000,,,b:85,,,
1,28fc35f2-f19a-4bac-a5b9-dd79e7263703,707,743,0,Main.c.txQueue,buffer_utilization,1,number,1.0000000000000000e+0,4250000000,,,c:85,,,
1,28fc35f2-f19a-4bac-a5b9-dd79e7263703,708,743,1,Main.c.txQueue,queue_length,count,integer,2,4250000000,,,c:85,,,
1,28fc35f2-f19a-4bac-a5b9-dd79e7263703,709,748,0,Main.a.txQueue,buffer_utilization,1,number,1.0000000000000000e+0,4300000000,,,a:86,,,
1,28fc35f2-f19a-4bac-a5b9-dd79e7263703,710,748,1,Main.a.txQueue,queue_length,count,integer,2,4300000000,,,a:86,,,
1,28fc35f2-f19a-4bac-a5b9-dd79e7263703,711,749,0,Main.b.txQueue,buffer_utilization,1,number,1.0000000000000000e+0,4300000000,,,b:86,,,
1,28fc35f2-f19a-4bac-a5b9-dd79e7263703,712,749,1,Main.b.txQueue,queue_length,count,integer,2,4300000000,,,b:86,,,
1,28fc35f2-f19a-4bac-a5b9-dd79e7263703,713,750,0,Main.c.txQueue,buffer_utilization,1,number,1.0000000000000000e+0,4300000000,,,c:86,,,
1,28fc35f2-f19a-4bac-a5b9-dd79e7263703,714,750,1,Main.c.txQueue,queue_length,count,integer,2,4300000000,,,c:86,,,
1,28fc35f2-f19a-4bac-a5b9-dd79e7263703,715,755,0,Main.a.txQueue,buffer_utilization,1,number,1.0000000000000000e+0,4350000000,,,a:87,,,
1,28fc35f2-f19a-4bac-a5b9-dd79e7263703,716,755,1,Main.a.txQueue,queue_length,count,integer,2,4350000000,,,a:87,,,
1,28fc35f2-f19a-4bac-a5b9-dd79e7263703,717,756,0,Main.b.txQueue,buffer_utilization,1,number,1.0000000000000000e+0,4350000000,,,b:87,,,
1,28fc35f2-f19a-4bac-a5b9-dd79e7263703,718,756,1,Main.b.txQueue,queue_length,count,integer,2,4350000000,,,b:87,,,
1,28fc35f2-f19a-4bac-a5b9-dd79e7263703,719,757,0,Main.c.txQueue,buffer_utilization,1,number,1.0000000000000000e+0,4350000000,,,c:87,,,
1,28fc35f2-f19a-4bac-a5b9-dd79e7263703,720,757,1,Main.c.txQueue,queue_length,count,integer,2,4350000000,,,c:87,,,
1,28fc35f2-f19a-4bac-a5b9-dd79e7263703,721,720,0,Main.bus,transfer_ps,ps,integer,238000000,4386000000,,,a:74,,,
1,28fc35f2-f19a-4bac-a5b9-dd79e7263703,722,760,0,Main.b,delivery_ps,ps,integer,686000000,4386000000,,,a:74,Main.b,,
1,28fc35f2-f19a-4bac-a5b9-dd79e7263703,723,761,0,Main.c,delivery_ps,ps,integer,686000000,4386000000,,,a:74,Main.c,,
1,28fc35f2-f19a-4bac-a5b9-dd79e7263703,724,762,0,Main.a,arbitration_wait_ps,ps,integer,442000000,4392000000,,,a:79,,,
1,28fc35f2-f19a-4bac-a5b9-dd79e7263703,725,762,1,Main.a,tx_wait_ps,ps,integer,442000000,4392000000,,,a:79,,,
1,28fc35f2-f19a-4bac-a5b9-dd79e7263703,726,762,2,Main.a.txQueue,buffer_utilization,1,number,5.0000000000000000e-1,4392000000,,,a:79,,,
1,28fc35f2-f19a-4bac-a5b9-dd79e7263703,727,762,3,Main.a.txQueue,queue_length,count,integer,1,4392000000,,,a:79,,,
1,28fc35f2-f19a-4bac-a5b9-dd79e7263703,728,769,0,Main.a.txQueue,buffer_utilization,1,number,1.0000000000000000e+0,4400000000,,,a:88,,,
1,28fc35f2-f19a-4bac-a5b9-dd79e7263703,729,769,1,Main.a.txQueue,queue_length,count,integer,2,4400000000,,,a:88,,,
1,28fc35f2-f19a-4bac-a5b9-dd79e7263703,730,770,0,Main.b.txQueue,buffer_utilization,1,number,1.0000000000000000e+0,4400000000,,,b:88,,,
1,28fc35f2-f19a-4bac-a5b9-dd79e7263703,731,770,1,Main.b.txQueue,queue_length,count,integer,2,4400000000,,,b:88,,,
1,28fc35f2-f19a-4bac-a5b9-dd79e7263703,732,771,0,Main.c.txQueue,buffer_utilization,1,number,1.0000000000000000e+0,4400000000,,,c:88,,,
1,28fc35f2-f19a-4bac-a5b9-dd79e7263703,733,771,1,Main.c.txQueue,queue_length,count,integer,2,4400000000,,,c:88,,,
1,28fc35f2-f19a-4bac-a5b9-dd79e7263703,734,777,0,Main.a.txQueue,buffer_utilization,1,number,1.0000000000000000e+0,4450000000,,,a:89,,,
1,28fc35f2-f19a-4bac-a5b9-dd79e7263703,735,777,1,Main.a.txQueue,queue_length,count,integer,2,4450000000,,,a:89,,,
1,28fc35f2-f19a-4bac-a5b9-dd79e7263703,736,778,0,Main.b.txQueue,buffer_utilization,1,number,1.0000000000000000e+0,4450000000,,,b:89,,,
1,28fc35f2-f19a-4bac-a5b9-dd79e7263703,737,778,1,Main.b.txQueue,queue_length,count,integer,2,4450000000,,,b:89,,,
1,28fc35f2-f19a-4bac-a5b9-dd79e7263703,738,779,0,Main.c.txQueue,buffer_utilization,1,number,1.0000000000000000e+0,4450000000,,,c:89,,,
1,28fc35f2-f19a-4bac-a5b9-dd79e7263703,739,779,1,Main.c.txQueue,queue_length,count,integer,2,4450000000,,,c:89,,,
1,28fc35f2-f19a-4bac-a5b9-dd79e7263703,740,784,0,Main.a.txQueue,buffer_utilization,1,number,1.0000000000000000e+0,4500000000,,,a:90,,,
1,28fc35f2-f19a-4bac-a5b9-dd79e7263703,741,784,1,Main.a.txQueue,queue_length,count,integer,2,4500000000,,,a:90,,,
1,28fc35f2-f19a-4bac-a5b9-dd79e7263703,742,785,0,Main.b.txQueue,buffer_utilization,1,number,1.0000000000000000e+0,4500000000,,,b:90,,,
1,28fc35f2-f19a-4bac-a5b9-dd79e7263703,743,785,1,Main.b.txQueue,queue_length,count,integer,2,4500000000,,,b:90,,,
1,28fc35f2-f19a-4bac-a5b9-dd79e7263703,744,786,0,Main.c.txQueue,buffer_utilization,1,number,1.0000000000000000e+0,4500000000,,,c:90,,,
1,28fc35f2-f19a-4bac-a5b9-dd79e7263703,745,786,1,Main.c.txQueue,queue_length,count,integer,2,4500000000,,,c:90,,,
1,28fc35f2-f19a-4bac-a5b9-dd79e7263703,746,791,0,Main.a.txQueue,buffer_utilization,1,number,1.0000000000000000e+0,4550000000,,,a:91,,,
1,28fc35f2-f19a-4bac-a5b9-dd79e7263703,747,791,1,Main.a.txQueue,queue_length,count,integer,2,4550000000,,,a:91,,,
1,28fc35f2-f19a-4bac-a5b9-dd79e7263703,748,792,0,Main.b.txQueue,buffer_utilization,1,number,1.0000000000000000e+0,4550000000,,,b:91,,,
1,28fc35f2-f19a-4bac-a5b9-dd79e7263703,749,792,1,Main.b.txQueue,queue_length,count,integer,2,4550000000,,,b:91,,,
1,28fc35f2-f19a-4bac-a5b9-dd79e7263703,750,793,0,Main.c.txQueue,buffer_utilization,1,number,1.0000000000000000e+0,4550000000,,,c:91,,,
1,28fc35f2-f19a-4bac-a5b9-dd79e7263703,751,793,1,Main.c.txQueue,queue_length,count,integer,2,4550000000,,,c:91,,,
1,28fc35f2-f19a-4bac-a5b9-dd79e7263703,752,798,0,Main.a.txQueue,buffer_utilization,1,number,1.0000000000000000e+0,4600000000,,,a:92,,,
1,28fc35f2-f19a-4bac-a5b9-dd79e7263703,753,798,1,Main.a.txQueue,queue_length,count,integer,2,4600000000,,,a:92,,,
1,28fc35f2-f19a-4bac-a5b9-dd79e7263703,754,799,0,Main.b.txQueue,buffer_utilization,1,number,1.0000000000000000e+0,4600000000,,,b:92,,,
1,28fc35f2-f19a-4bac-a5b9-dd79e7263703,755,799,1,Main.b.txQueue,queue_length,count,integer,2,4600000000,,,b:92,,,
1,28fc35f2-f19a-4bac-a5b9-dd79e7263703,756,800,0,Main.c.txQueue,buffer_utilization,1,number,1.0000000000000000e+0,4600000000,,,c:92,,,
1,28fc35f2-f19a-4bac-a5b9-dd79e7263703,757,800,1,Main.c.txQueue,queue_length,count,integer,2,4600000000,,,c:92,,,
1,28fc35f2-f19a-4bac-a5b9-dd79e7263703,758,763,0,Main.bus,transfer_ps,ps,integer,238000000,4630000000,,,a:79,,,
1,28fc35f2-f19a-4bac-a5b9-dd79e7263703,759,803,0,Main.b,delivery_ps,ps,integer,680000000,4630000000,,,a:79,Main.b,,
1,28fc35f2-f19a-4bac-a5b9-dd79e7263703,760,804,0,Main.c,delivery_ps,ps,integer,680000000,4630000000,,,a:79,Main.c,,
1,28fc35f2-f19a-4bac-a5b9-dd79e7263703,761,805,0,Main.a,arbitration_wait_ps,ps,integer,486000000,4636000000,,,a:83,,,
1,28fc35f2-f19a-4bac-a5b9-dd79e7263703,762,805,1,Main.a,tx_wait_ps,ps,integer,486000000,4636000000,,,a:83,,,
1,28fc35f2-f19a-4bac-a5b9-dd79e7263703,763,805,2,Main.a.txQueue,buffer_utilization,1,number,5.0000000000000000e-1,4636000000,,,a:83,,,
1,28fc35f2-f19a-4bac-a5b9-dd79e7263703,764,805,3,Main.a.txQueue,queue_length,count,integer,1,4636000000,,,a:83,,,
1,28fc35f2-f19a-4bac-a5b9-dd79e7263703,765,812,0,Main.a.txQueue,buffer_utilization,1,number,1.0000000000000000e+0,4650000000,,,a:93,,,
1,28fc35f2-f19a-4bac-a5b9-dd79e7263703,766,812,1,Main.a.txQueue,queue_length,count,integer,2,4650000000,,,a:93,,,
1,28fc35f2-f19a-4bac-a5b9-dd79e7263703,767,813,0,Main.b.txQueue,buffer_utilization,1,number,1.0000000000000000e+0,4650000000,,,b:93,,,
1,28fc35f2-f19a-4bac-a5b9-dd79e7263703,768,813,1,Main.b.txQueue,queue_length,count,integer,2,4650000000,,,b:93,,,
1,28fc35f2-f19a-4bac-a5b9-dd79e7263703,769,814,0,Main.c.txQueue,buffer_utilization,1,number,1.0000000000000000e+0,4650000000,,,c:93,,,
1,28fc35f2-f19a-4bac-a5b9-dd79e7263703,770,814,1,Main.c.txQueue,queue_length,count,integer,2,4650000000,,,c:93,,,
1,28fc35f2-f19a-4bac-a5b9-dd79e7263703,771,820,0,Main.a.txQueue,buffer_utilization,1,number,1.0000000000000000e+0,4700000000,,,a:94,,,
1,28fc35f2-f19a-4bac-a5b9-dd79e7263703,772,820,1,Main.a.txQueue,queue_length,count,integer,2,4700000000,,,a:94,,,
1,28fc35f2-f19a-4bac-a5b9-dd79e7263703,773,821,0,Main.b.txQueue,buffer_utilization,1,number,1.0000000000000000e+0,4700000000,,,b:94,,,
1,28fc35f2-f19a-4bac-a5b9-dd79e7263703,774,821,1,Main.b.txQueue,queue_length,count,integer,2,4700000000,,,b:94,,,
1,28fc35f2-f19a-4bac-a5b9-dd79e7263703,775,822,0,Main.c.txQueue,buffer_utilization,1,number,1.0000000000000000e+0,4700000000,,,c:94,,,
1,28fc35f2-f19a-4bac-a5b9-dd79e7263703,776,822,1,Main.c.txQueue,queue_length,count,integer,2,4700000000,,,c:94,,,
1,28fc35f2-f19a-4bac-a5b9-dd79e7263703,777,827,0,Main.a.txQueue,buffer_utilization,1,number,1.0000000000000000e+0,4750000000,,,a:95,,,
1,28fc35f2-f19a-4bac-a5b9-dd79e7263703,778,827,1,Main.a.txQueue,queue_length,count,integer,2,4750000000,,,a:95,,,
1,28fc35f2-f19a-4bac-a5b9-dd79e7263703,779,828,0,Main.b.txQueue,buffer_utilization,1,number,1.0000000000000000e+0,4750000000,,,b:95,,,
1,28fc35f2-f19a-4bac-a5b9-dd79e7263703,780,828,1,Main.b.txQueue,queue_length,count,integer,2,4750000000,,,b:95,,,
1,28fc35f2-f19a-4bac-a5b9-dd79e7263703,781,829,0,Main.c.txQueue,buffer_utilization,1,number,1.0000000000000000e+0,4750000000,,,c:95,,,
1,28fc35f2-f19a-4bac-a5b9-dd79e7263703,782,829,1,Main.c.txQueue,queue_length,count,integer,2,4750000000,,,c:95,,,
1,28fc35f2-f19a-4bac-a5b9-dd79e7263703,783,834,0,Main.a.txQueue,buffer_utilization,1,number,1.0000000000000000e+0,4800000000,,,a:96,,,
1,28fc35f2-f19a-4bac-a5b9-dd79e7263703,784,834,1,Main.a.txQueue,queue_length,count,integer,2,4800000000,,,a:96,,,
1,28fc35f2-f19a-4bac-a5b9-dd79e7263703,785,835,0,Main.b.txQueue,buffer_utilization,1,number,1.0000000000000000e+0,4800000000,,,b:96,,,
1,28fc35f2-f19a-4bac-a5b9-dd79e7263703,786,835,1,Main.b.txQueue,queue_length,count,integer,2,4800000000,,,b:96,,,
1,28fc35f2-f19a-4bac-a5b9-dd79e7263703,787,836,0,Main.c.txQueue,buffer_utilization,1,number,1.0000000000000000e+0,4800000000,,,c:96,,,
1,28fc35f2-f19a-4bac-a5b9-dd79e7263703,788,836,1,Main.c.txQueue,queue_length,count,integer,2,4800000000,,,c:96,,,
1,28fc35f2-f19a-4bac-a5b9-dd79e7263703,789,841,0,Main.a.txQueue,buffer_utilization,1,number,1.0000000000000000e+0,4850000000,,,a:97,,,
1,28fc35f2-f19a-4bac-a5b9-dd79e7263703,790,841,1,Main.a.txQueue,queue_length,count,integer,2,4850000000,,,a:97,,,
1,28fc35f2-f19a-4bac-a5b9-dd79e7263703,791,842,0,Main.b.txQueue,buffer_utilization,1,number,1.0000000000000000e+0,4850000000,,,b:97,,,
1,28fc35f2-f19a-4bac-a5b9-dd79e7263703,792,842,1,Main.b.txQueue,queue_length,count,integer,2,4850000000,,,b:97,,,
1,28fc35f2-f19a-4bac-a5b9-dd79e7263703,793,843,0,Main.c.txQueue,buffer_utilization,1,number,1.0000000000000000e+0,4850000000,,,c:97,,,
1,28fc35f2-f19a-4bac-a5b9-dd79e7263703,794,843,1,Main.c.txQueue,queue_length,count,integer,2,4850000000,,,c:97,,,
1,28fc35f2-f19a-4bac-a5b9-dd79e7263703,795,806,0,Main.bus,transfer_ps,ps,integer,238000000,4874000000,,,a:83,,,
1,28fc35f2-f19a-4bac-a5b9-dd79e7263703,796,846,0,Main.b,delivery_ps,ps,integer,724000000,4874000000,,,a:83,Main.b,,
1,28fc35f2-f19a-4bac-a5b9-dd79e7263703,797,847,0,Main.c,delivery_ps,ps,integer,724000000,4874000000,,,a:83,Main.c,,
1,28fc35f2-f19a-4bac-a5b9-dd79e7263703,798,848,0,Main.a,arbitration_wait_ps,ps,integer,480000000,4880000000,,,a:88,,,
1,28fc35f2-f19a-4bac-a5b9-dd79e7263703,799,848,1,Main.a,tx_wait_ps,ps,integer,480000000,4880000000,,,a:88,,,
1,28fc35f2-f19a-4bac-a5b9-dd79e7263703,800,848,2,Main.a.txQueue,buffer_utilization,1,number,5.0000000000000000e-1,4880000000,,,a:88,,,
1,28fc35f2-f19a-4bac-a5b9-dd79e7263703,801,848,3,Main.a.txQueue,queue_length,count,integer,1,4880000000,,,a:88,,,
1,28fc35f2-f19a-4bac-a5b9-dd79e7263703,802,855,0,Main.a.txQueue,buffer_utilization,1,number,1.0000000000000000e+0,4900000000,,,a:98,,,
1,28fc35f2-f19a-4bac-a5b9-dd79e7263703,803,855,1,Main.a.txQueue,queue_length,count,integer,2,4900000000,,,a:98,,,
1,28fc35f2-f19a-4bac-a5b9-dd79e7263703,804,856,0,Main.b.txQueue,buffer_utilization,1,number,1.0000000000000000e+0,4900000000,,,b:98,,,
1,28fc35f2-f19a-4bac-a5b9-dd79e7263703,805,856,1,Main.b.txQueue,queue_length,count,integer,2,4900000000,,,b:98,,,
1,28fc35f2-f19a-4bac-a5b9-dd79e7263703,806,857,0,Main.c.txQueue,buffer_utilization,1,number,1.0000000000000000e+0,4900000000,,,c:98,,,
1,28fc35f2-f19a-4bac-a5b9-dd79e7263703,807,857,1,Main.c.txQueue,queue_length,count,integer,2,4900000000,,,c:98,,,
1,28fc35f2-f19a-4bac-a5b9-dd79e7263703,808,863,0,Main.a.txQueue,buffer_utilization,1,number,1.0000000000000000e+0,4950000000,,,a:99,,,
1,28fc35f2-f19a-4bac-a5b9-dd79e7263703,809,863,1,Main.a.txQueue,queue_length,count,integer,2,4950000000,,,a:99,,,
1,28fc35f2-f19a-4bac-a5b9-dd79e7263703,810,864,0,Main.b.txQueue,buffer_utilization,1,number,1.0000000000000000e+0,4950000000,,,b:99,,,
1,28fc35f2-f19a-4bac-a5b9-dd79e7263703,811,864,1,Main.b.txQueue,queue_length,count,integer,2,4950000000,,,b:99,,,
1,28fc35f2-f19a-4bac-a5b9-dd79e7263703,812,865,0,Main.c.txQueue,buffer_utilization,1,number,1.0000000000000000e+0,4950000000,,,c:99,,,
1,28fc35f2-f19a-4bac-a5b9-dd79e7263703,813,865,1,Main.c.txQueue,queue_length,count,integer,2,4950000000,,,c:99,,,
1,28fc35f2-f19a-4bac-a5b9-dd79e7263703,814,,,Main.a,received_payload_bits,bit,integer,0,,4000000000,5000000000,,Main.a,,
1,28fc35f2-f19a-4bac-a5b9-dd79e7263703,815,,,Main.a,received_throughput_bps,bit/s,number,0.0000000000000000e+0,,4000000000,5000000000,,Main.a,,
1,28fc35f2-f19a-4bac-a5b9-dd79e7263703,816,,,Main.a.txQueue,buffer_utilization_mean,1,number,9.7799999999999998e-1,,4000000000,5000000000,,,,
1,28fc35f2-f19a-4bac-a5b9-dd79e7263703,817,,,Main.b,received_payload_bits,bit,integer,256,,4000000000,5000000000,,Main.b,,
1,28fc35f2-f19a-4bac-a5b9-dd79e7263703,818,,,Main.b,received_throughput_bps,bit/s,number,2.5600000000000000e+5,,4000000000,5000000000,,Main.b,,
1,28fc35f2-f19a-4bac-a5b9-dd79e7263703,819,,,Main.b.txQueue,buffer_utilization_mean,1,number,1.0000000000000000e+0,,4000000000,5000000000,,,,
1,28fc35f2-f19a-4bac-a5b9-dd79e7263703,820,,,Main.bus,bus_utilization,1,number,1.0000000000000000e+0,,4000000000,5000000000,,,,
1,28fc35f2-f19a-4bac-a5b9-dd79e7263703,821,,,Main.bus,frame_utilization,1,number,9.7599999999999998e-1,,4000000000,5000000000,,,,
1,28fc35f2-f19a-4bac-a5b9-dd79e7263703,822,,,Main.bus,occupied_bits,bit,integer,488,,4000000000,5000000000,,,,
1,28fc35f2-f19a-4bac-a5b9-dd79e7263703,823,,,Main.bus,payload_bits,bit,integer,256,,4000000000,5000000000,,,,
1,28fc35f2-f19a-4bac-a5b9-dd79e7263703,824,,,Main.bus,payload_throughput_bps,bit/s,number,2.5600000000000000e+5,,4000000000,5000000000,,,,
1,28fc35f2-f19a-4bac-a5b9-dd79e7263703,825,,,Main.bus,serialized_bits,bit,integer,476,,4000000000,5000000000,,,,
1,28fc35f2-f19a-4bac-a5b9-dd79e7263703,826,,,Main.bus,serialized_throughput_bps,bit/s,number,4.7600000000000000e+5,,4000000000,5000000000,,,,
1,28fc35f2-f19a-4bac-a5b9-dd79e7263703,827,,,Main.c,received_payload_bits,bit,integer,256,,4000000000,5000000000,,Main.c,,
1,28fc35f2-f19a-4bac-a5b9-dd79e7263703,828,,,Main.c,received_throughput_bps,bit/s,number,2.5600000000000000e+5,,4000000000,5000000000,,Main.c,,
1,28fc35f2-f19a-4bac-a5b9-dd79e7263703,829,,,Main.c.txQueue,buffer_utilization_mean,1,number,1.0000000000000000e+0,,4000000000,5000000000,,,,
1,28fc35f2-f19a-4bac-a5b9-dd79e7263703,830,870,0,Main.a.txQueue,buffer_utilization,1,number,1.0000000000000000e+0,5000000000,,,a:100,,,
1,28fc35f2-f19a-4bac-a5b9-dd79e7263703,831,870,1,Main.a.txQueue,queue_length,count,integer,2,5000000000,,,a:100,,,
1,28fc35f2-f19a-4bac-a5b9-dd79e7263703,832,871,0,Main.b.txQueue,buffer_utilization,1,number,1.0000000000000000e+0,5000000000,,,b:100,,,
1,28fc35f2-f19a-4bac-a5b9-dd79e7263703,833,871,1,Main.b.txQueue,queue_length,count,integer,2,5000000000,,,b:100,,,
1,28fc35f2-f19a-4bac-a5b9-dd79e7263703,834,872,0,Main.c.txQueue,buffer_utilization,1,number,1.0000000000000000e+0,5000000000,,,c:100,,,
1,28fc35f2-f19a-4bac-a5b9-dd79e7263703,835,872,1,Main.c.txQueue,queue_length,count,integer,2,5000000000,,,c:100,,,
1,28fc35f2-f19a-4bac-a5b9-dd79e7263703,836,877,0,Main.a.txQueue,buffer_utilization,1,number,1.0000000000000000e+0,5050000000,,,a:101,,,
1,28fc35f2-f19a-4bac-a5b9-dd79e7263703,837,877,1,Main.a.txQueue,queue_length,count,integer,2,5050000000,,,a:101,,,
1,28fc35f2-f19a-4bac-a5b9-dd79e7263703,838,878,0,Main.b.txQueue,buffer_utilization,1,number,1.0000000000000000e+0,5050000000,,,b:101,,,
1,28fc35f2-f19a-4bac-a5b9-dd79e7263703,839,878,1,Main.b.txQueue,queue_length,count,integer,2,5050000000,,,b:101,,,
1,28fc35f2-f19a-4bac-a5b9-dd79e7263703,840,879,0,Main.c.txQueue,buffer_utilization,1,number,1.0000000000000000e+0,5050000000,,,c:101,,,
1,28fc35f2-f19a-4bac-a5b9-dd79e7263703,841,879,1,Main.c.txQueue,queue_length,count,integer,2,5050000000,,,c:101,,,
1,28fc35f2-f19a-4bac-a5b9-dd79e7263703,842,884,0,Main.a.txQueue,buffer_utilization,1,number,1.0000000000000000e+0,5100000000,,,a:102,,,
1,28fc35f2-f19a-4bac-a5b9-dd79e7263703,843,884,1,Main.a.txQueue,queue_length,count,integer,2,5100000000,,,a:102,,,
1,28fc35f2-f19a-4bac-a5b9-dd79e7263703,844,885,0,Main.b.txQueue,buffer_utilization,1,number,1.0000000000000000e+0,5100000000,,,b:102,,,
1,28fc35f2-f19a-4bac-a5b9-dd79e7263703,845,885,1,Main.b.txQueue,queue_length,count,integer,2,5100000000,,,b:102,,,
1,28fc35f2-f19a-4bac-a5b9-dd79e7263703,846,886,0,Main.c.txQueue,buffer_utilization,1,number,1.0000000000000000e+0,5100000000,,,c:102,,,
1,28fc35f2-f19a-4bac-a5b9-dd79e7263703,847,886,1,Main.c.txQueue,queue_length,count,integer,2,5100000000,,,c:102,,,
1,28fc35f2-f19a-4bac-a5b9-dd79e7263703,848,849,0,Main.bus,transfer_ps,ps,integer,238000000,5118000000,,,a:88,,,
1,28fc35f2-f19a-4bac-a5b9-dd79e7263703,849,889,0,Main.b,delivery_ps,ps,integer,718000000,5118000000,,,a:88,Main.b,,
1,28fc35f2-f19a-4bac-a5b9-dd79e7263703,850,890,0,Main.c,delivery_ps,ps,integer,718000000,5118000000,,,a:88,Main.c,,
1,28fc35f2-f19a-4bac-a5b9-dd79e7263703,851,891,0,Main.a,arbitration_wait_ps,ps,integer,474000000,5124000000,,,a:93,,,
1,28fc35f2-f19a-4bac-a5b9-dd79e7263703,852,891,1,Main.a,tx_wait_ps,ps,integer,474000000,5124000000,,,a:93,,,
1,28fc35f2-f19a-4bac-a5b9-dd79e7263703,853,891,2,Main.a.txQueue,buffer_utilization,1,number,5.0000000000000000e-1,5124000000,,,a:93,,,
1,28fc35f2-f19a-4bac-a5b9-dd79e7263703,854,891,3,Main.a.txQueue,queue_length,count,integer,1,5124000000,,,a:93,,,
1,28fc35f2-f19a-4bac-a5b9-dd79e7263703,855,898,0,Main.a.txQueue,buffer_utilization,1,number,1.0000000000000000e+0,5150000000,,,a:103,,,
1,28fc35f2-f19a-4bac-a5b9-dd79e7263703,856,898,1,Main.a.txQueue,queue_length,count,integer,2,5150000000,,,a:103,,,
1,28fc35f2-f19a-4bac-a5b9-dd79e7263703,857,899,0,Main.b.txQueue,buffer_utilization,1,number,1.0000000000000000e+0,5150000000,,,b:103,,,
1,28fc35f2-f19a-4bac-a5b9-dd79e7263703,858,899,1,Main.b.txQueue,queue_length,count,integer,2,5150000000,,,b:103,,,
1,28fc35f2-f19a-4bac-a5b9-dd79e7263703,859,900,0,Main.c.txQueue,buffer_utilization,1,number,1.0000000000000000e+0,5150000000,,,c:103,,,
1,28fc35f2-f19a-4bac-a5b9-dd79e7263703,860,900,1,Main.c.txQueue,queue_length,count,integer,2,5150000000,,,c:103,,,
1,28fc35f2-f19a-4bac-a5b9-dd79e7263703,861,906,0,Main.a.txQueue,buffer_utilization,1,number,1.0000000000000000e+0,5200000000,,,a:104,,,
1,28fc35f2-f19a-4bac-a5b9-dd79e7263703,862,906,1,Main.a.txQueue,queue_length,count,integer,2,5200000000,,,a:104,,,
1,28fc35f2-f19a-4bac-a5b9-dd79e7263703,863,907,0,Main.b.txQueue,buffer_utilization,1,number,1.0000000000000000e+0,5200000000,,,b:104,,,
1,28fc35f2-f19a-4bac-a5b9-dd79e7263703,864,907,1,Main.b.txQueue,queue_length,count,integer,2,5200000000,,,b:104,,,
1,28fc35f2-f19a-4bac-a5b9-dd79e7263703,865,908,0,Main.c.txQueue,buffer_utilization,1,number,1.0000000000000000e+0,5200000000,,,c:104,,,
1,28fc35f2-f19a-4bac-a5b9-dd79e7263703,866,908,1,Main.c.txQueue,queue_length,count,integer,2,5200000000,,,c:104,,,
1,28fc35f2-f19a-4bac-a5b9-dd79e7263703,867,913,0,Main.a.txQueue,buffer_utilization,1,number,1.0000000000000000e+0,5250000000,,,a:105,,,
1,28fc35f2-f19a-4bac-a5b9-dd79e7263703,868,913,1,Main.a.txQueue,queue_length,count,integer,2,5250000000,,,a:105,,,
1,28fc35f2-f19a-4bac-a5b9-dd79e7263703,869,914,0,Main.b.txQueue,buffer_utilization,1,number,1.0000000000000000e+0,5250000000,,,b:105,,,
1,28fc35f2-f19a-4bac-a5b9-dd79e7263703,870,914,1,Main.b.txQueue,queue_length,count,integer,2,5250000000,,,b:105,,,
1,28fc35f2-f19a-4bac-a5b9-dd79e7263703,871,915,0,Main.c.txQueue,buffer_utilization,1,number,1.0000000000000000e+0,5250000000,,,c:105,,,
1,28fc35f2-f19a-4bac-a5b9-dd79e7263703,872,915,1,Main.c.txQueue,queue_length,count,integer,2,5250000000,,,c:105,,,
1,28fc35f2-f19a-4bac-a5b9-dd79e7263703,873,920,0,Main.a.txQueue,buffer_utilization,1,number,1.0000000000000000e+0,5300000000,,,a:106,,,
1,28fc35f2-f19a-4bac-a5b9-dd79e7263703,874,920,1,Main.a.txQueue,queue_length,count,integer,2,5300000000,,,a:106,,,
1,28fc35f2-f19a-4bac-a5b9-dd79e7263703,875,921,0,Main.b.txQueue,buffer_utilization,1,number,1.0000000000000000e+0,5300000000,,,b:106,,,
1,28fc35f2-f19a-4bac-a5b9-dd79e7263703,876,921,1,Main.b.txQueue,queue_length,count,integer,2,5300000000,,,b:106,,,
1,28fc35f2-f19a-4bac-a5b9-dd79e7263703,877,922,0,Main.c.txQueue,buffer_utilization,1,number,1.0000000000000000e+0,5300000000,,,c:106,,,
1,28fc35f2-f19a-4bac-a5b9-dd79e7263703,878,922,1,Main.c.txQueue,queue_length,count,integer,2,5300000000,,,c:106,,,
1,28fc35f2-f19a-4bac-a5b9-dd79e7263703,879,927,0,Main.a.txQueue,buffer_utilization,1,number,1.0000000000000000e+0,5350000000,,,a:107,,,
1,28fc35f2-f19a-4bac-a5b9-dd79e7263703,880,927,1,Main.a.txQueue,queue_length,count,integer,2,5350000000,,,a:107,,,
1,28fc35f2-f19a-4bac-a5b9-dd79e7263703,881,928,0,Main.b.txQueue,buffer_utilization,1,number,1.0000000000000000e+0,5350000000,,,b:107,,,
1,28fc35f2-f19a-4bac-a5b9-dd79e7263703,882,928,1,Main.b.txQueue,queue_length,count,integer,2,5350000000,,,b:107,,,
1,28fc35f2-f19a-4bac-a5b9-dd79e7263703,883,929,0,Main.c.txQueue,buffer_utilization,1,number,1.0000000000000000e+0,5350000000,,,c:107,,,
1,28fc35f2-f19a-4bac-a5b9-dd79e7263703,884,929,1,Main.c.txQueue,queue_length,count,integer,2,5350000000,,,c:107,,,
1,28fc35f2-f19a-4bac-a5b9-dd79e7263703,885,892,0,Main.bus,transfer_ps,ps,integer,238000000,5362000000,,,a:93,,,
1,28fc35f2-f19a-4bac-a5b9-dd79e7263703,886,932,0,Main.b,delivery_ps,ps,integer,712000000,5362000000,,,a:93,Main.b,,
1,28fc35f2-f19a-4bac-a5b9-dd79e7263703,887,933,0,Main.c,delivery_ps,ps,integer,712000000,5362000000,,,a:93,Main.c,,
1,28fc35f2-f19a-4bac-a5b9-dd79e7263703,888,934,0,Main.a,arbitration_wait_ps,ps,integer,468000000,5368000000,,,a:98,,,
1,28fc35f2-f19a-4bac-a5b9-dd79e7263703,889,934,1,Main.a,tx_wait_ps,ps,integer,468000000,5368000000,,,a:98,,,
1,28fc35f2-f19a-4bac-a5b9-dd79e7263703,890,934,2,Main.a.txQueue,buffer_utilization,1,number,5.0000000000000000e-1,5368000000,,,a:98,,,
1,28fc35f2-f19a-4bac-a5b9-dd79e7263703,891,934,3,Main.a.txQueue,queue_length,count,integer,1,5368000000,,,a:98,,,
1,28fc35f2-f19a-4bac-a5b9-dd79e7263703,892,941,0,Main.a.txQueue,buffer_utilization,1,number,1.0000000000000000e+0,5400000000,,,a:108,,,
1,28fc35f2-f19a-4bac-a5b9-dd79e7263703,893,941,1,Main.a.txQueue,queue_length,count,integer,2,5400000000,,,a:108,,,
1,28fc35f2-f19a-4bac-a5b9-dd79e7263703,894,942,0,Main.b.txQueue,buffer_utilization,1,number,1.0000000000000000e+0,5400000000,,,b:108,,,
1,28fc35f2-f19a-4bac-a5b9-dd79e7263703,895,942,1,Main.b.txQueue,queue_length,count,integer,2,5400000000,,,b:108,,,
1,28fc35f2-f19a-4bac-a5b9-dd79e7263703,896,943,0,Main.c.txQueue,buffer_utilization,1,number,1.0000000000000000e+0,5400000000,,,c:108,,,
1,28fc35f2-f19a-4bac-a5b9-dd79e7263703,897,943,1,Main.c.txQueue,queue_length,count,integer,2,5400000000,,,c:108,,,
1,28fc35f2-f19a-4bac-a5b9-dd79e7263703,898,949,0,Main.a.txQueue,buffer_utilization,1,number,1.0000000000000000e+0,5450000000,,,a:109,,,
1,28fc35f2-f19a-4bac-a5b9-dd79e7263703,899,949,1,Main.a.txQueue,queue_length,count,integer,2,5450000000,,,a:109,,,
1,28fc35f2-f19a-4bac-a5b9-dd79e7263703,900,950,0,Main.b.txQueue,buffer_utilization,1,number,1.0000000000000000e+0,5450000000,,,b:109,,,
1,28fc35f2-f19a-4bac-a5b9-dd79e7263703,901,950,1,Main.b.txQueue,queue_length,count,integer,2,5450000000,,,b:109,,,
1,28fc35f2-f19a-4bac-a5b9-dd79e7263703,902,951,0,Main.c.txQueue,buffer_utilization,1,number,1.0000000000000000e+0,5450000000,,,c:109,,,
1,28fc35f2-f19a-4bac-a5b9-dd79e7263703,903,951,1,Main.c.txQueue,queue_length,count,integer,2,5450000000,,,c:109,,,
1,28fc35f2-f19a-4bac-a5b9-dd79e7263703,904,956,0,Main.a.txQueue,buffer_utilization,1,number,1.0000000000000000e+0,5500000000,,,a:110,,,
1,28fc35f2-f19a-4bac-a5b9-dd79e7263703,905,956,1,Main.a.txQueue,queue_length,count,integer,2,5500000000,,,a:110,,,
1,28fc35f2-f19a-4bac-a5b9-dd79e7263703,906,957,0,Main.b.txQueue,buffer_utilization,1,number,1.0000000000000000e+0,5500000000,,,b:110,,,
1,28fc35f2-f19a-4bac-a5b9-dd79e7263703,907,957,1,Main.b.txQueue,queue_length,count,integer,2,5500000000,,,b:110,,,
1,28fc35f2-f19a-4bac-a5b9-dd79e7263703,908,958,0,Main.c.txQueue,buffer_utilization,1,number,1.0000000000000000e+0,5500000000,,,c:110,,,
1,28fc35f2-f19a-4bac-a5b9-dd79e7263703,909,958,1,Main.c.txQueue,queue_length,count,integer,2,5500000000,,,c:110,,,
1,28fc35f2-f19a-4bac-a5b9-dd79e7263703,910,963,0,Main.a.txQueue,buffer_utilization,1,number,1.0000000000000000e+0,5550000000,,,a:111,,,
1,28fc35f2-f19a-4bac-a5b9-dd79e7263703,911,963,1,Main.a.txQueue,queue_length,count,integer,2,5550000000,,,a:111,,,
1,28fc35f2-f19a-4bac-a5b9-dd79e7263703,912,964,0,Main.b.txQueue,buffer_utilization,1,number,1.0000000000000000e+0,5550000000,,,b:111,,,
1,28fc35f2-f19a-4bac-a5b9-dd79e7263703,913,964,1,Main.b.txQueue,queue_length,count,integer,2,5550000000,,,b:111,,,
1,28fc35f2-f19a-4bac-a5b9-dd79e7263703,914,965,0,Main.c.txQueue,buffer_utilization,1,number,1.0000000000000000e+0,5550000000,,,c:111,,,
1,28fc35f2-f19a-4bac-a5b9-dd79e7263703,915,965,1,Main.c.txQueue,queue_length,count,integer,2,5550000000,,,c:111,,,
1,28fc35f2-f19a-4bac-a5b9-dd79e7263703,916,970,0,Main.a.txQueue,buffer_utilization,1,number,1.0000000000000000e+0,5600000000,,,a:112,,,
1,28fc35f2-f19a-4bac-a5b9-dd79e7263703,917,970,1,Main.a.txQueue,queue_length,count,integer,2,5600000000,,,a:112,,,
1,28fc35f2-f19a-4bac-a5b9-dd79e7263703,918,971,0,Main.b.txQueue,buffer_utilization,1,number,1.0000000000000000e+0,5600000000,,,b:112,,,
1,28fc35f2-f19a-4bac-a5b9-dd79e7263703,919,971,1,Main.b.txQueue,queue_length,count,integer,2,5600000000,,,b:112,,,
1,28fc35f2-f19a-4bac-a5b9-dd79e7263703,920,972,0,Main.c.txQueue,buffer_utilization,1,number,1.0000000000000000e+0,5600000000,,,c:112,,,
1,28fc35f2-f19a-4bac-a5b9-dd79e7263703,921,972,1,Main.c.txQueue,queue_length,count,integer,2,5600000000,,,c:112,,,
1,28fc35f2-f19a-4bac-a5b9-dd79e7263703,922,935,0,Main.bus,transfer_ps,ps,integer,238000000,5606000000,,,a:98,,,
1,28fc35f2-f19a-4bac-a5b9-dd79e7263703,923,975,0,Main.b,delivery_ps,ps,integer,706000000,5606000000,,,a:98,Main.b,,
1,28fc35f2-f19a-4bac-a5b9-dd79e7263703,924,976,0,Main.c,delivery_ps,ps,integer,706000000,5606000000,,,a:98,Main.c,,
1,28fc35f2-f19a-4bac-a5b9-dd79e7263703,925,977,0,Main.a,arbitration_wait_ps,ps,integer,462000000,5612000000,,,a:103,,,
1,28fc35f2-f19a-4bac-a5b9-dd79e7263703,926,977,1,Main.a,tx_wait_ps,ps,integer,462000000,5612000000,,,a:103,,,
1,28fc35f2-f19a-4bac-a5b9-dd79e7263703,927,977,2,Main.a.txQueue,buffer_utilization,1,number,5.0000000000000000e-1,5612000000,,,a:103,,,
1,28fc35f2-f19a-4bac-a5b9-dd79e7263703,928,977,3,Main.a.txQueue,queue_length,count,integer,1,5612000000,,,a:103,,,
1,28fc35f2-f19a-4bac-a5b9-dd79e7263703,929,984,0,Main.a.txQueue,buffer_utilization,1,number,1.0000000000000000e+0,5650000000,,,a:113,,,
1,28fc35f2-f19a-4bac-a5b9-dd79e7263703,930,984,1,Main.a.txQueue,queue_length,count,integer,2,5650000000,,,a:113,,,
1,28fc35f2-f19a-4bac-a5b9-dd79e7263703,931,985,0,Main.b.txQueue,buffer_utilization,1,number,1.0000000000000000e+0,5650000000,,,b:113,,,
1,28fc35f2-f19a-4bac-a5b9-dd79e7263703,932,985,1,Main.b.txQueue,queue_length,count,integer,2,5650000000,,,b:113,,,
1,28fc35f2-f19a-4bac-a5b9-dd79e7263703,933,986,0,Main.c.txQueue,buffer_utilization,1,number,1.0000000000000000e+0,5650000000,,,c:113,,,
1,28fc35f2-f19a-4bac-a5b9-dd79e7263703,934,986,1,Main.c.txQueue,queue_length,count,integer,2,5650000000,,,c:113,,,
1,28fc35f2-f19a-4bac-a5b9-dd79e7263703,935,992,0,Main.a.txQueue,buffer_utilization,1,number,1.0000000000000000e+0,5700000000,,,a:114,,,
1,28fc35f2-f19a-4bac-a5b9-dd79e7263703,936,992,1,Main.a.txQueue,queue_length,count,integer,2,5700000000,,,a:114,,,
1,28fc35f2-f19a-4bac-a5b9-dd79e7263703,937,993,0,Main.b.txQueue,buffer_utilization,1,number,1.0000000000000000e+0,5700000000,,,b:114,,,
1,28fc35f2-f19a-4bac-a5b9-dd79e7263703,938,993,1,Main.b.txQueue,queue_length,count,integer,2,5700000000,,,b:114,,,
1,28fc35f2-f19a-4bac-a5b9-dd79e7263703,939,994,0,Main.c.txQueue,buffer_utilization,1,number,1.0000000000000000e+0,5700000000,,,c:114,,,
1,28fc35f2-f19a-4bac-a5b9-dd79e7263703,940,994,1,Main.c.txQueue,queue_length,count,integer,2,5700000000,,,c:114,,,
1,28fc35f2-f19a-4bac-a5b9-dd79e7263703,941,999,0,Main.a.txQueue,buffer_utilization,1,number,1.0000000000000000e+0,5750000000,,,a:115,,,
1,28fc35f2-f19a-4bac-a5b9-dd79e7263703,942,999,1,Main.a.txQueue,queue_length,count,integer,2,5750000000,,,a:115,,,
1,28fc35f2-f19a-4bac-a5b9-dd79e7263703,943,1000,0,Main.b.txQueue,buffer_utilization,1,number,1.0000000000000000e+0,5750000000,,,b:115,,,
1,28fc35f2-f19a-4bac-a5b9-dd79e7263703,944,1000,1,Main.b.txQueue,queue_length,count,integer,2,5750000000,,,b:115,,,
1,28fc35f2-f19a-4bac-a5b9-dd79e7263703,945,1001,0,Main.c.txQueue,buffer_utilization,1,number,1.0000000000000000e+0,5750000000,,,c:115,,,
1,28fc35f2-f19a-4bac-a5b9-dd79e7263703,946,1001,1,Main.c.txQueue,queue_length,count,integer,2,5750000000,,,c:115,,,
1,28fc35f2-f19a-4bac-a5b9-dd79e7263703,947,1006,0,Main.a.txQueue,buffer_utilization,1,number,1.0000000000000000e+0,5800000000,,,a:116,,,
1,28fc35f2-f19a-4bac-a5b9-dd79e7263703,948,1006,1,Main.a.txQueue,queue_length,count,integer,2,5800000000,,,a:116,,,
1,28fc35f2-f19a-4bac-a5b9-dd79e7263703,949,1007,0,Main.b.txQueue,buffer_utilization,1,number,1.0000000000000000e+0,5800000000,,,b:116,,,
1,28fc35f2-f19a-4bac-a5b9-dd79e7263703,950,1007,1,Main.b.txQueue,queue_length,count,integer,2,5800000000,,,b:116,,,
1,28fc35f2-f19a-4bac-a5b9-dd79e7263703,951,1008,0,Main.c.txQueue,buffer_utilization,1,number,1.0000000000000000e+0,5800000000,,,c:116,,,
1,28fc35f2-f19a-4bac-a5b9-dd79e7263703,952,1008,1,Main.c.txQueue,queue_length,count,integer,2,5800000000,,,c:116,,,
1,28fc35f2-f19a-4bac-a5b9-dd79e7263703,953,978,0,Main.bus,transfer_ps,ps,integer,238000000,5850000000,,,a:103,,,
1,28fc35f2-f19a-4bac-a5b9-dd79e7263703,954,1015,0,Main.b,delivery_ps,ps,integer,700000000,5850000000,,,a:103,Main.b,,
1,28fc35f2-f19a-4bac-a5b9-dd79e7263703,955,1016,0,Main.c,delivery_ps,ps,integer,700000000,5850000000,,,a:103,Main.c,,
1,28fc35f2-f19a-4bac-a5b9-dd79e7263703,956,1017,0,Main.a.txQueue,buffer_utilization,1,number,1.0000000000000000e+0,5850000000,,,a:117,,,
1,28fc35f2-f19a-4bac-a5b9-dd79e7263703,957,1017,1,Main.a.txQueue,queue_length,count,integer,2,5850000000,,,a:117,,,
1,28fc35f2-f19a-4bac-a5b9-dd79e7263703,958,1018,0,Main.b.txQueue,buffer_utilization,1,number,1.0000000000000000e+0,5850000000,,,b:117,,,
1,28fc35f2-f19a-4bac-a5b9-dd79e7263703,959,1018,1,Main.b.txQueue,queue_length,count,integer,2,5850000000,,,b:117,,,
1,28fc35f2-f19a-4bac-a5b9-dd79e7263703,960,1019,0,Main.c.txQueue,buffer_utilization,1,number,1.0000000000000000e+0,5850000000,,,c:117,,,
1,28fc35f2-f19a-4bac-a5b9-dd79e7263703,961,1019,1,Main.c.txQueue,queue_length,count,integer,2,5850000000,,,c:117,,,
1,28fc35f2-f19a-4bac-a5b9-dd79e7263703,962,1020,0,Main.a,arbitration_wait_ps,ps,integer,456000000,5856000000,,,a:108,,,
1,28fc35f2-f19a-4bac-a5b9-dd79e7263703,963,1020,1,Main.a,tx_wait_ps,ps,integer,456000000,5856000000,,,a:108,,,
1,28fc35f2-f19a-4bac-a5b9-dd79e7263703,964,1020,2,Main.a.txQueue,buffer_utilization,1,number,5.0000000000000000e-1,5856000000,,,a:108,,,
1,28fc35f2-f19a-4bac-a5b9-dd79e7263703,965,1020,3,Main.a.txQueue,queue_length,count,integer,1,5856000000,,,a:108,,,
1,28fc35f2-f19a-4bac-a5b9-dd79e7263703,966,1027,0,Main.a.txQueue,buffer_utilization,1,number,1.0000000000000000e+0,5900000000,,,a:118,,,
1,28fc35f2-f19a-4bac-a5b9-dd79e7263703,967,1027,1,Main.a.txQueue,queue_length,count,integer,2,5900000000,,,a:118,,,
1,28fc35f2-f19a-4bac-a5b9-dd79e7263703,968,1028,0,Main.b.txQueue,buffer_utilization,1,number,1.0000000000000000e+0,5900000000,,,b:118,,,
1,28fc35f2-f19a-4bac-a5b9-dd79e7263703,969,1028,1,Main.b.txQueue,queue_length,count,integer,2,5900000000,,,b:118,,,
1,28fc35f2-f19a-4bac-a5b9-dd79e7263703,970,1029,0,Main.c.txQueue,buffer_utilization,1,number,1.0000000000000000e+0,5900000000,,,c:118,,,
1,28fc35f2-f19a-4bac-a5b9-dd79e7263703,971,1029,1,Main.c.txQueue,queue_length,count,integer,2,5900000000,,,c:118,,,
1,28fc35f2-f19a-4bac-a5b9-dd79e7263703,972,1035,0,Main.a.txQueue,buffer_utilization,1,number,1.0000000000000000e+0,5950000000,,,a:119,,,
1,28fc35f2-f19a-4bac-a5b9-dd79e7263703,973,1035,1,Main.a.txQueue,queue_length,count,integer,2,5950000000,,,a:119,,,
1,28fc35f2-f19a-4bac-a5b9-dd79e7263703,974,1036,0,Main.b.txQueue,buffer_utilization,1,number,1.0000000000000000e+0,5950000000,,,b:119,,,
1,28fc35f2-f19a-4bac-a5b9-dd79e7263703,975,1036,1,Main.b.txQueue,queue_length,count,integer,2,5950000000,,,b:119,,,
1,28fc35f2-f19a-4bac-a5b9-dd79e7263703,976,1037,0,Main.c.txQueue,buffer_utilization,1,number,1.0000000000000000e+0,5950000000,,,c:119,,,
1,28fc35f2-f19a-4bac-a5b9-dd79e7263703,977,1037,1,Main.c.txQueue,queue_length,count,integer,2,5950000000,,,c:119,,,
1,28fc35f2-f19a-4bac-a5b9-dd79e7263703,978,,,Main.a,received_payload_bits,bit,integer,0,,5000000000,6000000000,,Main.a,,
1,28fc35f2-f19a-4bac-a5b9-dd79e7263703,979,,,Main.a,received_throughput_bps,bit/s,number,0.0000000000000000e+0,,5000000000,6000000000,,Main.a,,
1,28fc35f2-f19a-4bac-a5b9-dd79e7263703,980,,,Main.a.txQueue,buffer_utilization_mean,1,number,9.3000000000000005e-1,,5000000000,6000000000,,,,
1,28fc35f2-f19a-4bac-a5b9-dd79e7263703,981,,,Main.b,received_payload_bits,bit,integer,256,,5000000000,6000000000,,Main.b,,
1,28fc35f2-f19a-4bac-a5b9-dd79e7263703,982,,,Main.b,received_throughput_bps,bit/s,number,2.5600000000000000e+5,,5000000000,6000000000,,Main.b,,
1,28fc35f2-f19a-4bac-a5b9-dd79e7263703,983,,,Main.b.txQueue,buffer_utilization_mean,1,number,1.0000000000000000e+0,,5000000000,6000000000,,,,
1,28fc35f2-f19a-4bac-a5b9-dd79e7263703,984,,,Main.bus,bus_utilization,1,number,1.0000000000000000e+0,,5000000000,6000000000,,,,
1,28fc35f2-f19a-4bac-a5b9-dd79e7263703,985,,,Main.bus,frame_utilization,1,number,9.7599999999999998e-1,,5000000000,6000000000,,,,
1,28fc35f2-f19a-4bac-a5b9-dd79e7263703,986,,,Main.bus,occupied_bits,bit,integer,488,,5000000000,6000000000,,,,
1,28fc35f2-f19a-4bac-a5b9-dd79e7263703,987,,,Main.bus,payload_bits,bit,integer,256,,5000000000,6000000000,,,,
1,28fc35f2-f19a-4bac-a5b9-dd79e7263703,988,,,Main.bus,payload_throughput_bps,bit/s,number,2.5600000000000000e+5,,5000000000,6000000000,,,,
1,28fc35f2-f19a-4bac-a5b9-dd79e7263703,989,,,Main.bus,serialized_bits,bit,integer,476,,5000000000,6000000000,,,,
1,28fc35f2-f19a-4bac-a5b9-dd79e7263703,990,,,Main.bus,serialized_throughput_bps,bit/s,number,4.7600000000000000e+5,,5000000000,6000000000,,,,
1,28fc35f2-f19a-4bac-a5b9-dd79e7263703,991,,,Main.c,received_payload_bits,bit,integer,256,,5000000000,6000000000,,Main.c,,
1,28fc35f2-f19a-4bac-a5b9-dd79e7263703,992,,,Main.c,received_throughput_bps,bit/s,number,2.5600000000000000e+5,,5000000000,6000000000,,Main.c,,
1,28fc35f2-f19a-4bac-a5b9-dd79e7263703,993,,,Main.c.txQueue,buffer_utilization_mean,1,number,1.0000000000000000e+0,,5000000000,6000000000,,,,
1,28fc35f2-f19a-4bac-a5b9-dd79e7263703,994,1042,0,Main.a.txQueue,buffer_utilization,1,number,1.0000000000000000e+0,6000000000,,,a:120,,,
1,28fc35f2-f19a-4bac-a5b9-dd79e7263703,995,1042,1,Main.a.txQueue,queue_length,count,integer,2,6000000000,,,a:120,,,
1,28fc35f2-f19a-4bac-a5b9-dd79e7263703,996,1043,0,Main.b.txQueue,buffer_utilization,1,number,1.0000000000000000e+0,6000000000,,,b:120,,,
1,28fc35f2-f19a-4bac-a5b9-dd79e7263703,997,1043,1,Main.b.txQueue,queue_length,count,integer,2,6000000000,,,b:120,,,
1,28fc35f2-f19a-4bac-a5b9-dd79e7263703,998,1044,0,Main.c.txQueue,buffer_utilization,1,number,1.0000000000000000e+0,6000000000,,,c:120,,,
1,28fc35f2-f19a-4bac-a5b9-dd79e7263703,999,1044,1,Main.c.txQueue,queue_length,count,integer,2,6000000000,,,c:120,,,
1,28fc35f2-f19a-4bac-a5b9-dd79e7263703,1000,1049,0,Main.a.txQueue,buffer_utilization,1,number,1.0000000000000000e+0,6050000000,,,a:121,,,
1,28fc35f2-f19a-4bac-a5b9-dd79e7263703,1001,1049,1,Main.a.txQueue,queue_length,count,integer,2,6050000000,,,a:121,,,
1,28fc35f2-f19a-4bac-a5b9-dd79e7263703,1002,1050,0,Main.b.txQueue,buffer_utilization,1,number,1.0000000000000000e+0,6050000000,,,b:121,,,
1,28fc35f2-f19a-4bac-a5b9-dd79e7263703,1003,1050,1,Main.b.txQueue,queue_length,count,integer,2,6050000000,,,b:121,,,
1,28fc35f2-f19a-4bac-a5b9-dd79e7263703,1004,1051,0,Main.c.txQueue,buffer_utilization,1,number,1.0000000000000000e+0,6050000000,,,c:121,,,
1,28fc35f2-f19a-4bac-a5b9-dd79e7263703,1005,1051,1,Main.c.txQueue,queue_length,count,integer,2,6050000000,,,c:121,,,
1,28fc35f2-f19a-4bac-a5b9-dd79e7263703,1006,1021,0,Main.bus,transfer_ps,ps,integer,238000000,6094000000,,,a:108,,,
1,28fc35f2-f19a-4bac-a5b9-dd79e7263703,1007,1054,0,Main.b,delivery_ps,ps,integer,694000000,6094000000,,,a:108,Main.b,,
1,28fc35f2-f19a-4bac-a5b9-dd79e7263703,1008,1055,0,Main.c,delivery_ps,ps,integer,694000000,6094000000,,,a:108,Main.c,,
1,28fc35f2-f19a-4bac-a5b9-dd79e7263703,1009,1060,0,Main.a.txQueue,buffer_utilization,1,number,1.0000000000000000e+0,6100000000,,,a:122,,,
1,28fc35f2-f19a-4bac-a5b9-dd79e7263703,1010,1060,1,Main.a.txQueue,queue_length,count,integer,2,6100000000,,,a:122,,,
1,28fc35f2-f19a-4bac-a5b9-dd79e7263703,1011,1061,0,Main.b.txQueue,buffer_utilization,1,number,1.0000000000000000e+0,6100000000,,,b:122,,,
1,28fc35f2-f19a-4bac-a5b9-dd79e7263703,1012,1061,1,Main.b.txQueue,queue_length,count,integer,2,6100000000,,,b:122,,,
1,28fc35f2-f19a-4bac-a5b9-dd79e7263703,1013,1062,0,Main.c.txQueue,buffer_utilization,1,number,1.0000000000000000e+0,6100000000,,,c:122,,,
1,28fc35f2-f19a-4bac-a5b9-dd79e7263703,1014,1062,1,Main.c.txQueue,queue_length,count,integer,2,6100000000,,,c:122,,,
1,28fc35f2-f19a-4bac-a5b9-dd79e7263703,1015,1063,0,Main.a,arbitration_wait_ps,ps,integer,450000000,6100000000,,,a:113,,,
1,28fc35f2-f19a-4bac-a5b9-dd79e7263703,1016,1063,1,Main.a,tx_wait_ps,ps,integer,450000000,6100000000,,,a:113,,,
1,28fc35f2-f19a-4bac-a5b9-dd79e7263703,1017,1063,2,Main.a.txQueue,buffer_utilization,1,number,5.0000000000000000e-1,6100000000,,,a:113,,,
1,28fc35f2-f19a-4bac-a5b9-dd79e7263703,1018,1063,3,Main.a.txQueue,queue_length,count,integer,1,6100000000,,,a:113,,,
1,28fc35f2-f19a-4bac-a5b9-dd79e7263703,1019,1070,0,Main.a.txQueue,buffer_utilization,1,number,1.0000000000000000e+0,6150000000,,,a:123,,,
1,28fc35f2-f19a-4bac-a5b9-dd79e7263703,1020,1070,1,Main.a.txQueue,queue_length,count,integer,2,6150000000,,,a:123,,,
1,28fc35f2-f19a-4bac-a5b9-dd79e7263703,1021,1071,0,Main.b.txQueue,buffer_utilization,1,number,1.0000000000000000e+0,6150000000,,,b:123,,,
1,28fc35f2-f19a-4bac-a5b9-dd79e7263703,1022,1071,1,Main.b.txQueue,queue_length,count,integer,2,6150000000,,,b:123,,,
1,28fc35f2-f19a-4bac-a5b9-dd79e7263703,1023,1072,0,Main.c.txQueue,buffer_utilization,1,number,1.0000000000000000e+0,6150000000,,,c:123,,,
1,28fc35f2-f19a-4bac-a5b9-dd79e7263703,1024,1072,1,Main.c.txQueue,queue_length,count,integer,2,6150000000,,,c:123,,,
1,28fc35f2-f19a-4bac-a5b9-dd79e7263703,1025,1078,0,Main.a.txQueue,buffer_utilization,1,number,1.0000000000000000e+0,6200000000,,,a:124,,,
1,28fc35f2-f19a-4bac-a5b9-dd79e7263703,1026,1078,1,Main.a.txQueue,queue_length,count,integer,2,6200000000,,,a:124,,,
1,28fc35f2-f19a-4bac-a5b9-dd79e7263703,1027,1079,0,Main.b.txQueue,buffer_utilization,1,number,1.0000000000000000e+0,6200000000,,,b:124,,,
1,28fc35f2-f19a-4bac-a5b9-dd79e7263703,1028,1079,1,Main.b.txQueue,queue_length,count,integer,2,6200000000,,,b:124,,,
1,28fc35f2-f19a-4bac-a5b9-dd79e7263703,1029,1080,0,Main.c.txQueue,buffer_utilization,1,number,1.0000000000000000e+0,6200000000,,,c:124,,,
1,28fc35f2-f19a-4bac-a5b9-dd79e7263703,1030,1080,1,Main.c.txQueue,queue_length,count,integer,2,6200000000,,,c:124,,,
1,28fc35f2-f19a-4bac-a5b9-dd79e7263703,1031,1085,0,Main.a.txQueue,buffer_utilization,1,number,1.0000000000000000e+0,6250000000,,,a:125,,,
1,28fc35f2-f19a-4bac-a5b9-dd79e7263703,1032,1085,1,Main.a.txQueue,queue_length,count,integer,2,6250000000,,,a:125,,,
1,28fc35f2-f19a-4bac-a5b9-dd79e7263703,1033,1086,0,Main.b.txQueue,buffer_utilization,1,number,1.0000000000000000e+0,6250000000,,,b:125,,,
1,28fc35f2-f19a-4bac-a5b9-dd79e7263703,1034,1086,1,Main.b.txQueue,queue_length,count,integer,2,6250000000,,,b:125,,,
1,28fc35f2-f19a-4bac-a5b9-dd79e7263703,1035,1087,0,Main.c.txQueue,buffer_utilization,1,number,1.0000000000000000e+0,6250000000,,,c:125,,,
1,28fc35f2-f19a-4bac-a5b9-dd79e7263703,1036,1087,1,Main.c.txQueue,queue_length,count,integer,2,6250000000,,,c:125,,,
1,28fc35f2-f19a-4bac-a5b9-dd79e7263703,1037,1092,0,Main.a.txQueue,buffer_utilization,1,number,1.0000000000000000e+0,6300000000,,,a:126,,,
1,28fc35f2-f19a-4bac-a5b9-dd79e7263703,1038,1092,1,Main.a.txQueue,queue_length,count,integer,2,6300000000,,,a:126,,,
1,28fc35f2-f19a-4bac-a5b9-dd79e7263703,1039,1093,0,Main.b.txQueue,buffer_utilization,1,number,1.0000000000000000e+0,6300000000,,,b:126,,,
1,28fc35f2-f19a-4bac-a5b9-dd79e7263703,1040,1093,1,Main.b.txQueue,queue_length,count,integer,2,6300000000,,,b:126,,,
1,28fc35f2-f19a-4bac-a5b9-dd79e7263703,1041,1094,0,Main.c.txQueue,buffer_utilization,1,number,1.0000000000000000e+0,6300000000,,,c:126,,,
1,28fc35f2-f19a-4bac-a5b9-dd79e7263703,1042,1094,1,Main.c.txQueue,queue_length,count,integer,2,6300000000,,,c:126,,,
1,28fc35f2-f19a-4bac-a5b9-dd79e7263703,1043,1064,0,Main.bus,transfer_ps,ps,integer,238000000,6338000000,,,a:113,,,
1,28fc35f2-f19a-4bac-a5b9-dd79e7263703,1044,1097,0,Main.b,delivery_ps,ps,integer,688000000,6338000000,,,a:113,Main.b,,
1,28fc35f2-f19a-4bac-a5b9-dd79e7263703,1045,1098,0,Main.c,delivery_ps,ps,integer,688000000,6338000000,,,a:113,Main.c,,
1,28fc35f2-f19a-4bac-a5b9-dd79e7263703,1046,1099,0,Main.a,arbitration_wait_ps,ps,integer,444000000,6344000000,,,a:118,,,
1,28fc35f2-f19a-4bac-a5b9-dd79e7263703,1047,1099,1,Main.a,tx_wait_ps,ps,integer,444000000,6344000000,,,a:118,,,
1,28fc35f2-f19a-4bac-a5b9-dd79e7263703,1048,1099,2,Main.a.txQueue,buffer_utilization,1,number,5.0000000000000000e-1,6344000000,,,a:118,,,
1,28fc35f2-f19a-4bac-a5b9-dd79e7263703,1049,1099,3,Main.a.txQueue,queue_length,count,integer,1,6344000000,,,a:118,,,
1,28fc35f2-f19a-4bac-a5b9-dd79e7263703,1050,1106,0,Main.a.txQueue,buffer_utilization,1,number,1.0000000000000000e+0,6350000000,,,a:127,,,
1,28fc35f2-f19a-4bac-a5b9-dd79e7263703,1051,1106,1,Main.a.txQueue,queue_length,count,integer,2,6350000000,,,a:127,,,
1,28fc35f2-f19a-4bac-a5b9-dd79e7263703,1052,1107,0,Main.b.txQueue,buffer_utilization,1,number,1.0000000000000000e+0,6350000000,,,b:127,,,
1,28fc35f2-f19a-4bac-a5b9-dd79e7263703,1053,1107,1,Main.b.txQueue,queue_length,count,integer,2,6350000000,,,b:127,,,
1,28fc35f2-f19a-4bac-a5b9-dd79e7263703,1054,1108,0,Main.c.txQueue,buffer_utilization,1,number,1.0000000000000000e+0,6350000000,,,c:127,,,
1,28fc35f2-f19a-4bac-a5b9-dd79e7263703,1055,1108,1,Main.c.txQueue,queue_length,count,integer,2,6350000000,,,c:127,,,
1,28fc35f2-f19a-4bac-a5b9-dd79e7263703,1056,1114,0,Main.a.txQueue,buffer_utilization,1,number,1.0000000000000000e+0,6400000000,,,a:128,,,
1,28fc35f2-f19a-4bac-a5b9-dd79e7263703,1057,1114,1,Main.a.txQueue,queue_length,count,integer,2,6400000000,,,a:128,,,
1,28fc35f2-f19a-4bac-a5b9-dd79e7263703,1058,1115,0,Main.b.txQueue,buffer_utilization,1,number,1.0000000000000000e+0,6400000000,,,b:128,,,
1,28fc35f2-f19a-4bac-a5b9-dd79e7263703,1059,1115,1,Main.b.txQueue,queue_length,count,integer,2,6400000000,,,b:128,,,
1,28fc35f2-f19a-4bac-a5b9-dd79e7263703,1060,1116,0,Main.c.txQueue,buffer_utilization,1,number,1.0000000000000000e+0,6400000000,,,c:128,,,
1,28fc35f2-f19a-4bac-a5b9-dd79e7263703,1061,1116,1,Main.c.txQueue,queue_length,count,integer,2,6400000000,,,c:128,,,
1,28fc35f2-f19a-4bac-a5b9-dd79e7263703,1062,1121,0,Main.a.txQueue,buffer_utilization,1,number,1.0000000000000000e+0,6450000000,,,a:129,,,
1,28fc35f2-f19a-4bac-a5b9-dd79e7263703,1063,1121,1,Main.a.txQueue,queue_length,count,integer,2,6450000000,,,a:129,,,
1,28fc35f2-f19a-4bac-a5b9-dd79e7263703,1064,1122,0,Main.b.txQueue,buffer_utilization,1,number,1.0000000000000000e+0,6450000000,,,b:129,,,
1,28fc35f2-f19a-4bac-a5b9-dd79e7263703,1065,1122,1,Main.b.txQueue,queue_length,count,integer,2,6450000000,,,b:129,,,
1,28fc35f2-f19a-4bac-a5b9-dd79e7263703,1066,1123,0,Main.c.txQueue,buffer_utilization,1,number,1.0000000000000000e+0,6450000000,,,c:129,,,
1,28fc35f2-f19a-4bac-a5b9-dd79e7263703,1067,1123,1,Main.c.txQueue,queue_length,count,integer,2,6450000000,,,c:129,,,
1,28fc35f2-f19a-4bac-a5b9-dd79e7263703,1068,1128,0,Main.a.txQueue,buffer_utilization,1,number,1.0000000000000000e+0,6500000000,,,a:130,,,
1,28fc35f2-f19a-4bac-a5b9-dd79e7263703,1069,1128,1,Main.a.txQueue,queue_length,count,integer,2,6500000000,,,a:130,,,
1,28fc35f2-f19a-4bac-a5b9-dd79e7263703,1070,1129,0,Main.b.txQueue,buffer_utilization,1,number,1.0000000000000000e+0,6500000000,,,b:130,,,
1,28fc35f2-f19a-4bac-a5b9-dd79e7263703,1071,1129,1,Main.b.txQueue,queue_length,count,integer,2,6500000000,,,b:130,,,
1,28fc35f2-f19a-4bac-a5b9-dd79e7263703,1072,1130,0,Main.c.txQueue,buffer_utilization,1,number,1.0000000000000000e+0,6500000000,,,c:130,,,
1,28fc35f2-f19a-4bac-a5b9-dd79e7263703,1073,1130,1,Main.c.txQueue,queue_length,count,integer,2,6500000000,,,c:130,,,
1,28fc35f2-f19a-4bac-a5b9-dd79e7263703,1074,1135,0,Main.a.txQueue,buffer_utilization,1,number,1.0000000000000000e+0,6550000000,,,a:131,,,
1,28fc35f2-f19a-4bac-a5b9-dd79e7263703,1075,1135,1,Main.a.txQueue,queue_length,count,integer,2,6550000000,,,a:131,,,
1,28fc35f2-f19a-4bac-a5b9-dd79e7263703,1076,1136,0,Main.b.txQueue,buffer_utilization,1,number,1.0000000000000000e+0,6550000000,,,b:131,,,
1,28fc35f2-f19a-4bac-a5b9-dd79e7263703,1077,1136,1,Main.b.txQueue,queue_length,count,integer,2,6550000000,,,b:131,,,
1,28fc35f2-f19a-4bac-a5b9-dd79e7263703,1078,1137,0,Main.c.txQueue,buffer_utilization,1,number,1.0000000000000000e+0,6550000000,,,c:131,,,
1,28fc35f2-f19a-4bac-a5b9-dd79e7263703,1079,1137,1,Main.c.txQueue,queue_length,count,integer,2,6550000000,,,c:131,,,
1,28fc35f2-f19a-4bac-a5b9-dd79e7263703,1080,1100,0,Main.bus,transfer_ps,ps,integer,238000000,6582000000,,,a:118,,,
1,28fc35f2-f19a-4bac-a5b9-dd79e7263703,1081,1140,0,Main.b,delivery_ps,ps,integer,682000000,6582000000,,,a:118,Main.b,,
1,28fc35f2-f19a-4bac-a5b9-dd79e7263703,1082,1141,0,Main.c,delivery_ps,ps,integer,682000000,6582000000,,,a:118,Main.c,,
1,28fc35f2-f19a-4bac-a5b9-dd79e7263703,1083,1142,0,Main.a,arbitration_wait_ps,ps,integer,438000000,6588000000,,,a:123,,,
1,28fc35f2-f19a-4bac-a5b9-dd79e7263703,1084,1142,1,Main.a,tx_wait_ps,ps,integer,438000000,6588000000,,,a:123,,,
1,28fc35f2-f19a-4bac-a5b9-dd79e7263703,1085,1142,2,Main.a.txQueue,buffer_utilization,1,number,5.0000000000000000e-1,6588000000,,,a:123,,,
1,28fc35f2-f19a-4bac-a5b9-dd79e7263703,1086,1142,3,Main.a.txQueue,queue_length,count,integer,1,6588000000,,,a:123,,,
1,28fc35f2-f19a-4bac-a5b9-dd79e7263703,1087,1149,0,Main.a.txQueue,buffer_utilization,1,number,1.0000000000000000e+0,6600000000,,,a:132,,,
1,28fc35f2-f19a-4bac-a5b9-dd79e7263703,1088,1149,1,Main.a.txQueue,queue_length,count,integer,2,6600000000,,,a:132,,,
1,28fc35f2-f19a-4bac-a5b9-dd79e7263703,1089,1150,0,Main.b.txQueue,buffer_utilization,1,number,1.0000000000000000e+0,6600000000,,,b:132,,,
1,28fc35f2-f19a-4bac-a5b9-dd79e7263703,1090,1150,1,Main.b.txQueue,queue_length,count,integer,2,6600000000,,,b:132,,,
1,28fc35f2-f19a-4bac-a5b9-dd79e7263703,1091,1151,0,Main.c.txQueue,buffer_utilization,1,number,1.0000000000000000e+0,6600000000,,,c:132,,,
1,28fc35f2-f19a-4bac-a5b9-dd79e7263703,1092,1151,1,Main.c.txQueue,queue_length,count,integer,2,6600000000,,,c:132,,,
1,28fc35f2-f19a-4bac-a5b9-dd79e7263703,1093,1157,0,Main.a.txQueue,buffer_utilization,1,number,1.0000000000000000e+0,6650000000,,,a:133,,,
1,28fc35f2-f19a-4bac-a5b9-dd79e7263703,1094,1157,1,Main.a.txQueue,queue_length,count,integer,2,6650000000,,,a:133,,,
1,28fc35f2-f19a-4bac-a5b9-dd79e7263703,1095,1158,0,Main.b.txQueue,buffer_utilization,1,number,1.0000000000000000e+0,6650000000,,,b:133,,,
1,28fc35f2-f19a-4bac-a5b9-dd79e7263703,1096,1158,1,Main.b.txQueue,queue_length,count,integer,2,6650000000,,,b:133,,,
1,28fc35f2-f19a-4bac-a5b9-dd79e7263703,1097,1159,0,Main.c.txQueue,buffer_utilization,1,number,1.0000000000000000e+0,6650000000,,,c:133,,,
1,28fc35f2-f19a-4bac-a5b9-dd79e7263703,1098,1159,1,Main.c.txQueue,queue_length,count,integer,2,6650000000,,,c:133,,,
1,28fc35f2-f19a-4bac-a5b9-dd79e7263703,1099,1164,0,Main.a.txQueue,buffer_utilization,1,number,1.0000000000000000e+0,6700000000,,,a:134,,,
1,28fc35f2-f19a-4bac-a5b9-dd79e7263703,1100,1164,1,Main.a.txQueue,queue_length,count,integer,2,6700000000,,,a:134,,,
1,28fc35f2-f19a-4bac-a5b9-dd79e7263703,1101,1165,0,Main.b.txQueue,buffer_utilization,1,number,1.0000000000000000e+0,6700000000,,,b:134,,,
1,28fc35f2-f19a-4bac-a5b9-dd79e7263703,1102,1165,1,Main.b.txQueue,queue_length,count,integer,2,6700000000,,,b:134,,,
1,28fc35f2-f19a-4bac-a5b9-dd79e7263703,1103,1166,0,Main.c.txQueue,buffer_utilization,1,number,1.0000000000000000e+0,6700000000,,,c:134,,,
1,28fc35f2-f19a-4bac-a5b9-dd79e7263703,1104,1166,1,Main.c.txQueue,queue_length,count,integer,2,6700000000,,,c:134,,,
1,28fc35f2-f19a-4bac-a5b9-dd79e7263703,1105,1171,0,Main.a.txQueue,buffer_utilization,1,number,1.0000000000000000e+0,6750000000,,,a:135,,,
1,28fc35f2-f19a-4bac-a5b9-dd79e7263703,1106,1171,1,Main.a.txQueue,queue_length,count,integer,2,6750000000,,,a:135,,,
1,28fc35f2-f19a-4bac-a5b9-dd79e7263703,1107,1172,0,Main.b.txQueue,buffer_utilization,1,number,1.0000000000000000e+0,6750000000,,,b:135,,,
1,28fc35f2-f19a-4bac-a5b9-dd79e7263703,1108,1172,1,Main.b.txQueue,queue_length,count,integer,2,6750000000,,,b:135,,,
1,28fc35f2-f19a-4bac-a5b9-dd79e7263703,1109,1173,0,Main.c.txQueue,buffer_utilization,1,number,1.0000000000000000e+0,6750000000,,,c:135,,,
1,28fc35f2-f19a-4bac-a5b9-dd79e7263703,1110,1173,1,Main.c.txQueue,queue_length,count,integer,2,6750000000,,,c:135,,,
1,28fc35f2-f19a-4bac-a5b9-dd79e7263703,1111,1178,0,Main.a.txQueue,buffer_utilization,1,number,1.0000000000000000e+0,6800000000,,,a:136,,,
1,28fc35f2-f19a-4bac-a5b9-dd79e7263703,1112,1178,1,Main.a.txQueue,queue_length,count,integer,2,6800000000,,,a:136,,,
1,28fc35f2-f19a-4bac-a5b9-dd79e7263703,1113,1179,0,Main.b.txQueue,buffer_utilization,1,number,1.0000000000000000e+0,6800000000,,,b:136,,,
1,28fc35f2-f19a-4bac-a5b9-dd79e7263703,1114,1179,1,Main.b.txQueue,queue_length,count,integer,2,6800000000,,,b:136,,,
1,28fc35f2-f19a-4bac-a5b9-dd79e7263703,1115,1180,0,Main.c.txQueue,buffer_utilization,1,number,1.0000000000000000e+0,6800000000,,,c:136,,,
1,28fc35f2-f19a-4bac-a5b9-dd79e7263703,1116,1180,1,Main.c.txQueue,queue_length,count,integer,2,6800000000,,,c:136,,,
1,28fc35f2-f19a-4bac-a5b9-dd79e7263703,1117,1143,0,Main.bus,transfer_ps,ps,integer,238000000,6826000000,,,a:123,,,
1,28fc35f2-f19a-4bac-a5b9-dd79e7263703,1118,1183,0,Main.b,delivery_ps,ps,integer,676000000,6826000000,,,a:123,Main.b,,
1,28fc35f2-f19a-4bac-a5b9-dd79e7263703,1119,1184,0,Main.c,delivery_ps,ps,integer,676000000,6826000000,,,a:123,Main.c,,
1,28fc35f2-f19a-4bac-a5b9-dd79e7263703,1120,1185,0,Main.a,arbitration_wait_ps,ps,integer,482000000,6832000000,,,a:127,,,
1,28fc35f2-f19a-4bac-a5b9-dd79e7263703,1121,1185,1,Main.a,tx_wait_ps,ps,integer,482000000,6832000000,,,a:127,,,
1,28fc35f2-f19a-4bac-a5b9-dd79e7263703,1122,1185,2,Main.a.txQueue,buffer_utilization,1,number,5.0000000000000000e-1,6832000000,,,a:127,,,
1,28fc35f2-f19a-4bac-a5b9-dd79e7263703,1123,1185,3,Main.a.txQueue,queue_length,count,integer,1,6832000000,,,a:127,,,
1,28fc35f2-f19a-4bac-a5b9-dd79e7263703,1124,1192,0,Main.a.txQueue,buffer_utilization,1,number,1.0000000000000000e+0,6850000000,,,a:137,,,
1,28fc35f2-f19a-4bac-a5b9-dd79e7263703,1125,1192,1,Main.a.txQueue,queue_length,count,integer,2,6850000000,,,a:137,,,
1,28fc35f2-f19a-4bac-a5b9-dd79e7263703,1126,1193,0,Main.b.txQueue,buffer_utilization,1,number,1.0000000000000000e+0,6850000000,,,b:137,,,
1,28fc35f2-f19a-4bac-a5b9-dd79e7263703,1127,1193,1,Main.b.txQueue,queue_length,count,integer,2,6850000000,,,b:137,,,
1,28fc35f2-f19a-4bac-a5b9-dd79e7263703,1128,1194,0,Main.c.txQueue,buffer_utilization,1,number,1.0000000000000000e+0,6850000000,,,c:137,,,
1,28fc35f2-f19a-4bac-a5b9-dd79e7263703,1129,1194,1,Main.c.txQueue,queue_length,count,integer,2,6850000000,,,c:137,,,
1,28fc35f2-f19a-4bac-a5b9-dd79e7263703,1130,1200,0,Main.a.txQueue,buffer_utilization,1,number,1.0000000000000000e+0,6900000000,,,a:138,,,
1,28fc35f2-f19a-4bac-a5b9-dd79e7263703,1131,1200,1,Main.a.txQueue,queue_length,count,integer,2,6900000000,,,a:138,,,
1,28fc35f2-f19a-4bac-a5b9-dd79e7263703,1132,1201,0,Main.b.txQueue,buffer_utilization,1,number,1.0000000000000000e+0,6900000000,,,b:138,,,
1,28fc35f2-f19a-4bac-a5b9-dd79e7263703,1133,1201,1,Main.b.txQueue,queue_length,count,integer,2,6900000000,,,b:138,,,
1,28fc35f2-f19a-4bac-a5b9-dd79e7263703,1134,1202,0,Main.c.txQueue,buffer_utilization,1,number,1.0000000000000000e+0,6900000000,,,c:138,,,
1,28fc35f2-f19a-4bac-a5b9-dd79e7263703,1135,1202,1,Main.c.txQueue,queue_length,count,integer,2,6900000000,,,c:138,,,
1,28fc35f2-f19a-4bac-a5b9-dd79e7263703,1136,1207,0,Main.a.txQueue,buffer_utilization,1,number,1.0000000000000000e+0,6950000000,,,a:139,,,
1,28fc35f2-f19a-4bac-a5b9-dd79e7263703,1137,1207,1,Main.a.txQueue,queue_length,count,integer,2,6950000000,,,a:139,,,
1,28fc35f2-f19a-4bac-a5b9-dd79e7263703,1138,1208,0,Main.b.txQueue,buffer_utilization,1,number,1.0000000000000000e+0,6950000000,,,b:139,,,
1,28fc35f2-f19a-4bac-a5b9-dd79e7263703,1139,1208,1,Main.b.txQueue,queue_length,count,integer,2,6950000000,,,b:139,,,
1,28fc35f2-f19a-4bac-a5b9-dd79e7263703,1140,1209,0,Main.c.txQueue,buffer_utilization,1,number,1.0000000000000000e+0,6950000000,,,c:139,,,
1,28fc35f2-f19a-4bac-a5b9-dd79e7263703,1141,1209,1,Main.c.txQueue,queue_length,count,integer,2,6950000000,,,c:139,,,
1,28fc35f2-f19a-4bac-a5b9-dd79e7263703,1142,,,Main.a,received_payload_bits,bit,integer,0,,6000000000,7000000000,,Main.a,,
1,28fc35f2-f19a-4bac-a5b9-dd79e7263703,1143,,,Main.a,received_throughput_bps,bit/s,number,0.0000000000000000e+0,,6000000000,7000000000,,Main.a,,
1,28fc35f2-f19a-4bac-a5b9-dd79e7263703,1144,,,Main.a.txQueue,buffer_utilization_mean,1,number,9.5699999999999996e-1,,6000000000,7000000000,,,,
1,28fc35f2-f19a-4bac-a5b9-dd79e7263703,1145,,,Main.b,received_payload_bits,bit,integer,256,,6000000000,7000000000,,Main.b,,
1,28fc35f2-f19a-4bac-a5b9-dd79e7263703,1146,,,Main.b,received_throughput_bps,bit/s,number,2.5600000000000000e+5,,6000000000,7000000000,,Main.b,,
1,28fc35f2-f19a-4bac-a5b9-dd79e7263703,1147,,,Main.b.txQueue,buffer_utilization_mean,1,number,1.0000000000000000e+0,,6000000000,7000000000,,,,
1,28fc35f2-f19a-4bac-a5b9-dd79e7263703,1148,,,Main.bus,bus_utilization,1,number,1.0000000000000000e+0,,6000000000,7000000000,,,,
1,28fc35f2-f19a-4bac-a5b9-dd79e7263703,1149,,,Main.bus,frame_utilization,1,number,9.7599999999999998e-1,,6000000000,7000000000,,,,
1,28fc35f2-f19a-4bac-a5b9-dd79e7263703,1150,,,Main.bus,occupied_bits,bit,integer,488,,6000000000,7000000000,,,,
1,28fc35f2-f19a-4bac-a5b9-dd79e7263703,1151,,,Main.bus,payload_bits,bit,integer,256,,6000000000,7000000000,,,,
1,28fc35f2-f19a-4bac-a5b9-dd79e7263703,1152,,,Main.bus,payload_throughput_bps,bit/s,number,2.5600000000000000e+5,,6000000000,7000000000,,,,
1,28fc35f2-f19a-4bac-a5b9-dd79e7263703,1153,,,Main.bus,serialized_bits,bit,integer,476,,6000000000,7000000000,,,,
1,28fc35f2-f19a-4bac-a5b9-dd79e7263703,1154,,,Main.bus,serialized_throughput_bps,bit/s,number,4.7600000000000000e+5,,6000000000,7000000000,,,,
1,28fc35f2-f19a-4bac-a5b9-dd79e7263703,1155,,,Main.c,received_payload_bits,bit,integer,256,,6000000000,7000000000,,Main.c,,
1,28fc35f2-f19a-4bac-a5b9-dd79e7263703,1156,,,Main.c,received_throughput_bps,bit/s,number,2.5600000000000000e+5,,6000000000,7000000000,,Main.c,,
1,28fc35f2-f19a-4bac-a5b9-dd79e7263703,1157,,,Main.c.txQueue,buffer_utilization_mean,1,number,1.0000000000000000e+0,,6000000000,7000000000,,,,
1,28fc35f2-f19a-4bac-a5b9-dd79e7263703,1158,1214,0,Main.a.txQueue,buffer_utilization,1,number,1.0000000000000000e+0,7000000000,,,a:140,,,
1,28fc35f2-f19a-4bac-a5b9-dd79e7263703,1159,1214,1,Main.a.txQueue,queue_length,count,integer,2,7000000000,,,a:140,,,
1,28fc35f2-f19a-4bac-a5b9-dd79e7263703,1160,1215,0,Main.b.txQueue,buffer_utilization,1,number,1.0000000000000000e+0,7000000000,,,b:140,,,
1,28fc35f2-f19a-4bac-a5b9-dd79e7263703,1161,1215,1,Main.b.txQueue,queue_length,count,integer,2,7000000000,,,b:140,,,
1,28fc35f2-f19a-4bac-a5b9-dd79e7263703,1162,1216,0,Main.c.txQueue,buffer_utilization,1,number,1.0000000000000000e+0,7000000000,,,c:140,,,
1,28fc35f2-f19a-4bac-a5b9-dd79e7263703,1163,1216,1,Main.c.txQueue,queue_length,count,integer,2,7000000000,,,c:140,,,
1,28fc35f2-f19a-4bac-a5b9-dd79e7263703,1164,1221,0,Main.a.txQueue,buffer_utilization,1,number,1.0000000000000000e+0,7050000000,,,a:141,,,
1,28fc35f2-f19a-4bac-a5b9-dd79e7263703,1165,1221,1,Main.a.txQueue,queue_length,count,integer,2,7050000000,,,a:141,,,
1,28fc35f2-f19a-4bac-a5b9-dd79e7263703,1166,1222,0,Main.b.txQueue,buffer_utilization,1,number,1.0000000000000000e+0,7050000000,,,b:141,,,
1,28fc35f2-f19a-4bac-a5b9-dd79e7263703,1167,1222,1,Main.b.txQueue,queue_length,count,integer,2,7050000000,,,b:141,,,
1,28fc35f2-f19a-4bac-a5b9-dd79e7263703,1168,1223,0,Main.c.txQueue,buffer_utilization,1,number,1.0000000000000000e+0,7050000000,,,c:141,,,
1,28fc35f2-f19a-4bac-a5b9-dd79e7263703,1169,1223,1,Main.c.txQueue,queue_length,count,integer,2,7050000000,,,c:141,,,
1,28fc35f2-f19a-4bac-a5b9-dd79e7263703,1170,1186,0,Main.bus,transfer_ps,ps,integer,238000000,7070000000,,,a:127,,,
1,28fc35f2-f19a-4bac-a5b9-dd79e7263703,1171,1226,0,Main.b,delivery_ps,ps,integer,720000000,7070000000,,,a:127,Main.b,,
1,28fc35f2-f19a-4bac-a5b9-dd79e7263703,1172,1227,0,Main.c,delivery_ps,ps,integer,720000000,7070000000,,,a:127,Main.c,,
1,28fc35f2-f19a-4bac-a5b9-dd79e7263703,1173,1228,0,Main.a,arbitration_wait_ps,ps,integer,476000000,7076000000,,,a:132,,,
1,28fc35f2-f19a-4bac-a5b9-dd79e7263703,1174,1228,1,Main.a,tx_wait_ps,ps,integer,476000000,7076000000,,,a:132,,,
1,28fc35f2-f19a-4bac-a5b9-dd79e7263703,1175,1228,2,Main.a.txQueue,buffer_utilization,1,number,5.0000000000000000e-1,7076000000,,,a:132,,,
1,28fc35f2-f19a-4bac-a5b9-dd79e7263703,1176,1228,3,Main.a.txQueue,queue_length,count,integer,1,7076000000,,,a:132,,,
1,28fc35f2-f19a-4bac-a5b9-dd79e7263703,1177,1235,0,Main.a.txQueue,buffer_utilization,1,number,1.0000000000000000e+0,7100000000,,,a:142,,,
1,28fc35f2-f19a-4bac-a5b9-dd79e7263703,1178,1235,1,Main.a.txQueue,queue_length,count,integer,2,7100000000,,,a:142,,,
1,28fc35f2-f19a-4bac-a5b9-dd79e7263703,1179,1236,0,Main.b.txQueue,buffer_utilization,1,number,1.0000000000000000e+0,7100000000,,,b:142,,,
1,28fc35f2-f19a-4bac-a5b9-dd79e7263703,1180,1236,1,Main.b.txQueue,queue_length,count,integer,2,7100000000,,,b:142,,,
1,28fc35f2-f19a-4bac-a5b9-dd79e7263703,1181,1237,0,Main.c.txQueue,buffer_utilization,1,number,1.0000000000000000e+0,7100000000,,,c:142,,,
1,28fc35f2-f19a-4bac-a5b9-dd79e7263703,1182,1237,1,Main.c.txQueue,queue_length,count,integer,2,7100000000,,,c:142,,,
1,28fc35f2-f19a-4bac-a5b9-dd79e7263703,1183,1243,0,Main.a.txQueue,buffer_utilization,1,number,1.0000000000000000e+0,7150000000,,,a:143,,,
1,28fc35f2-f19a-4bac-a5b9-dd79e7263703,1184,1243,1,Main.a.txQueue,queue_length,count,integer,2,7150000000,,,a:143,,,
1,28fc35f2-f19a-4bac-a5b9-dd79e7263703,1185,1244,0,Main.b.txQueue,buffer_utilization,1,number,1.0000000000000000e+0,7150000000,,,b:143,,,
1,28fc35f2-f19a-4bac-a5b9-dd79e7263703,1186,1244,1,Main.b.txQueue,queue_length,count,integer,2,7150000000,,,b:143,,,
1,28fc35f2-f19a-4bac-a5b9-dd79e7263703,1187,1245,0,Main.c.txQueue,buffer_utilization,1,number,1.0000000000000000e+0,7150000000,,,c:143,,,
1,28fc35f2-f19a-4bac-a5b9-dd79e7263703,1188,1245,1,Main.c.txQueue,queue_length,count,integer,2,7150000000,,,c:143,,,
1,28fc35f2-f19a-4bac-a5b9-dd79e7263703,1189,1250,0,Main.a.txQueue,buffer_utilization,1,number,1.0000000000000000e+0,7200000000,,,a:144,,,
1,28fc35f2-f19a-4bac-a5b9-dd79e7263703,1190,1250,1,Main.a.txQueue,queue_length,count,integer,2,7200000000,,,a:144,,,
1,28fc35f2-f19a-4bac-a5b9-dd79e7263703,1191,1251,0,Main.b.txQueue,buffer_utilization,1,number,1.0000000000000000e+0,7200000000,,,b:144,,,
1,28fc35f2-f19a-4bac-a5b9-dd79e7263703,1192,1251,1,Main.b.txQueue,queue_length,count,integer,2,7200000000,,,b:144,,,
1,28fc35f2-f19a-4bac-a5b9-dd79e7263703,1193,1252,0,Main.c.txQueue,buffer_utilization,1,number,1.0000000000000000e+0,7200000000,,,c:144,,,
1,28fc35f2-f19a-4bac-a5b9-dd79e7263703,1194,1252,1,Main.c.txQueue,queue_length,count,integer,2,7200000000,,,c:144,,,
1,28fc35f2-f19a-4bac-a5b9-dd79e7263703,1195,1257,0,Main.a.txQueue,buffer_utilization,1,number,1.0000000000000000e+0,7250000000,,,a:145,,,
1,28fc35f2-f19a-4bac-a5b9-dd79e7263703,1196,1257,1,Main.a.txQueue,queue_length,count,integer,2,7250000000,,,a:145,,,
1,28fc35f2-f19a-4bac-a5b9-dd79e7263703,1197,1258,0,Main.b.txQueue,buffer_utilization,1,number,1.0000000000000000e+0,7250000000,,,b:145,,,
1,28fc35f2-f19a-4bac-a5b9-dd79e7263703,1198,1258,1,Main.b.txQueue,queue_length,count,integer,2,7250000000,,,b:145,,,
1,28fc35f2-f19a-4bac-a5b9-dd79e7263703,1199,1259,0,Main.c.txQueue,buffer_utilization,1,number,1.0000000000000000e+0,7250000000,,,c:145,,,
1,28fc35f2-f19a-4bac-a5b9-dd79e7263703,1200,1259,1,Main.c.txQueue,queue_length,count,integer,2,7250000000,,,c:145,,,
1,28fc35f2-f19a-4bac-a5b9-dd79e7263703,1201,1264,0,Main.a.txQueue,buffer_utilization,1,number,1.0000000000000000e+0,7300000000,,,a:146,,,
1,28fc35f2-f19a-4bac-a5b9-dd79e7263703,1202,1264,1,Main.a.txQueue,queue_length,count,integer,2,7300000000,,,a:146,,,
1,28fc35f2-f19a-4bac-a5b9-dd79e7263703,1203,1265,0,Main.b.txQueue,buffer_utilization,1,number,1.0000000000000000e+0,7300000000,,,b:146,,,
1,28fc35f2-f19a-4bac-a5b9-dd79e7263703,1204,1265,1,Main.b.txQueue,queue_length,count,integer,2,7300000000,,,b:146,,,
1,28fc35f2-f19a-4bac-a5b9-dd79e7263703,1205,1266,0,Main.c.txQueue,buffer_utilization,1,number,1.0000000000000000e+0,7300000000,,,c:146,,,
1,28fc35f2-f19a-4bac-a5b9-dd79e7263703,1206,1266,1,Main.c.txQueue,queue_length,count,integer,2,7300000000,,,c:146,,,
1,28fc35f2-f19a-4bac-a5b9-dd79e7263703,1207,1229,0,Main.bus,transfer_ps,ps,integer,238000000,7314000000,,,a:132,,,
1,28fc35f2-f19a-4bac-a5b9-dd79e7263703,1208,1269,0,Main.b,delivery_ps,ps,integer,714000000,7314000000,,,a:132,Main.b,,
1,28fc35f2-f19a-4bac-a5b9-dd79e7263703,1209,1270,0,Main.c,delivery_ps,ps,integer,714000000,7314000000,,,a:132,Main.c,,
1,28fc35f2-f19a-4bac-a5b9-dd79e7263703,1210,1271,0,Main.a,arbitration_wait_ps,ps,integer,470000000,7320000000,,,a:137,,,
1,28fc35f2-f19a-4bac-a5b9-dd79e7263703,1211,1271,1,Main.a,tx_wait_ps,ps,integer,470000000,7320000000,,,a:137,,,
1,28fc35f2-f19a-4bac-a5b9-dd79e7263703,1212,1271,2,Main.a.txQueue,buffer_utilization,1,number,5.0000000000000000e-1,7320000000,,,a:137,,,
1,28fc35f2-f19a-4bac-a5b9-dd79e7263703,1213,1271,3,Main.a.txQueue,queue_length,count,integer,1,7320000000,,,a:137,,,
1,28fc35f2-f19a-4bac-a5b9-dd79e7263703,1214,1278,0,Main.a.txQueue,buffer_utilization,1,number,1.0000000000000000e+0,7350000000,,,a:147,,,
1,28fc35f2-f19a-4bac-a5b9-dd79e7263703,1215,1278,1,Main.a.txQueue,queue_length,count,integer,2,7350000000,,,a:147,,,
1,28fc35f2-f19a-4bac-a5b9-dd79e7263703,1216,1279,0,Main.b.txQueue,buffer_utilization,1,number,1.0000000000000000e+0,7350000000,,,b:147,,,
1,28fc35f2-f19a-4bac-a5b9-dd79e7263703,1217,1279,1,Main.b.txQueue,queue_length,count,integer,2,7350000000,,,b:147,,,
1,28fc35f2-f19a-4bac-a5b9-dd79e7263703,1218,1280,0,Main.c.txQueue,buffer_utilization,1,number,1.0000000000000000e+0,7350000000,,,c:147,,,
1,28fc35f2-f19a-4bac-a5b9-dd79e7263703,1219,1280,1,Main.c.txQueue,queue_length,count,integer,2,7350000000,,,c:147,,,
1,28fc35f2-f19a-4bac-a5b9-dd79e7263703,1220,1286,0,Main.a.txQueue,buffer_utilization,1,number,1.0000000000000000e+0,7400000000,,,a:148,,,
1,28fc35f2-f19a-4bac-a5b9-dd79e7263703,1221,1286,1,Main.a.txQueue,queue_length,count,integer,2,7400000000,,,a:148,,,
1,28fc35f2-f19a-4bac-a5b9-dd79e7263703,1222,1287,0,Main.b.txQueue,buffer_utilization,1,number,1.0000000000000000e+0,7400000000,,,b:148,,,
1,28fc35f2-f19a-4bac-a5b9-dd79e7263703,1223,1287,1,Main.b.txQueue,queue_length,count,integer,2,7400000000,,,b:148,,,
1,28fc35f2-f19a-4bac-a5b9-dd79e7263703,1224,1288,0,Main.c.txQueue,buffer_utilization,1,number,1.0000000000000000e+0,7400000000,,,c:148,,,
1,28fc35f2-f19a-4bac-a5b9-dd79e7263703,1225,1288,1,Main.c.txQueue,queue_length,count,integer,2,7400000000,,,c:148,,,
1,28fc35f2-f19a-4bac-a5b9-dd79e7263703,1226,1293,0,Main.a.txQueue,buffer_utilization,1,number,1.0000000000000000e+0,7450000000,,,a:149,,,
1,28fc35f2-f19a-4bac-a5b9-dd79e7263703,1227,1293,1,Main.a.txQueue,queue_length,count,integer,2,7450000000,,,a:149,,,
1,28fc35f2-f19a-4bac-a5b9-dd79e7263703,1228,1294,0,Main.b.txQueue,buffer_utilization,1,number,1.0000000000000000e+0,7450000000,,,b:149,,,
1,28fc35f2-f19a-4bac-a5b9-dd79e7263703,1229,1294,1,Main.b.txQueue,queue_length,count,integer,2,7450000000,,,b:149,,,
1,28fc35f2-f19a-4bac-a5b9-dd79e7263703,1230,1295,0,Main.c.txQueue,buffer_utilization,1,number,1.0000000000000000e+0,7450000000,,,c:149,,,
1,28fc35f2-f19a-4bac-a5b9-dd79e7263703,1231,1295,1,Main.c.txQueue,queue_length,count,integer,2,7450000000,,,c:149,,,
1,28fc35f2-f19a-4bac-a5b9-dd79e7263703,1232,1300,0,Main.a.txQueue,buffer_utilization,1,number,1.0000000000000000e+0,7500000000,,,a:150,,,
1,28fc35f2-f19a-4bac-a5b9-dd79e7263703,1233,1300,1,Main.a.txQueue,queue_length,count,integer,2,7500000000,,,a:150,,,
1,28fc35f2-f19a-4bac-a5b9-dd79e7263703,1234,1301,0,Main.b.txQueue,buffer_utilization,1,number,1.0000000000000000e+0,7500000000,,,b:150,,,
1,28fc35f2-f19a-4bac-a5b9-dd79e7263703,1235,1301,1,Main.b.txQueue,queue_length,count,integer,2,7500000000,,,b:150,,,
1,28fc35f2-f19a-4bac-a5b9-dd79e7263703,1236,1302,0,Main.c.txQueue,buffer_utilization,1,number,1.0000000000000000e+0,7500000000,,,c:150,,,
1,28fc35f2-f19a-4bac-a5b9-dd79e7263703,1237,1302,1,Main.c.txQueue,queue_length,count,integer,2,7500000000,,,c:150,,,
1,28fc35f2-f19a-4bac-a5b9-dd79e7263703,1238,1307,0,Main.a.txQueue,buffer_utilization,1,number,1.0000000000000000e+0,7550000000,,,a:151,,,
1,28fc35f2-f19a-4bac-a5b9-dd79e7263703,1239,1307,1,Main.a.txQueue,queue_length,count,integer,2,7550000000,,,a:151,,,
1,28fc35f2-f19a-4bac-a5b9-dd79e7263703,1240,1308,0,Main.b.txQueue,buffer_utilization,1,number,1.0000000000000000e+0,7550000000,,,b:151,,,
1,28fc35f2-f19a-4bac-a5b9-dd79e7263703,1241,1308,1,Main.b.txQueue,queue_length,count,integer,2,7550000000,,,b:151,,,
1,28fc35f2-f19a-4bac-a5b9-dd79e7263703,1242,1309,0,Main.c.txQueue,buffer_utilization,1,number,1.0000000000000000e+0,7550000000,,,c:151,,,
1,28fc35f2-f19a-4bac-a5b9-dd79e7263703,1243,1309,1,Main.c.txQueue,queue_length,count,integer,2,7550000000,,,c:151,,,
1,28fc35f2-f19a-4bac-a5b9-dd79e7263703,1244,1272,0,Main.bus,transfer_ps,ps,integer,238000000,7558000000,,,a:137,,,
1,28fc35f2-f19a-4bac-a5b9-dd79e7263703,1245,1312,0,Main.b,delivery_ps,ps,integer,708000000,7558000000,,,a:137,Main.b,,
1,28fc35f2-f19a-4bac-a5b9-dd79e7263703,1246,1313,0,Main.c,delivery_ps,ps,integer,708000000,7558000000,,,a:137,Main.c,,
1,28fc35f2-f19a-4bac-a5b9-dd79e7263703,1247,1314,0,Main.a,arbitration_wait_ps,ps,integer,464000000,7564000000,,,a:142,,,
1,28fc35f2-f19a-4bac-a5b9-dd79e7263703,1248,1314,1,Main.a,tx_wait_ps,ps,integer,464000000,7564000000,,,a:142,,,
1,28fc35f2-f19a-4bac-a5b9-dd79e7263703,1249,1314,2,Main.a.txQueue,buffer_utilization,1,number,5.0000000000000000e-1,7564000000,,,a:142,,,
1,28fc35f2-f19a-4bac-a5b9-dd79e7263703,1250,1314,3,Main.a.txQueue,queue_length,count,integer,1,7564000000,,,a:142,,,
1,28fc35f2-f19a-4bac-a5b9-dd79e7263703,1251,1321,0,Main.a.txQueue,buffer_utilization,1,number,1.0000000000000000e+0,7600000000,,,a:152,,,
1,28fc35f2-f19a-4bac-a5b9-dd79e7263703,1252,1321,1,Main.a.txQueue,queue_length,count,integer,2,7600000000,,,a:152,,,
1,28fc35f2-f19a-4bac-a5b9-dd79e7263703,1253,1322,0,Main.b.txQueue,buffer_utilization,1,number,1.0000000000000000e+0,7600000000,,,b:152,,,
1,28fc35f2-f19a-4bac-a5b9-dd79e7263703,1254,1322,1,Main.b.txQueue,queue_length,count,integer,2,7600000000,,,b:152,,,
1,28fc35f2-f19a-4bac-a5b9-dd79e7263703,1255,1323,0,Main.c.txQueue,buffer_utilization,1,number,1.0000000000000000e+0,7600000000,,,c:152,,,
1,28fc35f2-f19a-4bac-a5b9-dd79e7263703,1256,1323,1,Main.c.txQueue,queue_length,count,integer,2,7600000000,,,c:152,,,
1,28fc35f2-f19a-4bac-a5b9-dd79e7263703,1257,1329,0,Main.a.txQueue,buffer_utilization,1,number,1.0000000000000000e+0,7650000000,,,a:153,,,
1,28fc35f2-f19a-4bac-a5b9-dd79e7263703,1258,1329,1,Main.a.txQueue,queue_length,count,integer,2,7650000000,,,a:153,,,
1,28fc35f2-f19a-4bac-a5b9-dd79e7263703,1259,1330,0,Main.b.txQueue,buffer_utilization,1,number,1.0000000000000000e+0,7650000000,,,b:153,,,
1,28fc35f2-f19a-4bac-a5b9-dd79e7263703,1260,1330,1,Main.b.txQueue,queue_length,count,integer,2,7650000000,,,b:153,,,
1,28fc35f2-f19a-4bac-a5b9-dd79e7263703,1261,1331,0,Main.c.txQueue,buffer_utilization,1,number,1.0000000000000000e+0,7650000000,,,c:153,,,
1,28fc35f2-f19a-4bac-a5b9-dd79e7263703,1262,1331,1,Main.c.txQueue,queue_length,count,integer,2,7650000000,,,c:153,,,
1,28fc35f2-f19a-4bac-a5b9-dd79e7263703,1263,1336,0,Main.a.txQueue,buffer_utilization,1,number,1.0000000000000000e+0,7700000000,,,a:154,,,
1,28fc35f2-f19a-4bac-a5b9-dd79e7263703,1264,1336,1,Main.a.txQueue,queue_length,count,integer,2,7700000000,,,a:154,,,
1,28fc35f2-f19a-4bac-a5b9-dd79e7263703,1265,1337,0,Main.b.txQueue,buffer_utilization,1,number,1.0000000000000000e+0,7700000000,,,b:154,,,
1,28fc35f2-f19a-4bac-a5b9-dd79e7263703,1266,1337,1,Main.b.txQueue,queue_length,count,integer,2,7700000000,,,b:154,,,
1,28fc35f2-f19a-4bac-a5b9-dd79e7263703,1267,1338,0,Main.c.txQueue,buffer_utilization,1,number,1.0000000000000000e+0,7700000000,,,c:154,,,
1,28fc35f2-f19a-4bac-a5b9-dd79e7263703,1268,1338,1,Main.c.txQueue,queue_length,count,integer,2,7700000000,,,c:154,,,
1,28fc35f2-f19a-4bac-a5b9-dd79e7263703,1269,1343,0,Main.a.txQueue,buffer_utilization,1,number,1.0000000000000000e+0,7750000000,,,a:155,,,
1,28fc35f2-f19a-4bac-a5b9-dd79e7263703,1270,1343,1,Main.a.txQueue,queue_length,count,integer,2,7750000000,,,a:155,,,
1,28fc35f2-f19a-4bac-a5b9-dd79e7263703,1271,1344,0,Main.b.txQueue,buffer_utilization,1,number,1.0000000000000000e+0,7750000000,,,b:155,,,
1,28fc35f2-f19a-4bac-a5b9-dd79e7263703,1272,1344,1,Main.b.txQueue,queue_length,count,integer,2,7750000000,,,b:155,,,
1,28fc35f2-f19a-4bac-a5b9-dd79e7263703,1273,1345,0,Main.c.txQueue,buffer_utilization,1,number,1.0000000000000000e+0,7750000000,,,c:155,,,
1,28fc35f2-f19a-4bac-a5b9-dd79e7263703,1274,1345,1,Main.c.txQueue,queue_length,count,integer,2,7750000000,,,c:155,,,
1,28fc35f2-f19a-4bac-a5b9-dd79e7263703,1275,1350,0,Main.a.txQueue,buffer_utilization,1,number,1.0000000000000000e+0,7800000000,,,a:156,,,
1,28fc35f2-f19a-4bac-a5b9-dd79e7263703,1276,1350,1,Main.a.txQueue,queue_length,count,integer,2,7800000000,,,a:156,,,
1,28fc35f2-f19a-4bac-a5b9-dd79e7263703,1277,1351,0,Main.b.txQueue,buffer_utilization,1,number,1.0000000000000000e+0,7800000000,,,b:156,,,
1,28fc35f2-f19a-4bac-a5b9-dd79e7263703,1278,1351,1,Main.b.txQueue,queue_length,count,integer,2,7800000000,,,b:156,,,
1,28fc35f2-f19a-4bac-a5b9-dd79e7263703,1279,1352,0,Main.c.txQueue,buffer_utilization,1,number,1.0000000000000000e+0,7800000000,,,c:156,,,
1,28fc35f2-f19a-4bac-a5b9-dd79e7263703,1280,1352,1,Main.c.txQueue,queue_length,count,integer,2,7800000000,,,c:156,,,
1,28fc35f2-f19a-4bac-a5b9-dd79e7263703,1281,1315,0,Main.bus,transfer_ps,ps,integer,238000000,7802000000,,,a:142,,,
1,28fc35f2-f19a-4bac-a5b9-dd79e7263703,1282,1355,0,Main.b,delivery_ps,ps,integer,702000000,7802000000,,,a:142,Main.b,,
1,28fc35f2-f19a-4bac-a5b9-dd79e7263703,1283,1356,0,Main.c,delivery_ps,ps,integer,702000000,7802000000,,,a:142,Main.c,,
1,28fc35f2-f19a-4bac-a5b9-dd79e7263703,1284,1357,0,Main.a,arbitration_wait_ps,ps,integer,458000000,7808000000,,,a:147,,,
1,28fc35f2-f19a-4bac-a5b9-dd79e7263703,1285,1357,1,Main.a,tx_wait_ps,ps,integer,458000000,7808000000,,,a:147,,,
1,28fc35f2-f19a-4bac-a5b9-dd79e7263703,1286,1357,2,Main.a.txQueue,buffer_utilization,1,number,5.0000000000000000e-1,7808000000,,,a:147,,,
1,28fc35f2-f19a-4bac-a5b9-dd79e7263703,1287,1357,3,Main.a.txQueue,queue_length,count,integer,1,7808000000,,,a:147,,,
1,28fc35f2-f19a-4bac-a5b9-dd79e7263703,1288,1364,0,Main.a.txQueue,buffer_utilization,1,number,1.0000000000000000e+0,7850000000,,,a:157,,,
1,28fc35f2-f19a-4bac-a5b9-dd79e7263703,1289,1364,1,Main.a.txQueue,queue_length,count,integer,2,7850000000,,,a:157,,,
1,28fc35f2-f19a-4bac-a5b9-dd79e7263703,1290,1365,0,Main.b.txQueue,buffer_utilization,1,number,1.0000000000000000e+0,7850000000,,,b:157,,,
1,28fc35f2-f19a-4bac-a5b9-dd79e7263703,1291,1365,1,Main.b.txQueue,queue_length,count,integer,2,7850000000,,,b:157,,,
1,28fc35f2-f19a-4bac-a5b9-dd79e7263703,1292,1366,0,Main.c.txQueue,buffer_utilization,1,number,1.0000000000000000e+0,7850000000,,,c:157,,,
1,28fc35f2-f19a-4bac-a5b9-dd79e7263703,1293,1366,1,Main.c.txQueue,queue_length,count,integer,2,7850000000,,,c:157,,,
1,28fc35f2-f19a-4bac-a5b9-dd79e7263703,1294,1372,0,Main.a.txQueue,buffer_utilization,1,number,1.0000000000000000e+0,7900000000,,,a:158,,,
1,28fc35f2-f19a-4bac-a5b9-dd79e7263703,1295,1372,1,Main.a.txQueue,queue_length,count,integer,2,7900000000,,,a:158,,,
1,28fc35f2-f19a-4bac-a5b9-dd79e7263703,1296,1373,0,Main.b.txQueue,buffer_utilization,1,number,1.0000000000000000e+0,7900000000,,,b:158,,,
1,28fc35f2-f19a-4bac-a5b9-dd79e7263703,1297,1373,1,Main.b.txQueue,queue_length,count,integer,2,7900000000,,,b:158,,,
1,28fc35f2-f19a-4bac-a5b9-dd79e7263703,1298,1374,0,Main.c.txQueue,buffer_utilization,1,number,1.0000000000000000e+0,7900000000,,,c:158,,,
1,28fc35f2-f19a-4bac-a5b9-dd79e7263703,1299,1374,1,Main.c.txQueue,queue_length,count,integer,2,7900000000,,,c:158,,,
1,28fc35f2-f19a-4bac-a5b9-dd79e7263703,1300,1379,0,Main.a.txQueue,buffer_utilization,1,number,1.0000000000000000e+0,7950000000,,,a:159,,,
1,28fc35f2-f19a-4bac-a5b9-dd79e7263703,1301,1379,1,Main.a.txQueue,queue_length,count,integer,2,7950000000,,,a:159,,,
1,28fc35f2-f19a-4bac-a5b9-dd79e7263703,1302,1380,0,Main.b.txQueue,buffer_utilization,1,number,1.0000000000000000e+0,7950000000,,,b:159,,,
1,28fc35f2-f19a-4bac-a5b9-dd79e7263703,1303,1380,1,Main.b.txQueue,queue_length,count,integer,2,7950000000,,,b:159,,,
1,28fc35f2-f19a-4bac-a5b9-dd79e7263703,1304,1381,0,Main.c.txQueue,buffer_utilization,1,number,1.0000000000000000e+0,7950000000,,,c:159,,,
1,28fc35f2-f19a-4bac-a5b9-dd79e7263703,1305,1381,1,Main.c.txQueue,queue_length,count,integer,2,7950000000,,,c:159,,,
1,28fc35f2-f19a-4bac-a5b9-dd79e7263703,1306,,,Main.a,received_payload_bits,bit,integer,0,,7000000000,8000000000,,Main.a,,
1,28fc35f2-f19a-4bac-a5b9-dd79e7263703,1307,,,Main.a,received_throughput_bps,bit/s,number,0.0000000000000000e+0,,7000000000,8000000000,,Main.a,,
1,28fc35f2-f19a-4bac-a5b9-dd79e7263703,1308,,,Main.a.txQueue,buffer_utilization_mean,1,number,9.3400000000000005e-1,,7000000000,8000000000,,,,
1,28fc35f2-f19a-4bac-a5b9-dd79e7263703,1309,,,Main.b,received_payload_bits,bit,integer,256,,7000000000,8000000000,,Main.b,,
1,28fc35f2-f19a-4bac-a5b9-dd79e7263703,1310,,,Main.b,received_throughput_bps,bit/s,number,2.5600000000000000e+5,,7000000000,8000000000,,Main.b,,
1,28fc35f2-f19a-4bac-a5b9-dd79e7263703,1311,,,Main.b.txQueue,buffer_utilization_mean,1,number,1.0000000000000000e+0,,7000000000,8000000000,,,,
1,28fc35f2-f19a-4bac-a5b9-dd79e7263703,1312,,,Main.bus,bus_utilization,1,number,1.0000000000000000e+0,,7000000000,8000000000,,,,
1,28fc35f2-f19a-4bac-a5b9-dd79e7263703,1313,,,Main.bus,frame_utilization,1,number,9.7599999999999998e-1,,7000000000,8000000000,,,,
1,28fc35f2-f19a-4bac-a5b9-dd79e7263703,1314,,,Main.bus,occupied_bits,bit,integer,488,,7000000000,8000000000,,,,
1,28fc35f2-f19a-4bac-a5b9-dd79e7263703,1315,,,Main.bus,payload_bits,bit,integer,256,,7000000000,8000000000,,,,
1,28fc35f2-f19a-4bac-a5b9-dd79e7263703,1316,,,Main.bus,payload_throughput_bps,bit/s,number,2.5600000000000000e+5,,7000000000,8000000000,,,,
1,28fc35f2-f19a-4bac-a5b9-dd79e7263703,1317,,,Main.bus,serialized_bits,bit,integer,476,,7000000000,8000000000,,,,
1,28fc35f2-f19a-4bac-a5b9-dd79e7263703,1318,,,Main.bus,serialized_throughput_bps,bit/s,number,4.7600000000000000e+5,,7000000000,8000000000,,,,
1,28fc35f2-f19a-4bac-a5b9-dd79e7263703,1319,,,Main.c,received_payload_bits,bit,integer,256,,7000000000,8000000000,,Main.c,,
1,28fc35f2-f19a-4bac-a5b9-dd79e7263703,1320,,,Main.c,received_throughput_bps,bit/s,number,2.5600000000000000e+5,,7000000000,8000000000,,Main.c,,
1,28fc35f2-f19a-4bac-a5b9-dd79e7263703,1321,,,Main.c.txQueue,buffer_utilization_mean,1,number,1.0000000000000000e+0,,7000000000,8000000000,,,,
1,28fc35f2-f19a-4bac-a5b9-dd79e7263703,1322,1386,0,Main.a.txQueue,buffer_utilization,1,number,1.0000000000000000e+0,8000000000,,,a:160,,,
1,28fc35f2-f19a-4bac-a5b9-dd79e7263703,1323,1386,1,Main.a.txQueue,queue_length,count,integer,2,8000000000,,,a:160,,,
1,28fc35f2-f19a-4bac-a5b9-dd79e7263703,1324,1387,0,Main.b.txQueue,buffer_utilization,1,number,1.0000000000000000e+0,8000000000,,,b:160,,,
1,28fc35f2-f19a-4bac-a5b9-dd79e7263703,1325,1387,1,Main.b.txQueue,queue_length,count,integer,2,8000000000,,,b:160,,,
1,28fc35f2-f19a-4bac-a5b9-dd79e7263703,1326,1388,0,Main.c.txQueue,buffer_utilization,1,number,1.0000000000000000e+0,8000000000,,,c:160,,,
1,28fc35f2-f19a-4bac-a5b9-dd79e7263703,1327,1388,1,Main.c.txQueue,queue_length,count,integer,2,8000000000,,,c:160,,,
1,28fc35f2-f19a-4bac-a5b9-dd79e7263703,1328,1358,0,Main.bus,transfer_ps,ps,integer,238000000,8046000000,,,a:147,,,
1,28fc35f2-f19a-4bac-a5b9-dd79e7263703,1329,1391,0,Main.b,delivery_ps,ps,integer,696000000,8046000000,,,a:147,Main.b,,
1,28fc35f2-f19a-4bac-a5b9-dd79e7263703,1330,1392,0,Main.c,delivery_ps,ps,integer,696000000,8046000000,,,a:147,Main.c,,
1,28fc35f2-f19a-4bac-a5b9-dd79e7263703,1331,1397,0,Main.a.txQueue,buffer_utilization,1,number,1.0000000000000000e+0,8050000000,,,a:161,,,
1,28fc35f2-f19a-4bac-a5b9-dd79e7263703,1332,1397,1,Main.a.txQueue,queue_length,count,integer,2,8050000000,,,a:161,,,
1,28fc35f2-f19a-4bac-a5b9-dd79e7263703,1333,1398,0,Main.b.txQueue,buffer_utilization,1,number,1.0000000000000000e+0,8050000000,,,b:161,,,
1,28fc35f2-f19a-4bac-a5b9-dd79e7263703,1334,1398,1,Main.b.txQueue,queue_length,count,integer,2,8050000000,,,b:161,,,
1,28fc35f2-f19a-4bac-a5b9-dd79e7263703,1335,1399,0,Main.c.txQueue,buffer_utilization,1,number,1.0000000000000000e+0,8050000000,,,c:161,,,
1,28fc35f2-f19a-4bac-a5b9-dd79e7263703,1336,1399,1,Main.c.txQueue,queue_length,count,integer,2,8050000000,,,c:161,,,
1,28fc35f2-f19a-4bac-a5b9-dd79e7263703,1337,1400,0,Main.a,arbitration_wait_ps,ps,integer,452000000,8052000000,,,a:152,,,
1,28fc35f2-f19a-4bac-a5b9-dd79e7263703,1338,1400,1,Main.a,tx_wait_ps,ps,integer,452000000,8052000000,,,a:152,,,
1,28fc35f2-f19a-4bac-a5b9-dd79e7263703,1339,1400,2,Main.a.txQueue,buffer_utilization,1,number,5.0000000000000000e-1,8052000000,,,a:152,,,
1,28fc35f2-f19a-4bac-a5b9-dd79e7263703,1340,1400,3,Main.a.txQueue,queue_length,count,integer,1,8052000000,,,a:152,,,
1,28fc35f2-f19a-4bac-a5b9-dd79e7263703,1341,1407,0,Main.a.txQueue,buffer_utilization,1,number,1.0000000000000000e+0,8100000000,,,a:162,,,
1,28fc35f2-f19a-4bac-a5b9-dd79e7263703,1342,1407,1,Main.a.txQueue,queue_length,count,integer,2,8100000000,,,a:162,,,
1,28fc35f2-f19a-4bac-a5b9-dd79e7263703,1343,1408,0,Main.b.txQueue,buffer_utilization,1,number,1.0000000000000000e+0,8100000000,,,b:162,,,
1,28fc35f2-f19a-4bac-a5b9-dd79e7263703,1344,1408,1,Main.b.txQueue,queue_length,count,integer,2,8100000000,,,b:162,,,
1,28fc35f2-f19a-4bac-a5b9-dd79e7263703,1345,1409,0,Main.c.txQueue,buffer_utilization,1,number,1.0000000000000000e+0,8100000000,,,c:162,,,
1,28fc35f2-f19a-4bac-a5b9-dd79e7263703,1346,1409,1,Main.c.txQueue,queue_length,count,integer,2,8100000000,,,c:162,,,
1,28fc35f2-f19a-4bac-a5b9-dd79e7263703,1347,1415,0,Main.a.txQueue,buffer_utilization,1,number,1.0000000000000000e+0,8150000000,,,a:163,,,
1,28fc35f2-f19a-4bac-a5b9-dd79e7263703,1348,1415,1,Main.a.txQueue,queue_length,count,integer,2,8150000000,,,a:163,,,
1,28fc35f2-f19a-4bac-a5b9-dd79e7263703,1349,1416,0,Main.b.txQueue,buffer_utilization,1,number,1.0000000000000000e+0,8150000000,,,b:163,,,
1,28fc35f2-f19a-4bac-a5b9-dd79e7263703,1350,1416,1,Main.b.txQueue,queue_length,count,integer,2,8150000000,,,b:163,,,
1,28fc35f2-f19a-4bac-a5b9-dd79e7263703,1351,1417,0,Main.c.txQueue,buffer_utilization,1,number,1.0000000000000000e+0,8150000000,,,c:163,,,
1,28fc35f2-f19a-4bac-a5b9-dd79e7263703,1352,1417,1,Main.c.txQueue,queue_length,count,integer,2,8150000000,,,c:163,,,
1,28fc35f2-f19a-4bac-a5b9-dd79e7263703,1353,1422,0,Main.a.txQueue,buffer_utilization,1,number,1.0000000000000000e+0,8200000000,,,a:164,,,
1,28fc35f2-f19a-4bac-a5b9-dd79e7263703,1354,1422,1,Main.a.txQueue,queue_length,count,integer,2,8200000000,,,a:164,,,
1,28fc35f2-f19a-4bac-a5b9-dd79e7263703,1355,1423,0,Main.b.txQueue,buffer_utilization,1,number,1.0000000000000000e+0,8200000000,,,b:164,,,
1,28fc35f2-f19a-4bac-a5b9-dd79e7263703,1356,1423,1,Main.b.txQueue,queue_length,count,integer,2,8200000000,,,b:164,,,
1,28fc35f2-f19a-4bac-a5b9-dd79e7263703,1357,1424,0,Main.c.txQueue,buffer_utilization,1,number,1.0000000000000000e+0,8200000000,,,c:164,,,
1,28fc35f2-f19a-4bac-a5b9-dd79e7263703,1358,1424,1,Main.c.txQueue,queue_length,count,integer,2,8200000000,,,c:164,,,
1,28fc35f2-f19a-4bac-a5b9-dd79e7263703,1359,1429,0,Main.a.txQueue,buffer_utilization,1,number,1.0000000000000000e+0,8250000000,,,a:165,,,
1,28fc35f2-f19a-4bac-a5b9-dd79e7263703,1360,1429,1,Main.a.txQueue,queue_length,count,integer,2,8250000000,,,a:165,,,
1,28fc35f2-f19a-4bac-a5b9-dd79e7263703,1361,1430,0,Main.b.txQueue,buffer_utilization,1,number,1.0000000000000000e+0,8250000000,,,b:165,,,
1,28fc35f2-f19a-4bac-a5b9-dd79e7263703,1362,1430,1,Main.b.txQueue,queue_length,count,integer,2,8250000000,,,b:165,,,
1,28fc35f2-f19a-4bac-a5b9-dd79e7263703,1363,1431,0,Main.c.txQueue,buffer_utilization,1,number,1.0000000000000000e+0,8250000000,,,c:165,,,
1,28fc35f2-f19a-4bac-a5b9-dd79e7263703,1364,1431,1,Main.c.txQueue,queue_length,count,integer,2,8250000000,,,c:165,,,
1,28fc35f2-f19a-4bac-a5b9-dd79e7263703,1365,1401,0,Main.bus,transfer_ps,ps,integer,238000000,8290000000,,,a:152,,,
1,28fc35f2-f19a-4bac-a5b9-dd79e7263703,1366,1434,0,Main.b,delivery_ps,ps,integer,690000000,8290000000,,,a:152,Main.b,,
1,28fc35f2-f19a-4bac-a5b9-dd79e7263703,1367,1435,0,Main.c,delivery_ps,ps,integer,690000000,8290000000,,,a:152,Main.c,,
1,28fc35f2-f19a-4bac-a5b9-dd79e7263703,1368,1436,0,Main.a,arbitration_wait_ps,ps,integer,446000000,8296000000,,,a:157,,,
1,28fc35f2-f19a-4bac-a5b9-dd79e7263703,1369,1436,1,Main.a,tx_wait_ps,ps,integer,446000000,8296000000,,,a:157,,,
1,28fc35f2-f19a-4bac-a5b9-dd79e7263703,1370,1436,2,Main.a.txQueue,buffer_utilization,1,number,5.0000000000000000e-1,8296000000,,,a:157,,,
1,28fc35f2-f19a-4bac-a5b9-dd79e7263703,1371,1436,3,Main.a.txQueue,queue_length,count,integer,1,8296000000,,,a:157,,,
1,28fc35f2-f19a-4bac-a5b9-dd79e7263703,1372,1443,0,Main.a.txQueue,buffer_utilization,1,number,1.0000000000000000e+0,8300000000,,,a:166,,,
1,28fc35f2-f19a-4bac-a5b9-dd79e7263703,1373,1443,1,Main.a.txQueue,queue_length,count,integer,2,8300000000,,,a:166,,,
1,28fc35f2-f19a-4bac-a5b9-dd79e7263703,1374,1444,0,Main.b.txQueue,buffer_utilization,1,number,1.0000000000000000e+0,8300000000,,,b:166,,,
1,28fc35f2-f19a-4bac-a5b9-dd79e7263703,1375,1444,1,Main.b.txQueue,queue_length,count,integer,2,8300000000,,,b:166,,,
1,28fc35f2-f19a-4bac-a5b9-dd79e7263703,1376,1445,0,Main.c.txQueue,buffer_utilization,1,number,1.0000000000000000e+0,8300000000,,,c:166,,,
1,28fc35f2-f19a-4bac-a5b9-dd79e7263703,1377,1445,1,Main.c.txQueue,queue_length,count,integer,2,8300000000,,,c:166,,,
1,28fc35f2-f19a-4bac-a5b9-dd79e7263703,1378,1451,0,Main.a.txQueue,buffer_utilization,1,number,1.0000000000000000e+0,8350000000,,,a:167,,,
1,28fc35f2-f19a-4bac-a5b9-dd79e7263703,1379,1451,1,Main.a.txQueue,queue_length,count,integer,2,8350000000,,,a:167,,,
1,28fc35f2-f19a-4bac-a5b9-dd79e7263703,1380,1452,0,Main.b.txQueue,buffer_utilization,1,number,1.0000000000000000e+0,8350000000,,,b:167,,,
1,28fc35f2-f19a-4bac-a5b9-dd79e7263703,1381,1452,1,Main.b.txQueue,queue_length,count,integer,2,8350000000,,,b:167,,,
1,28fc35f2-f19a-4bac-a5b9-dd79e7263703,1382,1453,0,Main.c.txQueue,buffer_utilization,1,number,1.0000000000000000e+0,8350000000,,,c:167,,,
1,28fc35f2-f19a-4bac-a5b9-dd79e7263703,1383,1453,1,Main.c.txQueue,queue_length,count,integer,2,8350000000,,,c:167,,,
1,28fc35f2-f19a-4bac-a5b9-dd79e7263703,1384,1458,0,Main.a.txQueue,buffer_utilization,1,number,1.0000000000000000e+0,8400000000,,,a:168,,,
1,28fc35f2-f19a-4bac-a5b9-dd79e7263703,1385,1458,1,Main.a.txQueue,queue_length,count,integer,2,8400000000,,,a:168,,,
1,28fc35f2-f19a-4bac-a5b9-dd79e7263703,1386,1459,0,Main.b.txQueue,buffer_utilization,1,number,1.0000000000000000e+0,8400000000,,,b:168,,,
1,28fc35f2-f19a-4bac-a5b9-dd79e7263703,1387,1459,1,Main.b.txQueue,queue_length,count,integer,2,8400000000,,,b:168,,,
1,28fc35f2-f19a-4bac-a5b9-dd79e7263703,1388,1460,0,Main.c.txQueue,buffer_utilization,1,number,1.0000000000000000e+0,8400000000,,,c:168,,,
1,28fc35f2-f19a-4bac-a5b9-dd79e7263703,1389,1460,1,Main.c.txQueue,queue_length,count,integer,2,8400000000,,,c:168,,,
1,28fc35f2-f19a-4bac-a5b9-dd79e7263703,1390,1465,0,Main.a.txQueue,buffer_utilization,1,number,1.0000000000000000e+0,8450000000,,,a:169,,,
1,28fc35f2-f19a-4bac-a5b9-dd79e7263703,1391,1465,1,Main.a.txQueue,queue_length,count,integer,2,8450000000,,,a:169,,,
1,28fc35f2-f19a-4bac-a5b9-dd79e7263703,1392,1466,0,Main.b.txQueue,buffer_utilization,1,number,1.0000000000000000e+0,8450000000,,,b:169,,,
1,28fc35f2-f19a-4bac-a5b9-dd79e7263703,1393,1466,1,Main.b.txQueue,queue_length,count,integer,2,8450000000,,,b:169,,,
1,28fc35f2-f19a-4bac-a5b9-dd79e7263703,1394,1467,0,Main.c.txQueue,buffer_utilization,1,number,1.0000000000000000e+0,8450000000,,,c:169,,,
1,28fc35f2-f19a-4bac-a5b9-dd79e7263703,1395,1467,1,Main.c.txQueue,queue_length,count,integer,2,8450000000,,,c:169,,,
1,28fc35f2-f19a-4bac-a5b9-dd79e7263703,1396,1472,0,Main.a.txQueue,buffer_utilization,1,number,1.0000000000000000e+0,8500000000,,,a:170,,,
1,28fc35f2-f19a-4bac-a5b9-dd79e7263703,1397,1472,1,Main.a.txQueue,queue_length,count,integer,2,8500000000,,,a:170,,,
1,28fc35f2-f19a-4bac-a5b9-dd79e7263703,1398,1473,0,Main.b.txQueue,buffer_utilization,1,number,1.0000000000000000e+0,8500000000,,,b:170,,,
1,28fc35f2-f19a-4bac-a5b9-dd79e7263703,1399,1473,1,Main.b.txQueue,queue_length,count,integer,2,8500000000,,,b:170,,,
1,28fc35f2-f19a-4bac-a5b9-dd79e7263703,1400,1474,0,Main.c.txQueue,buffer_utilization,1,number,1.0000000000000000e+0,8500000000,,,c:170,,,
1,28fc35f2-f19a-4bac-a5b9-dd79e7263703,1401,1474,1,Main.c.txQueue,queue_length,count,integer,2,8500000000,,,c:170,,,
1,28fc35f2-f19a-4bac-a5b9-dd79e7263703,1402,1437,0,Main.bus,transfer_ps,ps,integer,238000000,8534000000,,,a:157,,,
1,28fc35f2-f19a-4bac-a5b9-dd79e7263703,1403,1477,0,Main.b,delivery_ps,ps,integer,684000000,8534000000,,,a:157,Main.b,,
1,28fc35f2-f19a-4bac-a5b9-dd79e7263703,1404,1478,0,Main.c,delivery_ps,ps,integer,684000000,8534000000,,,a:157,Main.c,,
1,28fc35f2-f19a-4bac-a5b9-dd79e7263703,1405,1479,0,Main.a,arbitration_wait_ps,ps,integer,440000000,8540000000,,,a:162,,,
1,28fc35f2-f19a-4bac-a5b9-dd79e7263703,1406,1479,1,Main.a,tx_wait_ps,ps,integer,440000000,8540000000,,,a:162,,,
1,28fc35f2-f19a-4bac-a5b9-dd79e7263703,1407,1479,2,Main.a.txQueue,buffer_utilization,1,number,5.0000000000000000e-1,8540000000,,,a:162,,,
1,28fc35f2-f19a-4bac-a5b9-dd79e7263703,1408,1479,3,Main.a.txQueue,queue_length,count,integer,1,8540000000,,,a:162,,,
1,28fc35f2-f19a-4bac-a5b9-dd79e7263703,1409,1486,0,Main.a.txQueue,buffer_utilization,1,number,1.0000000000000000e+0,8550000000,,,a:171,,,
1,28fc35f2-f19a-4bac-a5b9-dd79e7263703,1410,1486,1,Main.a.txQueue,queue_length,count,integer,2,8550000000,,,a:171,,,
1,28fc35f2-f19a-4bac-a5b9-dd79e7263703,1411,1487,0,Main.b.txQueue,buffer_utilization,1,number,1.0000000000000000e+0,8550000000,,,b:171,,,
1,28fc35f2-f19a-4bac-a5b9-dd79e7263703,1412,1487,1,Main.b.txQueue,queue_length,count,integer,2,8550000000,,,b:171,,,
1,28fc35f2-f19a-4bac-a5b9-dd79e7263703,1413,1488,0,Main.c.txQueue,buffer_utilization,1,number,1.0000000000000000e+0,8550000000,,,c:171,,,
1,28fc35f2-f19a-4bac-a5b9-dd79e7263703,1414,1488,1,Main.c.txQueue,queue_length,count,integer,2,8550000000,,,c:171,,,
1,28fc35f2-f19a-4bac-a5b9-dd79e7263703,1415,1494,0,Main.a.txQueue,buffer_utilization,1,number,1.0000000000000000e+0,8600000000,,,a:172,,,
1,28fc35f2-f19a-4bac-a5b9-dd79e7263703,1416,1494,1,Main.a.txQueue,queue_length,count,integer,2,8600000000,,,a:172,,,
1,28fc35f2-f19a-4bac-a5b9-dd79e7263703,1417,1495,0,Main.b.txQueue,buffer_utilization,1,number,1.0000000000000000e+0,8600000000,,,b:172,,,
1,28fc35f2-f19a-4bac-a5b9-dd79e7263703,1418,1495,1,Main.b.txQueue,queue_length,count,integer,2,8600000000,,,b:172,,,
1,28fc35f2-f19a-4bac-a5b9-dd79e7263703,1419,1496,0,Main.c.txQueue,buffer_utilization,1,number,1.0000000000000000e+0,8600000000,,,c:172,,,
1,28fc35f2-f19a-4bac-a5b9-dd79e7263703,1420,1496,1,Main.c.txQueue,queue_length,count,integer,2,8600000000,,,c:172,,,
1,28fc35f2-f19a-4bac-a5b9-dd79e7263703,1421,1501,0,Main.a.txQueue,buffer_utilization,1,number,1.0000000000000000e+0,8650000000,,,a:173,,,
1,28fc35f2-f19a-4bac-a5b9-dd79e7263703,1422,1501,1,Main.a.txQueue,queue_length,count,integer,2,8650000000,,,a:173,,,
1,28fc35f2-f19a-4bac-a5b9-dd79e7263703,1423,1502,0,Main.b.txQueue,buffer_utilization,1,number,1.0000000000000000e+0,8650000000,,,b:173,,,
1,28fc35f2-f19a-4bac-a5b9-dd79e7263703,1424,1502,1,Main.b.txQueue,queue_length,count,integer,2,8650000000,,,b:173,,,
1,28fc35f2-f19a-4bac-a5b9-dd79e7263703,1425,1503,0,Main.c.txQueue,buffer_utilization,1,number,1.0000000000000000e+0,8650000000,,,c:173,,,
1,28fc35f2-f19a-4bac-a5b9-dd79e7263703,1426,1503,1,Main.c.txQueue,queue_length,count,integer,2,8650000000,,,c:173,,,
1,28fc35f2-f19a-4bac-a5b9-dd79e7263703,1427,1508,0,Main.a.txQueue,buffer_utilization,1,number,1.0000000000000000e+0,8700000000,,,a:174,,,
1,28fc35f2-f19a-4bac-a5b9-dd79e7263703,1428,1508,1,Main.a.txQueue,queue_length,count,integer,2,8700000000,,,a:174,,,
1,28fc35f2-f19a-4bac-a5b9-dd79e7263703,1429,1509,0,Main.b.txQueue,buffer_utilization,1,number,1.0000000000000000e+0,8700000000,,,b:174,,,
1,28fc35f2-f19a-4bac-a5b9-dd79e7263703,1430,1509,1,Main.b.txQueue,queue_length,count,integer,2,8700000000,,,b:174,,,
1,28fc35f2-f19a-4bac-a5b9-dd79e7263703,1431,1510,0,Main.c.txQueue,buffer_utilization,1,number,1.0000000000000000e+0,8700000000,,,c:174,,,
1,28fc35f2-f19a-4bac-a5b9-dd79e7263703,1432,1510,1,Main.c.txQueue,queue_length,count,integer,2,8700000000,,,c:174,,,
1,28fc35f2-f19a-4bac-a5b9-dd79e7263703,1433,1515,0,Main.a.txQueue,buffer_utilization,1,number,1.0000000000000000e+0,8750000000,,,a:175,,,
1,28fc35f2-f19a-4bac-a5b9-dd79e7263703,1434,1515,1,Main.a.txQueue,queue_length,count,integer,2,8750000000,,,a:175,,,
1,28fc35f2-f19a-4bac-a5b9-dd79e7263703,1435,1516,0,Main.b.txQueue,buffer_utilization,1,number,1.0000000000000000e+0,8750000000,,,b:175,,,
1,28fc35f2-f19a-4bac-a5b9-dd79e7263703,1436,1516,1,Main.b.txQueue,queue_length,count,integer,2,8750000000,,,b:175,,,
1,28fc35f2-f19a-4bac-a5b9-dd79e7263703,1437,1517,0,Main.c.txQueue,buffer_utilization,1,number,1.0000000000000000e+0,8750000000,,,c:175,,,
1,28fc35f2-f19a-4bac-a5b9-dd79e7263703,1438,1517,1,Main.c.txQueue,queue_length,count,integer,2,8750000000,,,c:175,,,
1,28fc35f2-f19a-4bac-a5b9-dd79e7263703,1439,1480,0,Main.bus,transfer_ps,ps,integer,238000000,8778000000,,,a:162,,,
1,28fc35f2-f19a-4bac-a5b9-dd79e7263703,1440,1520,0,Main.b,delivery_ps,ps,integer,678000000,8778000000,,,a:162,Main.b,,
1,28fc35f2-f19a-4bac-a5b9-dd79e7263703,1441,1521,0,Main.c,delivery_ps,ps,integer,678000000,8778000000,,,a:162,Main.c,,
1,28fc35f2-f19a-4bac-a5b9-dd79e7263703,1442,1522,0,Main.a,arbitration_wait_ps,ps,integer,484000000,8784000000,,,a:166,,,
1,28fc35f2-f19a-4bac-a5b9-dd79e7263703,1443,1522,1,Main.a,tx_wait_ps,ps,integer,484000000,8784000000,,,a:166,,,
1,28fc35f2-f19a-4bac-a5b9-dd79e7263703,1444,1522,2,Main.a.txQueue,buffer_utilization,1,number,5.0000000000000000e-1,8784000000,,,a:166,,,
1,28fc35f2-f19a-4bac-a5b9-dd79e7263703,1445,1522,3,Main.a.txQueue,queue_length,count,integer,1,8784000000,,,a:166,,,
1,28fc35f2-f19a-4bac-a5b9-dd79e7263703,1446,1529,0,Main.a.txQueue,buffer_utilization,1,number,1.0000000000000000e+0,8800000000,,,a:176,,,
1,28fc35f2-f19a-4bac-a5b9-dd79e7263703,1447,1529,1,Main.a.txQueue,queue_length,count,integer,2,8800000000,,,a:176,,,
1,28fc35f2-f19a-4bac-a5b9-dd79e7263703,1448,1530,0,Main.b.txQueue,buffer_utilization,1,number,1.0000000000000000e+0,8800000000,,,b:176,,,
1,28fc35f2-f19a-4bac-a5b9-dd79e7263703,1449,1530,1,Main.b.txQueue,queue_length,count,integer,2,8800000000,,,b:176,,,
1,28fc35f2-f19a-4bac-a5b9-dd79e7263703,1450,1531,0,Main.c.txQueue,buffer_utilization,1,number,1.0000000000000000e+0,8800000000,,,c:176,,,
1,28fc35f2-f19a-4bac-a5b9-dd79e7263703,1451,1531,1,Main.c.txQueue,queue_length,count,integer,2,8800000000,,,c:176,,,
1,28fc35f2-f19a-4bac-a5b9-dd79e7263703,1452,1537,0,Main.a.txQueue,buffer_utilization,1,number,1.0000000000000000e+0,8850000000,,,a:177,,,
1,28fc35f2-f19a-4bac-a5b9-dd79e7263703,1453,1537,1,Main.a.txQueue,queue_length,count,integer,2,8850000000,,,a:177,,,
1,28fc35f2-f19a-4bac-a5b9-dd79e7263703,1454,1538,0,Main.b.txQueue,buffer_utilization,1,number,1.0000000000000000e+0,8850000000,,,b:177,,,
1,28fc35f2-f19a-4bac-a5b9-dd79e7263703,1455,1538,1,Main.b.txQueue,queue_length,count,integer,2,8850000000,,,b:177,,,
1,28fc35f2-f19a-4bac-a5b9-dd79e7263703,1456,1539,0,Main.c.txQueue,buffer_utilization,1,number,1.0000000000000000e+0,8850000000,,,c:177,,,
1,28fc35f2-f19a-4bac-a5b9-dd79e7263703,1457,1539,1,Main.c.txQueue,queue_length,count,integer,2,8850000000,,,c:177,,,
1,28fc35f2-f19a-4bac-a5b9-dd79e7263703,1458,1544,0,Main.a.txQueue,buffer_utilization,1,number,1.0000000000000000e+0,8900000000,,,a:178,,,
1,28fc35f2-f19a-4bac-a5b9-dd79e7263703,1459,1544,1,Main.a.txQueue,queue_length,count,integer,2,8900000000,,,a:178,,,
1,28fc35f2-f19a-4bac-a5b9-dd79e7263703,1460,1545,0,Main.b.txQueue,buffer_utilization,1,number,1.0000000000000000e+0,8900000000,,,b:178,,,
1,28fc35f2-f19a-4bac-a5b9-dd79e7263703,1461,1545,1,Main.b.txQueue,queue_length,count,integer,2,8900000000,,,b:178,,,
1,28fc35f2-f19a-4bac-a5b9-dd79e7263703,1462,1546,0,Main.c.txQueue,buffer_utilization,1,number,1.0000000000000000e+0,8900000000,,,c:178,,,
1,28fc35f2-f19a-4bac-a5b9-dd79e7263703,1463,1546,1,Main.c.txQueue,queue_length,count,integer,2,8900000000,,,c:178,,,
1,28fc35f2-f19a-4bac-a5b9-dd79e7263703,1464,1551,0,Main.a.txQueue,buffer_utilization,1,number,1.0000000000000000e+0,8950000000,,,a:179,,,
1,28fc35f2-f19a-4bac-a5b9-dd79e7263703,1465,1551,1,Main.a.txQueue,queue_length,count,integer,2,8950000000,,,a:179,,,
1,28fc35f2-f19a-4bac-a5b9-dd79e7263703,1466,1552,0,Main.b.txQueue,buffer_utilization,1,number,1.0000000000000000e+0,8950000000,,,b:179,,,
1,28fc35f2-f19a-4bac-a5b9-dd79e7263703,1467,1552,1,Main.b.txQueue,queue_length,count,integer,2,8950000000,,,b:179,,,
1,28fc35f2-f19a-4bac-a5b9-dd79e7263703,1468,1553,0,Main.c.txQueue,buffer_utilization,1,number,1.0000000000000000e+0,8950000000,,,c:179,,,
1,28fc35f2-f19a-4bac-a5b9-dd79e7263703,1469,1553,1,Main.c.txQueue,queue_length,count,integer,2,8950000000,,,c:179,,,
1,28fc35f2-f19a-4bac-a5b9-dd79e7263703,1470,,,Main.a,received_payload_bits,bit,integer,0,,8000000000,9000000000,,Main.a,,
1,28fc35f2-f19a-4bac-a5b9-dd79e7263703,1471,,,Main.a,received_throughput_bps,bit/s,number,0.0000000000000000e+0,,8000000000,9000000000,,Main.a,,
1,28fc35f2-f19a-4bac-a5b9-dd79e7263703,1472,,,Main.a.txQueue,buffer_utilization_mean,1,number,9.6099999999999997e-1,,8000000000,9000000000,,,,
1,28fc35f2-f19a-4bac-a5b9-dd79e7263703,1473,,,Main.b,received_payload_bits,bit,integer,256,,8000000000,9000000000,,Main.b,,
1,28fc35f2-f19a-4bac-a5b9-dd79e7263703,1474,,,Main.b,received_throughput_bps,bit/s,number,2.5600000000000000e+5,,8000000000,9000000000,,Main.b,,
1,28fc35f2-f19a-4bac-a5b9-dd79e7263703,1475,,,Main.b.txQueue,buffer_utilization_mean,1,number,1.0000000000000000e+0,,8000000000,9000000000,,,,
1,28fc35f2-f19a-4bac-a5b9-dd79e7263703,1476,,,Main.bus,bus_utilization,1,number,1.0000000000000000e+0,,8000000000,9000000000,,,,
1,28fc35f2-f19a-4bac-a5b9-dd79e7263703,1477,,,Main.bus,frame_utilization,1,number,9.7599999999999998e-1,,8000000000,9000000000,,,,
1,28fc35f2-f19a-4bac-a5b9-dd79e7263703,1478,,,Main.bus,occupied_bits,bit,integer,488,,8000000000,9000000000,,,,
1,28fc35f2-f19a-4bac-a5b9-dd79e7263703,1479,,,Main.bus,payload_bits,bit,integer,256,,8000000000,9000000000,,,,
1,28fc35f2-f19a-4bac-a5b9-dd79e7263703,1480,,,Main.bus,payload_throughput_bps,bit/s,number,2.5600000000000000e+5,,8000000000,9000000000,,,,
1,28fc35f2-f19a-4bac-a5b9-dd79e7263703,1481,,,Main.bus,serialized_bits,bit,integer,476,,8000000000,9000000000,,,,
1,28fc35f2-f19a-4bac-a5b9-dd79e7263703,1482,,,Main.bus,serialized_throughput_bps,bit/s,number,4.7600000000000000e+5,,8000000000,9000000000,,,,
1,28fc35f2-f19a-4bac-a5b9-dd79e7263703,1483,,,Main.c,received_payload_bits,bit,integer,256,,8000000000,9000000000,,Main.c,,
1,28fc35f2-f19a-4bac-a5b9-dd79e7263703,1484,,,Main.c,received_throughput_bps,bit/s,number,2.5600000000000000e+5,,8000000000,9000000000,,Main.c,,
1,28fc35f2-f19a-4bac-a5b9-dd79e7263703,1485,,,Main.c.txQueue,buffer_utilization_mean,1,number,1.0000000000000000e+0,,8000000000,9000000000,,,,
1,28fc35f2-f19a-4bac-a5b9-dd79e7263703,1486,1558,0,Main.a.txQueue,buffer_utilization,1,number,1.0000000000000000e+0,9000000000,,,a:180,,,
1,28fc35f2-f19a-4bac-a5b9-dd79e7263703,1487,1558,1,Main.a.txQueue,queue_length,count,integer,2,9000000000,,,a:180,,,
1,28fc35f2-f19a-4bac-a5b9-dd79e7263703,1488,1559,0,Main.b.txQueue,buffer_utilization,1,number,1.0000000000000000e+0,9000000000,,,b:180,,,
1,28fc35f2-f19a-4bac-a5b9-dd79e7263703,1489,1559,1,Main.b.txQueue,queue_length,count,integer,2,9000000000,,,b:180,,,
1,28fc35f2-f19a-4bac-a5b9-dd79e7263703,1490,1560,0,Main.c.txQueue,buffer_utilization,1,number,1.0000000000000000e+0,9000000000,,,c:180,,,
1,28fc35f2-f19a-4bac-a5b9-dd79e7263703,1491,1560,1,Main.c.txQueue,queue_length,count,integer,2,9000000000,,,c:180,,,
1,28fc35f2-f19a-4bac-a5b9-dd79e7263703,1492,1523,0,Main.bus,transfer_ps,ps,integer,238000000,9022000000,,,a:166,,,
1,28fc35f2-f19a-4bac-a5b9-dd79e7263703,1493,1563,0,Main.b,delivery_ps,ps,integer,722000000,9022000000,,,a:166,Main.b,,
1,28fc35f2-f19a-4bac-a5b9-dd79e7263703,1494,1564,0,Main.c,delivery_ps,ps,integer,722000000,9022000000,,,a:166,Main.c,,
1,28fc35f2-f19a-4bac-a5b9-dd79e7263703,1495,1565,0,Main.a,arbitration_wait_ps,ps,integer,478000000,9028000000,,,a:171,,,
1,28fc35f2-f19a-4bac-a5b9-dd79e7263703,1496,1565,1,Main.a,tx_wait_ps,ps,integer,478000000,9028000000,,,a:171,,,
1,28fc35f2-f19a-4bac-a5b9-dd79e7263703,1497,1565,2,Main.a.txQueue,buffer_utilization,1,number,5.0000000000000000e-1,9028000000,,,a:171,,,
1,28fc35f2-f19a-4bac-a5b9-dd79e7263703,1498,1565,3,Main.a.txQueue,queue_length,count,integer,1,9028000000,,,a:171,,,
1,28fc35f2-f19a-4bac-a5b9-dd79e7263703,1499,1572,0,Main.a.txQueue,buffer_utilization,1,number,1.0000000000000000e+0,9050000000,,,a:181,,,
1,28fc35f2-f19a-4bac-a5b9-dd79e7263703,1500,1572,1,Main.a.txQueue,queue_length,count,integer,2,9050000000,,,a:181,,,
1,28fc35f2-f19a-4bac-a5b9-dd79e7263703,1501,1573,0,Main.b.txQueue,buffer_utilization,1,number,1.0000000000000000e+0,9050000000,,,b:181,,,
1,28fc35f2-f19a-4bac-a5b9-dd79e7263703,1502,1573,1,Main.b.txQueue,queue_length,count,integer,2,9050000000,,,b:181,,,
1,28fc35f2-f19a-4bac-a5b9-dd79e7263703,1503,1574,0,Main.c.txQueue,buffer_utilization,1,number,1.0000000000000000e+0,9050000000,,,c:181,,,
1,28fc35f2-f19a-4bac-a5b9-dd79e7263703,1504,1574,1,Main.c.txQueue,queue_length,count,integer,2,9050000000,,,c:181,,,
1,28fc35f2-f19a-4bac-a5b9-dd79e7263703,1505,1580,0,Main.a.txQueue,buffer_utilization,1,number,1.0000000000000000e+0,9100000000,,,a:182,,,
1,28fc35f2-f19a-4bac-a5b9-dd79e7263703,1506,1580,1,Main.a.txQueue,queue_length,count,integer,2,9100000000,,,a:182,,,
1,28fc35f2-f19a-4bac-a5b9-dd79e7263703,1507,1581,0,Main.b.txQueue,buffer_utilization,1,number,1.0000000000000000e+0,9100000000,,,b:182,,,
1,28fc35f2-f19a-4bac-a5b9-dd79e7263703,1508,1581,1,Main.b.txQueue,queue_length,count,integer,2,9100000000,,,b:182,,,
1,28fc35f2-f19a-4bac-a5b9-dd79e7263703,1509,1582,0,Main.c.txQueue,buffer_utilization,1,number,1.0000000000000000e+0,9100000000,,,c:182,,,
1,28fc35f2-f19a-4bac-a5b9-dd79e7263703,1510,1582,1,Main.c.txQueue,queue_length,count,integer,2,9100000000,,,c:182,,,
1,28fc35f2-f19a-4bac-a5b9-dd79e7263703,1511,1587,0,Main.a.txQueue,buffer_utilization,1,number,1.0000000000000000e+0,9150000000,,,a:183,,,
1,28fc35f2-f19a-4bac-a5b9-dd79e7263703,1512,1587,1,Main.a.txQueue,queue_length,count,integer,2,9150000000,,,a:183,,,
1,28fc35f2-f19a-4bac-a5b9-dd79e7263703,1513,1588,0,Main.b.txQueue,buffer_utilization,1,number,1.0000000000000000e+0,9150000000,,,b:183,,,
1,28fc35f2-f19a-4bac-a5b9-dd79e7263703,1514,1588,1,Main.b.txQueue,queue_length,count,integer,2,9150000000,,,b:183,,,
1,28fc35f2-f19a-4bac-a5b9-dd79e7263703,1515,1589,0,Main.c.txQueue,buffer_utilization,1,number,1.0000000000000000e+0,9150000000,,,c:183,,,
1,28fc35f2-f19a-4bac-a5b9-dd79e7263703,1516,1589,1,Main.c.txQueue,queue_length,count,integer,2,9150000000,,,c:183,,,
1,28fc35f2-f19a-4bac-a5b9-dd79e7263703,1517,1594,0,Main.a.txQueue,buffer_utilization,1,number,1.0000000000000000e+0,9200000000,,,a:184,,,
1,28fc35f2-f19a-4bac-a5b9-dd79e7263703,1518,1594,1,Main.a.txQueue,queue_length,count,integer,2,9200000000,,,a:184,,,
1,28fc35f2-f19a-4bac-a5b9-dd79e7263703,1519,1595,0,Main.b.txQueue,buffer_utilization,1,number,1.0000000000000000e+0,9200000000,,,b:184,,,
1,28fc35f2-f19a-4bac-a5b9-dd79e7263703,1520,1595,1,Main.b.txQueue,queue_length,count,integer,2,9200000000,,,b:184,,,
1,28fc35f2-f19a-4bac-a5b9-dd79e7263703,1521,1596,0,Main.c.txQueue,buffer_utilization,1,number,1.0000000000000000e+0,9200000000,,,c:184,,,
1,28fc35f2-f19a-4bac-a5b9-dd79e7263703,1522,1596,1,Main.c.txQueue,queue_length,count,integer,2,9200000000,,,c:184,,,
1,28fc35f2-f19a-4bac-a5b9-dd79e7263703,1523,1601,0,Main.a.txQueue,buffer_utilization,1,number,1.0000000000000000e+0,9250000000,,,a:185,,,
1,28fc35f2-f19a-4bac-a5b9-dd79e7263703,1524,1601,1,Main.a.txQueue,queue_length,count,integer,2,9250000000,,,a:185,,,
1,28fc35f2-f19a-4bac-a5b9-dd79e7263703,1525,1602,0,Main.b.txQueue,buffer_utilization,1,number,1.0000000000000000e+0,9250000000,,,b:185,,,
1,28fc35f2-f19a-4bac-a5b9-dd79e7263703,1526,1602,1,Main.b.txQueue,queue_length,count,integer,2,9250000000,,,b:185,,,
1,28fc35f2-f19a-4bac-a5b9-dd79e7263703,1527,1603,0,Main.c.txQueue,buffer_utilization,1,number,1.0000000000000000e+0,9250000000,,,c:185,,,
1,28fc35f2-f19a-4bac-a5b9-dd79e7263703,1528,1603,1,Main.c.txQueue,queue_length,count,integer,2,9250000000,,,c:185,,,
1,28fc35f2-f19a-4bac-a5b9-dd79e7263703,1529,1566,0,Main.bus,transfer_ps,ps,integer,238000000,9266000000,,,a:171,,,
1,28fc35f2-f19a-4bac-a5b9-dd79e7263703,1530,1606,0,Main.b,delivery_ps,ps,integer,716000000,9266000000,,,a:171,Main.b,,
1,28fc35f2-f19a-4bac-a5b9-dd79e7263703,1531,1607,0,Main.c,delivery_ps,ps,integer,716000000,9266000000,,,a:171,Main.c,,
1,28fc35f2-f19a-4bac-a5b9-dd79e7263703,1532,1608,0,Main.a,arbitration_wait_ps,ps,integer,472000000,9272000000,,,a:176,,,
1,28fc35f2-f19a-4bac-a5b9-dd79e7263703,1533,1608,1,Main.a,tx_wait_ps,ps,integer,472000000,9272000000,,,a:176,,,
1,28fc35f2-f19a-4bac-a5b9-dd79e7263703,1534,1608,2,Main.a.txQueue,buffer_utilization,1,number,5.0000000000000000e-1,9272000000,,,a:176,,,
1,28fc35f2-f19a-4bac-a5b9-dd79e7263703,1535,1608,3,Main.a.txQueue,queue_length,count,integer,1,9272000000,,,a:176,,,
1,28fc35f2-f19a-4bac-a5b9-dd79e7263703,1536,1615,0,Main.a.txQueue,buffer_utilization,1,number,1.0000000000000000e+0,9300000000,,,a:186,,,
1,28fc35f2-f19a-4bac-a5b9-dd79e7263703,1537,1615,1,Main.a.txQueue,queue_length,count,integer,2,9300000000,,,a:186,,,
1,28fc35f2-f19a-4bac-a5b9-dd79e7263703,1538,1616,0,Main.b.txQueue,buffer_utilization,1,number,1.0000000000000000e+0,9300000000,,,b:186,,,
1,28fc35f2-f19a-4bac-a5b9-dd79e7263703,1539,1616,1,Main.b.txQueue,queue_length,count,integer,2,9300000000,,,b:186,,,
1,28fc35f2-f19a-4bac-a5b9-dd79e7263703,1540,1617,0,Main.c.txQueue,buffer_utilization,1,number,1.0000000000000000e+0,9300000000,,,c:186,,,
1,28fc35f2-f19a-4bac-a5b9-dd79e7263703,1541,1617,1,Main.c.txQueue,queue_length,count,integer,2,9300000000,,,c:186,,,
1,28fc35f2-f19a-4bac-a5b9-dd79e7263703,1542,1623,0,Main.a.txQueue,buffer_utilization,1,number,1.0000000000000000e+0,9350000000,,,a:187,,,
1,28fc35f2-f19a-4bac-a5b9-dd79e7263703,1543,1623,1,Main.a.txQueue,queue_length,count,integer,2,9350000000,,,a:187,,,
1,28fc35f2-f19a-4bac-a5b9-dd79e7263703,1544,1624,0,Main.b.txQueue,buffer_utilization,1,number,1.0000000000000000e+0,9350000000,,,b:187,,,
1,28fc35f2-f19a-4bac-a5b9-dd79e7263703,1545,1624,1,Main.b.txQueue,queue_length,count,integer,2,9350000000,,,b:187,,,
1,28fc35f2-f19a-4bac-a5b9-dd79e7263703,1546,1625,0,Main.c.txQueue,buffer_utilization,1,number,1.0000000000000000e+0,9350000000,,,c:187,,,
1,28fc35f2-f19a-4bac-a5b9-dd79e7263703,1547,1625,1,Main.c.txQueue,queue_length,count,integer,2,9350000000,,,c:187,,,
1,28fc35f2-f19a-4bac-a5b9-dd79e7263703,1548,1630,0,Main.a.txQueue,buffer_utilization,1,number,1.0000000000000000e+0,9400000000,,,a:188,,,
1,28fc35f2-f19a-4bac-a5b9-dd79e7263703,1549,1630,1,Main.a.txQueue,queue_length,count,integer,2,9400000000,,,a:188,,,
1,28fc35f2-f19a-4bac-a5b9-dd79e7263703,1550,1631,0,Main.b.txQueue,buffer_utilization,1,number,1.0000000000000000e+0,9400000000,,,b:188,,,
1,28fc35f2-f19a-4bac-a5b9-dd79e7263703,1551,1631,1,Main.b.txQueue,queue_length,count,integer,2,9400000000,,,b:188,,,
1,28fc35f2-f19a-4bac-a5b9-dd79e7263703,1552,1632,0,Main.c.txQueue,buffer_utilization,1,number,1.0000000000000000e+0,9400000000,,,c:188,,,
1,28fc35f2-f19a-4bac-a5b9-dd79e7263703,1553,1632,1,Main.c.txQueue,queue_length,count,integer,2,9400000000,,,c:188,,,
1,28fc35f2-f19a-4bac-a5b9-dd79e7263703,1554,1637,0,Main.a.txQueue,buffer_utilization,1,number,1.0000000000000000e+0,9450000000,,,a:189,,,
1,28fc35f2-f19a-4bac-a5b9-dd79e7263703,1555,1637,1,Main.a.txQueue,queue_length,count,integer,2,9450000000,,,a:189,,,
1,28fc35f2-f19a-4bac-a5b9-dd79e7263703,1556,1638,0,Main.b.txQueue,buffer_utilization,1,number,1.0000000000000000e+0,9450000000,,,b:189,,,
1,28fc35f2-f19a-4bac-a5b9-dd79e7263703,1557,1638,1,Main.b.txQueue,queue_length,count,integer,2,9450000000,,,b:189,,,
1,28fc35f2-f19a-4bac-a5b9-dd79e7263703,1558,1639,0,Main.c.txQueue,buffer_utilization,1,number,1.0000000000000000e+0,9450000000,,,c:189,,,
1,28fc35f2-f19a-4bac-a5b9-dd79e7263703,1559,1639,1,Main.c.txQueue,queue_length,count,integer,2,9450000000,,,c:189,,,
1,28fc35f2-f19a-4bac-a5b9-dd79e7263703,1560,1644,0,Main.a.txQueue,buffer_utilization,1,number,1.0000000000000000e+0,9500000000,,,a:190,,,
1,28fc35f2-f19a-4bac-a5b9-dd79e7263703,1561,1644,1,Main.a.txQueue,queue_length,count,integer,2,9500000000,,,a:190,,,
1,28fc35f2-f19a-4bac-a5b9-dd79e7263703,1562,1645,0,Main.b.txQueue,buffer_utilization,1,number,1.0000000000000000e+0,9500000000,,,b:190,,,
1,28fc35f2-f19a-4bac-a5b9-dd79e7263703,1563,1645,1,Main.b.txQueue,queue_length,count,integer,2,9500000000,,,b:190,,,
1,28fc35f2-f19a-4bac-a5b9-dd79e7263703,1564,1646,0,Main.c.txQueue,buffer_utilization,1,number,1.0000000000000000e+0,9500000000,,,c:190,,,
1,28fc35f2-f19a-4bac-a5b9-dd79e7263703,1565,1646,1,Main.c.txQueue,queue_length,count,integer,2,9500000000,,,c:190,,,
1,28fc35f2-f19a-4bac-a5b9-dd79e7263703,1566,1609,0,Main.bus,transfer_ps,ps,integer,238000000,9510000000,,,a:176,,,
1,28fc35f2-f19a-4bac-a5b9-dd79e7263703,1567,1649,0,Main.b,delivery_ps,ps,integer,710000000,9510000000,,,a:176,Main.b,,
1,28fc35f2-f19a-4bac-a5b9-dd79e7263703,1568,1650,0,Main.c,delivery_ps,ps,integer,710000000,9510000000,,,a:176,Main.c,,
1,28fc35f2-f19a-4bac-a5b9-dd79e7263703,1569,1651,0,Main.a,arbitration_wait_ps,ps,integer,466000000,9516000000,,,a:181,,,
1,28fc35f2-f19a-4bac-a5b9-dd79e7263703,1570,1651,1,Main.a,tx_wait_ps,ps,integer,466000000,9516000000,,,a:181,,,
1,28fc35f2-f19a-4bac-a5b9-dd79e7263703,1571,1651,2,Main.a.txQueue,buffer_utilization,1,number,5.0000000000000000e-1,9516000000,,,a:181,,,
1,28fc35f2-f19a-4bac-a5b9-dd79e7263703,1572,1651,3,Main.a.txQueue,queue_length,count,integer,1,9516000000,,,a:181,,,
1,28fc35f2-f19a-4bac-a5b9-dd79e7263703,1573,1658,0,Main.a.txQueue,buffer_utilization,1,number,1.0000000000000000e+0,9550000000,,,a:191,,,
1,28fc35f2-f19a-4bac-a5b9-dd79e7263703,1574,1658,1,Main.a.txQueue,queue_length,count,integer,2,9550000000,,,a:191,,,
1,28fc35f2-f19a-4bac-a5b9-dd79e7263703,1575,1659,0,Main.b.txQueue,buffer_utilization,1,number,1.0000000000000000e+0,9550000000,,,b:191,,,
1,28fc35f2-f19a-4bac-a5b9-dd79e7263703,1576,1659,1,Main.b.txQueue,queue_length,count,integer,2,9550000000,,,b:191,,,
1,28fc35f2-f19a-4bac-a5b9-dd79e7263703,1577,1660,0,Main.c.txQueue,buffer_utilization,1,number,1.0000000000000000e+0,9550000000,,,c:191,,,
1,28fc35f2-f19a-4bac-a5b9-dd79e7263703,1578,1660,1,Main.c.txQueue,queue_length,count,integer,2,9550000000,,,c:191,,,
1,28fc35f2-f19a-4bac-a5b9-dd79e7263703,1579,1666,0,Main.a.txQueue,buffer_utilization,1,number,1.0000000000000000e+0,9600000000,,,a:192,,,
1,28fc35f2-f19a-4bac-a5b9-dd79e7263703,1580,1666,1,Main.a.txQueue,queue_length,count,integer,2,9600000000,,,a:192,,,
1,28fc35f2-f19a-4bac-a5b9-dd79e7263703,1581,1667,0,Main.b.txQueue,buffer_utilization,1,number,1.0000000000000000e+0,9600000000,,,b:192,,,
1,28fc35f2-f19a-4bac-a5b9-dd79e7263703,1582,1667,1,Main.b.txQueue,queue_length,count,integer,2,9600000000,,,b:192,,,
1,28fc35f2-f19a-4bac-a5b9-dd79e7263703,1583,1668,0,Main.c.txQueue,buffer_utilization,1,number,1.0000000000000000e+0,9600000000,,,c:192,,,
1,28fc35f2-f19a-4bac-a5b9-dd79e7263703,1584,1668,1,Main.c.txQueue,queue_length,count,integer,2,9600000000,,,c:192,,,
1,28fc35f2-f19a-4bac-a5b9-dd79e7263703,1585,1673,0,Main.a.txQueue,buffer_utilization,1,number,1.0000000000000000e+0,9650000000,,,a:193,,,
1,28fc35f2-f19a-4bac-a5b9-dd79e7263703,1586,1673,1,Main.a.txQueue,queue_length,count,integer,2,9650000000,,,a:193,,,
1,28fc35f2-f19a-4bac-a5b9-dd79e7263703,1587,1674,0,Main.b.txQueue,buffer_utilization,1,number,1.0000000000000000e+0,9650000000,,,b:193,,,
1,28fc35f2-f19a-4bac-a5b9-dd79e7263703,1588,1674,1,Main.b.txQueue,queue_length,count,integer,2,9650000000,,,b:193,,,
1,28fc35f2-f19a-4bac-a5b9-dd79e7263703,1589,1675,0,Main.c.txQueue,buffer_utilization,1,number,1.0000000000000000e+0,9650000000,,,c:193,,,
1,28fc35f2-f19a-4bac-a5b9-dd79e7263703,1590,1675,1,Main.c.txQueue,queue_length,count,integer,2,9650000000,,,c:193,,,
1,28fc35f2-f19a-4bac-a5b9-dd79e7263703,1591,1680,0,Main.a.txQueue,buffer_utilization,1,number,1.0000000000000000e+0,9700000000,,,a:194,,,
1,28fc35f2-f19a-4bac-a5b9-dd79e7263703,1592,1680,1,Main.a.txQueue,queue_length,count,integer,2,9700000000,,,a:194,,,
1,28fc35f2-f19a-4bac-a5b9-dd79e7263703,1593,1681,0,Main.b.txQueue,buffer_utilization,1,number,1.0000000000000000e+0,9700000000,,,b:194,,,
1,28fc35f2-f19a-4bac-a5b9-dd79e7263703,1594,1681,1,Main.b.txQueue,queue_length,count,integer,2,9700000000,,,b:194,,,
1,28fc35f2-f19a-4bac-a5b9-dd79e7263703,1595,1682,0,Main.c.txQueue,buffer_utilization,1,number,1.0000000000000000e+0,9700000000,,,c:194,,,
1,28fc35f2-f19a-4bac-a5b9-dd79e7263703,1596,1682,1,Main.c.txQueue,queue_length,count,integer,2,9700000000,,,c:194,,,
1,28fc35f2-f19a-4bac-a5b9-dd79e7263703,1597,1687,0,Main.a.txQueue,buffer_utilization,1,number,1.0000000000000000e+0,9750000000,,,a:195,,,
1,28fc35f2-f19a-4bac-a5b9-dd79e7263703,1598,1687,1,Main.a.txQueue,queue_length,count,integer,2,9750000000,,,a:195,,,
1,28fc35f2-f19a-4bac-a5b9-dd79e7263703,1599,1688,0,Main.b.txQueue,buffer_utilization,1,number,1.0000000000000000e+0,9750000000,,,b:195,,,
1,28fc35f2-f19a-4bac-a5b9-dd79e7263703,1600,1688,1,Main.b.txQueue,queue_length,count,integer,2,9750000000,,,b:195,,,
1,28fc35f2-f19a-4bac-a5b9-dd79e7263703,1601,1689,0,Main.c.txQueue,buffer_utilization,1,number,1.0000000000000000e+0,9750000000,,,c:195,,,
1,28fc35f2-f19a-4bac-a5b9-dd79e7263703,1602,1689,1,Main.c.txQueue,queue_length,count,integer,2,9750000000,,,c:195,,,
1,28fc35f2-f19a-4bac-a5b9-dd79e7263703,1603,1652,0,Main.bus,transfer_ps,ps,integer,238000000,9754000000,,,a:181,,,
1,28fc35f2-f19a-4bac-a5b9-dd79e7263703,1604,1692,0,Main.b,delivery_ps,ps,integer,704000000,9754000000,,,a:181,Main.b,,
1,28fc35f2-f19a-4bac-a5b9-dd79e7263703,1605,1693,0,Main.c,delivery_ps,ps,integer,704000000,9754000000,,,a:181,Main.c,,
1,28fc35f2-f19a-4bac-a5b9-dd79e7263703,1606,1694,0,Main.a,arbitration_wait_ps,ps,integer,460000000,9760000000,,,a:186,,,
1,28fc35f2-f19a-4bac-a5b9-dd79e7263703,1607,1694,1,Main.a,tx_wait_ps,ps,integer,460000000,9760000000,,,a:186,,,
1,28fc35f2-f19a-4bac-a5b9-dd79e7263703,1608,1694,2,Main.a.txQueue,buffer_utilization,1,number,5.0000000000000000e-1,9760000000,,,a:186,,,
1,28fc35f2-f19a-4bac-a5b9-dd79e7263703,1609,1694,3,Main.a.txQueue,queue_length,count,integer,1,9760000000,,,a:186,,,
1,28fc35f2-f19a-4bac-a5b9-dd79e7263703,1610,1701,0,Main.a.txQueue,buffer_utilization,1,number,1.0000000000000000e+0,9800000000,,,a:196,,,
1,28fc35f2-f19a-4bac-a5b9-dd79e7263703,1611,1701,1,Main.a.txQueue,queue_length,count,integer,2,9800000000,,,a:196,,,
1,28fc35f2-f19a-4bac-a5b9-dd79e7263703,1612,1702,0,Main.b.txQueue,buffer_utilization,1,number,1.0000000000000000e+0,9800000000,,,b:196,,,
1,28fc35f2-f19a-4bac-a5b9-dd79e7263703,1613,1702,1,Main.b.txQueue,queue_length,count,integer,2,9800000000,,,b:196,,,
1,28fc35f2-f19a-4bac-a5b9-dd79e7263703,1614,1703,0,Main.c.txQueue,buffer_utilization,1,number,1.0000000000000000e+0,9800000000,,,c:196,,,
1,28fc35f2-f19a-4bac-a5b9-dd79e7263703,1615,1703,1,Main.c.txQueue,queue_length,count,integer,2,9800000000,,,c:196,,,
1,28fc35f2-f19a-4bac-a5b9-dd79e7263703,1616,1709,0,Main.a.txQueue,buffer_utilization,1,number,1.0000000000000000e+0,9850000000,,,a:197,,,
1,28fc35f2-f19a-4bac-a5b9-dd79e7263703,1617,1709,1,Main.a.txQueue,queue_length,count,integer,2,9850000000,,,a:197,,,
1,28fc35f2-f19a-4bac-a5b9-dd79e7263703,1618,1710,0,Main.b.txQueue,buffer_utilization,1,number,1.0000000000000000e+0,9850000000,,,b:197,,,
1,28fc35f2-f19a-4bac-a5b9-dd79e7263703,1619,1710,1,Main.b.txQueue,queue_length,count,integer,2,9850000000,,,b:197,,,
1,28fc35f2-f19a-4bac-a5b9-dd79e7263703,1620,1711,0,Main.c.txQueue,buffer_utilization,1,number,1.0000000000000000e+0,9850000000,,,c:197,,,
1,28fc35f2-f19a-4bac-a5b9-dd79e7263703,1621,1711,1,Main.c.txQueue,queue_length,count,integer,2,9850000000,,,c:197,,,
1,28fc35f2-f19a-4bac-a5b9-dd79e7263703,1622,1716,0,Main.a.txQueue,buffer_utilization,1,number,1.0000000000000000e+0,9900000000,,,a:198,,,
1,28fc35f2-f19a-4bac-a5b9-dd79e7263703,1623,1716,1,Main.a.txQueue,queue_length,count,integer,2,9900000000,,,a:198,,,
1,28fc35f2-f19a-4bac-a5b9-dd79e7263703,1624,1717,0,Main.b.txQueue,buffer_utilization,1,number,1.0000000000000000e+0,9900000000,,,b:198,,,
1,28fc35f2-f19a-4bac-a5b9-dd79e7263703,1625,1717,1,Main.b.txQueue,queue_length,count,integer,2,9900000000,,,b:198,,,
1,28fc35f2-f19a-4bac-a5b9-dd79e7263703,1626,1718,0,Main.c.txQueue,buffer_utilization,1,number,1.0000000000000000e+0,9900000000,,,c:198,,,
1,28fc35f2-f19a-4bac-a5b9-dd79e7263703,1627,1718,1,Main.c.txQueue,queue_length,count,integer,2,9900000000,,,c:198,,,
1,28fc35f2-f19a-4bac-a5b9-dd79e7263703,1628,1723,0,Main.a.txQueue,buffer_utilization,1,number,1.0000000000000000e+0,9950000000,,,a:199,,,
1,28fc35f2-f19a-4bac-a5b9-dd79e7263703,1629,1723,1,Main.a.txQueue,queue_length,count,integer,2,9950000000,,,a:199,,,
1,28fc35f2-f19a-4bac-a5b9-dd79e7263703,1630,1724,0,Main.b.txQueue,buffer_utilization,1,number,1.0000000000000000e+0,9950000000,,,b:199,,,
1,28fc35f2-f19a-4bac-a5b9-dd79e7263703,1631,1724,1,Main.b.txQueue,queue_length,count,integer,2,9950000000,,,b:199,,,
1,28fc35f2-f19a-4bac-a5b9-dd79e7263703,1632,1725,0,Main.c.txQueue,buffer_utilization,1,number,1.0000000000000000e+0,9950000000,,,c:199,,,
1,28fc35f2-f19a-4bac-a5b9-dd79e7263703,1633,1725,1,Main.c.txQueue,queue_length,count,integer,2,9950000000,,,c:199,,,
1,28fc35f2-f19a-4bac-a5b9-dd79e7263703,1634,1695,0,Main.bus,transfer_ps,ps,integer,238000000,9998000000,,,a:186,,,
1,28fc35f2-f19a-4bac-a5b9-dd79e7263703,1635,1728,0,Main.b,delivery_ps,ps,integer,698000000,9998000000,,,a:186,Main.b,,
1,28fc35f2-f19a-4bac-a5b9-dd79e7263703,1636,1729,0,Main.c,delivery_ps,ps,integer,698000000,9998000000,,,a:186,Main.c,,
1,28fc35f2-f19a-4bac-a5b9-dd79e7263703,1637,,,Main.a,received_payload_bits,bit,integer,0,,9000000000,10000000000,,Main.a,,
1,28fc35f2-f19a-4bac-a5b9-dd79e7263703,1638,,,Main.a,received_throughput_bps,bit/s,number,0.0000000000000000e+0,,9000000000,10000000000,,Main.a,,
1,28fc35f2-f19a-4bac-a5b9-dd79e7263703,1639,,,Main.a.txQueue,buffer_utilization_mean,1,number,9.3799999999999994e-1,,9000000000,10000000000,,,,
1,28fc35f2-f19a-4bac-a5b9-dd79e7263703,1640,,,Main.b,received_payload_bits,bit,integer,320,,9000000000,10000000000,,Main.b,,
1,28fc35f2-f19a-4bac-a5b9-dd79e7263703,1641,,,Main.b,received_throughput_bps,bit/s,number,3.2000000000000000e+5,,9000000000,10000000000,,Main.b,,
1,28fc35f2-f19a-4bac-a5b9-dd79e7263703,1642,,,Main.b.txQueue,buffer_utilization_mean,1,number,1.0000000000000000e+0,,9000000000,10000000000,,,,
1,28fc35f2-f19a-4bac-a5b9-dd79e7263703,1643,,,Main.bus,bus_utilization,1,number,1.0000000000000000e+0,,9000000000,10000000000,,,,
1,28fc35f2-f19a-4bac-a5b9-dd79e7263703,1644,,,Main.bus,frame_utilization,1,number,9.7399999999999998e-1,,9000000000,10000000000,,,,
1,28fc35f2-f19a-4bac-a5b9-dd79e7263703,1645,,,Main.bus,occupied_bits,bit,integer,488,,9000000000,10000000000,,,,
1,28fc35f2-f19a-4bac-a5b9-dd79e7263703,1646,,,Main.bus,payload_bits,bit,integer,320,,9000000000,10000000000,,,,
1,28fc35f2-f19a-4bac-a5b9-dd79e7263703,1647,,,Main.bus,payload_throughput_bps,bit/s,number,3.2000000000000000e+5,,9000000000,10000000000,,,,
1,28fc35f2-f19a-4bac-a5b9-dd79e7263703,1648,,,Main.bus,serialized_bits,bit,integer,595,,9000000000,10000000000,,,,
1,28fc35f2-f19a-4bac-a5b9-dd79e7263703,1649,,,Main.bus,serialized_throughput_bps,bit/s,number,5.9500000000000000e+5,,9000000000,10000000000,,,,
1,28fc35f2-f19a-4bac-a5b9-dd79e7263703,1650,,,Main.c,received_payload_bits,bit,integer,320,,9000000000,10000000000,,Main.c,,
1,28fc35f2-f19a-4bac-a5b9-dd79e7263703,1651,,,Main.c,received_throughput_bps,bit/s,number,3.2000000000000000e+5,,9000000000,10000000000,,Main.c,,
1,28fc35f2-f19a-4bac-a5b9-dd79e7263703,1652,,,Main.c.txQueue,buffer_utilization_mean,1,number,1.0000000000000000e+0,,9000000000,10000000000,,,,
1,28fc35f2-f19a-4bac-a5b9-dd79e7263703,1653,1734,0,Main.a.txQueue,buffer_utilization,1,number,1.0000000000000000e+0,10000000000,,,a:200,,,
1,28fc35f2-f19a-4bac-a5b9-dd79e7263703,1654,1734,1,Main.a.txQueue,queue_length,count,integer,2,10000000000,,,a:200,,,
1,28fc35f2-f19a-4bac-a5b9-dd79e7263703,1655,1735,0,Main.b.txQueue,buffer_utilization,1,number,1.0000000000000000e+0,10000000000,,,b:200,,,
1,28fc35f2-f19a-4bac-a5b9-dd79e7263703,1656,1735,1,Main.b.txQueue,queue_length,count,integer,2,10000000000,,,b:200,,,
1,28fc35f2-f19a-4bac-a5b9-dd79e7263703,1657,1736,0,Main.c.txQueue,buffer_utilization,1,number,1.0000000000000000e+0,10000000000,,,c:200,,,
1,28fc35f2-f19a-4bac-a5b9-dd79e7263703,1658,1736,1,Main.c.txQueue,queue_length,count,integer,2,10000000000,,,c:200,,,
1,28fc35f2-f19a-4bac-a5b9-dd79e7263703,1659,1737,0,Main.a,arbitration_wait_ps,ps,integer,454000000,10004000000,,,a:191,,,
1,28fc35f2-f19a-4bac-a5b9-dd79e7263703,1660,1737,1,Main.a,tx_wait_ps,ps,integer,454000000,10004000000,,,a:191,,,
1,28fc35f2-f19a-4bac-a5b9-dd79e7263703,1661,1737,2,Main.a.txQueue,buffer_utilization,1,number,5.0000000000000000e-1,10004000000,,,a:191,,,
1,28fc35f2-f19a-4bac-a5b9-dd79e7263703,1662,1737,3,Main.a.txQueue,queue_length,count,integer,1,10004000000,,,a:191,,,
1,28fc35f2-f19a-4bac-a5b9-dd79e7263703,1663,1744,0,Main.a.txQueue,buffer_utilization,1,number,1.0000000000000000e+0,10050000000,,,a:201,,,
1,28fc35f2-f19a-4bac-a5b9-dd79e7263703,1664,1744,1,Main.a.txQueue,queue_length,count,integer,2,10050000000,,,a:201,,,
1,28fc35f2-f19a-4bac-a5b9-dd79e7263703,1665,1745,0,Main.b.txQueue,buffer_utilization,1,number,1.0000000000000000e+0,10050000000,,,b:201,,,
1,28fc35f2-f19a-4bac-a5b9-dd79e7263703,1666,1745,1,Main.b.txQueue,queue_length,count,integer,2,10050000000,,,b:201,,,
1,28fc35f2-f19a-4bac-a5b9-dd79e7263703,1667,1746,0,Main.c.txQueue,buffer_utilization,1,number,1.0000000000000000e+0,10050000000,,,c:201,,,
1,28fc35f2-f19a-4bac-a5b9-dd79e7263703,1668,1746,1,Main.c.txQueue,queue_length,count,integer,2,10050000000,,,c:201,,,
1,28fc35f2-f19a-4bac-a5b9-dd79e7263703,1669,1752,0,Main.a.txQueue,buffer_utilization,1,number,1.0000000000000000e+0,10100000000,,,a:202,,,
1,28fc35f2-f19a-4bac-a5b9-dd79e7263703,1670,1752,1,Main.a.txQueue,queue_length,count,integer,2,10100000000,,,a:202,,,
1,28fc35f2-f19a-4bac-a5b9-dd79e7263703,1671,1753,0,Main.b.txQueue,buffer_utilization,1,number,1.0000000000000000e+0,10100000000,,,b:202,,,
1,28fc35f2-f19a-4bac-a5b9-dd79e7263703,1672,1753,1,Main.b.txQueue,queue_length,count,integer,2,10100000000,,,b:202,,,
1,28fc35f2-f19a-4bac-a5b9-dd79e7263703,1673,1754,0,Main.c.txQueue,buffer_utilization,1,number,1.0000000000000000e+0,10100000000,,,c:202,,,
1,28fc35f2-f19a-4bac-a5b9-dd79e7263703,1674,1754,1,Main.c.txQueue,queue_length,count,integer,2,10100000000,,,c:202,,,
1,28fc35f2-f19a-4bac-a5b9-dd79e7263703,1675,1759,0,Main.a.txQueue,buffer_utilization,1,number,1.0000000000000000e+0,10150000000,,,a:203,,,
1,28fc35f2-f19a-4bac-a5b9-dd79e7263703,1676,1759,1,Main.a.txQueue,queue_length,count,integer,2,10150000000,,,a:203,,,
1,28fc35f2-f19a-4bac-a5b9-dd79e7263703,1677,1760,0,Main.b.txQueue,buffer_utilization,1,number,1.0000000000000000e+0,10150000000,,,b:203,,,
1,28fc35f2-f19a-4bac-a5b9-dd79e7263703,1678,1760,1,Main.b.txQueue,queue_length,count,integer,2,10150000000,,,b:203,,,
1,28fc35f2-f19a-4bac-a5b9-dd79e7263703,1679,1761,0,Main.c.txQueue,buffer_utilization,1,number,1.0000000000000000e+0,10150000000,,,c:203,,,
1,28fc35f2-f19a-4bac-a5b9-dd79e7263703,1680,1761,1,Main.c.txQueue,queue_length,count,integer,2,10150000000,,,c:203,,,
1,28fc35f2-f19a-4bac-a5b9-dd79e7263703,1681,1766,0,Main.a.txQueue,buffer_utilization,1,number,1.0000000000000000e+0,10200000000,,,a:204,,,
1,28fc35f2-f19a-4bac-a5b9-dd79e7263703,1682,1766,1,Main.a.txQueue,queue_length,count,integer,2,10200000000,,,a:204,,,
1,28fc35f2-f19a-4bac-a5b9-dd79e7263703,1683,1767,0,Main.b.txQueue,buffer_utilization,1,number,1.0000000000000000e+0,10200000000,,,b:204,,,
1,28fc35f2-f19a-4bac-a5b9-dd79e7263703,1684,1767,1,Main.b.txQueue,queue_length,count,integer,2,10200000000,,,b:204,,,
1,28fc35f2-f19a-4bac-a5b9-dd79e7263703,1685,1768,0,Main.c.txQueue,buffer_utilization,1,number,1.0000000000000000e+0,10200000000,,,c:204,,,
1,28fc35f2-f19a-4bac-a5b9-dd79e7263703,1686,1768,1,Main.c.txQueue,queue_length,count,integer,2,10200000000,,,c:204,,,
1,28fc35f2-f19a-4bac-a5b9-dd79e7263703,1687,1738,0,Main.bus,transfer_ps,ps,integer,238000000,10242000000,,,a:191,,,
1,28fc35f2-f19a-4bac-a5b9-dd79e7263703,1688,1771,0,Main.b,delivery_ps,ps,integer,692000000,10242000000,,,a:191,Main.b,,
1,28fc35f2-f19a-4bac-a5b9-dd79e7263703,1689,1772,0,Main.c,delivery_ps,ps,integer,692000000,10242000000,,,a:191,Main.c,,
1,28fc35f2-f19a-4bac-a5b9-dd79e7263703,1690,1773,0,Main.a,arbitration_wait_ps,ps,integer,448000000,10248000000,,,a:196,,,
1,28fc35f2-f19a-4bac-a5b9-dd79e7263703,1691,1773,1,Main.a,tx_wait_ps,ps,integer,448000000,10248000000,,,a:196,,,
1,28fc35f2-f19a-4bac-a5b9-dd79e7263703,1692,1773,2,Main.a.txQueue,buffer_utilization,1,number,5.0000000000000000e-1,10248000000,,,a:196,,,
1,28fc35f2-f19a-4bac-a5b9-dd79e7263703,1693,1773,3,Main.a.txQueue,queue_length,count,integer,1,10248000000,,,a:196,,,
1,28fc35f2-f19a-4bac-a5b9-dd79e7263703,1694,1780,0,Main.a.txQueue,buffer_utilization,1,number,1.0000000000000000e+0,10250000000,,,a:205,,,
1,28fc35f2-f19a-4bac-a5b9-dd79e7263703,1695,1780,1,Main.a.txQueue,queue_length,count,integer,2,10250000000,,,a:205,,,
1,28fc35f2-f19a-4bac-a5b9-dd79e7263703,1696,1781,0,Main.b.txQueue,buffer_utilization,1,number,1.0000000000000000e+0,10250000000,,,b:205,,,
1,28fc35f2-f19a-4bac-a5b9-dd79e7263703,1697,1781,1,Main.b.txQueue,queue_length,count,integer,2,10250000000,,,b:205,,,
1,28fc35f2-f19a-4bac-a5b9-dd79e7263703,1698,1782,0,Main.c.txQueue,buffer_utilization,1,number,1.0000000000000000e+0,10250000000,,,c:205,,,
1,28fc35f2-f19a-4bac-a5b9-dd79e7263703,1699,1782,1,Main.c.txQueue,queue_length,count,integer,2,10250000000,,,c:205,,,
1,28fc35f2-f19a-4bac-a5b9-dd79e7263703,1700,1788,0,Main.a.txQueue,buffer_utilization,1,number,1.0000000000000000e+0,10300000000,,,a:206,,,
1,28fc35f2-f19a-4bac-a5b9-dd79e7263703,1701,1788,1,Main.a.txQueue,queue_length,count,integer,2,10300000000,,,a:206,,,
1,28fc35f2-f19a-4bac-a5b9-dd79e7263703,1702,1789,0,Main.b.txQueue,buffer_utilization,1,number,1.0000000000000000e+0,10300000000,,,b:206,,,
1,28fc35f2-f19a-4bac-a5b9-dd79e7263703,1703,1789,1,Main.b.txQueue,queue_length,count,integer,2,10300000000,,,b:206,,,
1,28fc35f2-f19a-4bac-a5b9-dd79e7263703,1704,1790,0,Main.c.txQueue,buffer_utilization,1,number,1.0000000000000000e+0,10300000000,,,c:206,,,
1,28fc35f2-f19a-4bac-a5b9-dd79e7263703,1705,1790,1,Main.c.txQueue,queue_length,count,integer,2,10300000000,,,c:206,,,
1,28fc35f2-f19a-4bac-a5b9-dd79e7263703,1706,1795,0,Main.a.txQueue,buffer_utilization,1,number,1.0000000000000000e+0,10350000000,,,a:207,,,
1,28fc35f2-f19a-4bac-a5b9-dd79e7263703,1707,1795,1,Main.a.txQueue,queue_length,count,integer,2,10350000000,,,a:207,,,
1,28fc35f2-f19a-4bac-a5b9-dd79e7263703,1708,1796,0,Main.b.txQueue,buffer_utilization,1,number,1.0000000000000000e+0,10350000000,,,b:207,,,
1,28fc35f2-f19a-4bac-a5b9-dd79e7263703,1709,1796,1,Main.b.txQueue,queue_length,count,integer,2,10350000000,,,b:207,,,
1,28fc35f2-f19a-4bac-a5b9-dd79e7263703,1710,1797,0,Main.c.txQueue,buffer_utilization,1,number,1.0000000000000000e+0,10350000000,,,c:207,,,
1,28fc35f2-f19a-4bac-a5b9-dd79e7263703,1711,1797,1,Main.c.txQueue,queue_length,count,integer,2,10350000000,,,c:207,,,
1,28fc35f2-f19a-4bac-a5b9-dd79e7263703,1712,1802,0,Main.a.txQueue,buffer_utilization,1,number,1.0000000000000000e+0,10400000000,,,a:208,,,
1,28fc35f2-f19a-4bac-a5b9-dd79e7263703,1713,1802,1,Main.a.txQueue,queue_length,count,integer,2,10400000000,,,a:208,,,
1,28fc35f2-f19a-4bac-a5b9-dd79e7263703,1714,1803,0,Main.b.txQueue,buffer_utilization,1,number,1.0000000000000000e+0,10400000000,,,b:208,,,
1,28fc35f2-f19a-4bac-a5b9-dd79e7263703,1715,1803,1,Main.b.txQueue,queue_length,count,integer,2,10400000000,,,b:208,,,
1,28fc35f2-f19a-4bac-a5b9-dd79e7263703,1716,1804,0,Main.c.txQueue,buffer_utilization,1,number,1.0000000000000000e+0,10400000000,,,c:208,,,
1,28fc35f2-f19a-4bac-a5b9-dd79e7263703,1717,1804,1,Main.c.txQueue,queue_length,count,integer,2,10400000000,,,c:208,,,
1,28fc35f2-f19a-4bac-a5b9-dd79e7263703,1718,1809,0,Main.a.txQueue,buffer_utilization,1,number,1.0000000000000000e+0,10450000000,,,a:209,,,
1,28fc35f2-f19a-4bac-a5b9-dd79e7263703,1719,1809,1,Main.a.txQueue,queue_length,count,integer,2,10450000000,,,a:209,,,
1,28fc35f2-f19a-4bac-a5b9-dd79e7263703,1720,1810,0,Main.b.txQueue,buffer_utilization,1,number,1.0000000000000000e+0,10450000000,,,b:209,,,
1,28fc35f2-f19a-4bac-a5b9-dd79e7263703,1721,1810,1,Main.b.txQueue,queue_length,count,integer,2,10450000000,,,b:209,,,
1,28fc35f2-f19a-4bac-a5b9-dd79e7263703,1722,1811,0,Main.c.txQueue,buffer_utilization,1,number,1.0000000000000000e+0,10450000000,,,c:209,,,
1,28fc35f2-f19a-4bac-a5b9-dd79e7263703,1723,1811,1,Main.c.txQueue,queue_length,count,integer,2,10450000000,,,c:209,,,
1,28fc35f2-f19a-4bac-a5b9-dd79e7263703,1724,1774,0,Main.bus,transfer_ps,ps,integer,238000000,10486000000,,,a:196,,,
1,28fc35f2-f19a-4bac-a5b9-dd79e7263703,1725,1814,0,Main.b,delivery_ps,ps,integer,686000000,10486000000,,,a:196,Main.b,,
1,28fc35f2-f19a-4bac-a5b9-dd79e7263703,1726,1815,0,Main.c,delivery_ps,ps,integer,686000000,10486000000,,,a:196,Main.c,,
1,28fc35f2-f19a-4bac-a5b9-dd79e7263703,1727,1816,0,Main.a,arbitration_wait_ps,ps,integer,442000000,10492000000,,,a:201,,,
1,28fc35f2-f19a-4bac-a5b9-dd79e7263703,1728,1816,1,Main.a,tx_wait_ps,ps,integer,442000000,10492000000,,,a:201,,,
1,28fc35f2-f19a-4bac-a5b9-dd79e7263703,1729,1816,2,Main.a.txQueue,buffer_utilization,1,number,5.0000000000000000e-1,10492000000,,,a:201,,,
1,28fc35f2-f19a-4bac-a5b9-dd79e7263703,1730,1816,3,Main.a.txQueue,queue_length,count,integer,1,10492000000,,,a:201,,,
1,28fc35f2-f19a-4bac-a5b9-dd79e7263703,1731,1823,0,Main.a.txQueue,buffer_utilization,1,number,1.0000000000000000e+0,10500000000,,,a:210,,,
1,28fc35f2-f19a-4bac-a5b9-dd79e7263703,1732,1823,1,Main.a.txQueue,queue_length,count,integer,2,10500000000,,,a:210,,,
1,28fc35f2-f19a-4bac-a5b9-dd79e7263703,1733,1824,0,Main.b.txQueue,buffer_utilization,1,number,1.0000000000000000e+0,10500000000,,,b:210,,,
1,28fc35f2-f19a-4bac-a5b9-dd79e7263703,1734,1824,1,Main.b.txQueue,queue_length,count,integer,2,10500000000,,,b:210,,,
1,28fc35f2-f19a-4bac-a5b9-dd79e7263703,1735,1825,0,Main.c.txQueue,buffer_utilization,1,number,1.0000000000000000e+0,10500000000,,,c:210,,,
1,28fc35f2-f19a-4bac-a5b9-dd79e7263703,1736,1825,1,Main.c.txQueue,queue_length,count,integer,2,10500000000,,,c:210,,,
1,28fc35f2-f19a-4bac-a5b9-dd79e7263703,1737,1831,0,Main.a.txQueue,buffer_utilization,1,number,1.0000000000000000e+0,10550000000,,,a:211,,,
1,28fc35f2-f19a-4bac-a5b9-dd79e7263703,1738,1831,1,Main.a.txQueue,queue_length,count,integer,2,10550000000,,,a:211,,,
1,28fc35f2-f19a-4bac-a5b9-dd79e7263703,1739,1832,0,Main.b.txQueue,buffer_utilization,1,number,1.0000000000000000e+0,10550000000,,,b:211,,,
1,28fc35f2-f19a-4bac-a5b9-dd79e7263703,1740,1832,1,Main.b.txQueue,queue_length,count,integer,2,10550000000,,,b:211,,,
1,28fc35f2-f19a-4bac-a5b9-dd79e7263703,1741,1833,0,Main.c.txQueue,buffer_utilization,1,number,1.0000000000000000e+0,10550000000,,,c:211,,,
1,28fc35f2-f19a-4bac-a5b9-dd79e7263703,1742,1833,1,Main.c.txQueue,queue_length,count,integer,2,10550000000,,,c:211,,,
1,28fc35f2-f19a-4bac-a5b9-dd79e7263703,1743,1838,0,Main.a.txQueue,buffer_utilization,1,number,1.0000000000000000e+0,10600000000,,,a:212,,,
1,28fc35f2-f19a-4bac-a5b9-dd79e7263703,1744,1838,1,Main.a.txQueue,queue_length,count,integer,2,10600000000,,,a:212,,,
1,28fc35f2-f19a-4bac-a5b9-dd79e7263703,1745,1839,0,Main.b.txQueue,buffer_utilization,1,number,1.0000000000000000e+0,10600000000,,,b:212,,,
1,28fc35f2-f19a-4bac-a5b9-dd79e7263703,1746,1839,1,Main.b.txQueue,queue_length,count,integer,2,10600000000,,,b:212,,,
1,28fc35f2-f19a-4bac-a5b9-dd79e7263703,1747,1840,0,Main.c.txQueue,buffer_utilization,1,number,1.0000000000000000e+0,10600000000,,,c:212,,,
1,28fc35f2-f19a-4bac-a5b9-dd79e7263703,1748,1840,1,Main.c.txQueue,queue_length,count,integer,2,10600000000,,,c:212,,,
1,28fc35f2-f19a-4bac-a5b9-dd79e7263703,1749,1845,0,Main.a.txQueue,buffer_utilization,1,number,1.0000000000000000e+0,10650000000,,,a:213,,,
1,28fc35f2-f19a-4bac-a5b9-dd79e7263703,1750,1845,1,Main.a.txQueue,queue_length,count,integer,2,10650000000,,,a:213,,,
1,28fc35f2-f19a-4bac-a5b9-dd79e7263703,1751,1846,0,Main.b.txQueue,buffer_utilization,1,number,1.0000000000000000e+0,10650000000,,,b:213,,,
1,28fc35f2-f19a-4bac-a5b9-dd79e7263703,1752,1846,1,Main.b.txQueue,queue_length,count,integer,2,10650000000,,,b:213,,,
1,28fc35f2-f19a-4bac-a5b9-dd79e7263703,1753,1847,0,Main.c.txQueue,buffer_utilization,1,number,1.0000000000000000e+0,10650000000,,,c:213,,,
1,28fc35f2-f19a-4bac-a5b9-dd79e7263703,1754,1847,1,Main.c.txQueue,queue_length,count,integer,2,10650000000,,,c:213,,,
1,28fc35f2-f19a-4bac-a5b9-dd79e7263703,1755,1852,0,Main.a.txQueue,buffer_utilization,1,number,1.0000000000000000e+0,10700000000,,,a:214,,,
1,28fc35f2-f19a-4bac-a5b9-dd79e7263703,1756,1852,1,Main.a.txQueue,queue_length,count,integer,2,10700000000,,,a:214,,,
1,28fc35f2-f19a-4bac-a5b9-dd79e7263703,1757,1853,0,Main.b.txQueue,buffer_utilization,1,number,1.0000000000000000e+0,10700000000,,,b:214,,,
1,28fc35f2-f19a-4bac-a5b9-dd79e7263703,1758,1853,1,Main.b.txQueue,queue_length,count,integer,2,10700000000,,,b:214,,,
1,28fc35f2-f19a-4bac-a5b9-dd79e7263703,1759,1854,0,Main.c.txQueue,buffer_utilization,1,number,1.0000000000000000e+0,10700000000,,,c:214,,,
1,28fc35f2-f19a-4bac-a5b9-dd79e7263703,1760,1854,1,Main.c.txQueue,queue_length,count,integer,2,10700000000,,,c:214,,,
1,28fc35f2-f19a-4bac-a5b9-dd79e7263703,1761,1817,0,Main.bus,transfer_ps,ps,integer,238000000,10730000000,,,a:201,,,
1,28fc35f2-f19a-4bac-a5b9-dd79e7263703,1762,1857,0,Main.b,delivery_ps,ps,integer,680000000,10730000000,,,a:201,Main.b,,
1,28fc35f2-f19a-4bac-a5b9-dd79e7263703,1763,1858,0,Main.c,delivery_ps,ps,integer,680000000,10730000000,,,a:201,Main.c,,
1,28fc35f2-f19a-4bac-a5b9-dd79e7263703,1764,1859,0,Main.a,arbitration_wait_ps,ps,integer,486000000,10736000000,,,a:205,,,
1,28fc35f2-f19a-4bac-a5b9-dd79e7263703,1765,1859,1,Main.a,tx_wait_ps,ps,integer,486000000,10736000000,,,a:205,,,
1,28fc35f2-f19a-4bac-a5b9-dd79e7263703,1766,1859,2,Main.a.txQueue,buffer_utilization,1,number,5.0000000000000000e-1,10736000000,,,a:205,,,
1,28fc35f2-f19a-4bac-a5b9-dd79e7263703,1767,1859,3,Main.a.txQueue,queue_length,count,integer,1,10736000000,,,a:205,,,
1,28fc35f2-f19a-4bac-a5b9-dd79e7263703,1768,1866,0,Main.a.txQueue,buffer_utilization,1,number,1.0000000000000000e+0,10750000000,,,a:215,,,
1,28fc35f2-f19a-4bac-a5b9-dd79e7263703,1769,1866,1,Main.a.txQueue,queue_length,count,integer,2,10750000000,,,a:215,,,
1,28fc35f2-f19a-4bac-a5b9-dd79e7263703,1770,1867,0,Main.b.txQueue,buffer_utilization,1,number,1.0000000000000000e+0,10750000000,,,b:215,,,
1,28fc35f2-f19a-4bac-a5b9-dd79e7263703,1771,1867,1,Main.b.txQueue,queue_length,count,integer,2,10750000000,,,b:215,,,
1,28fc35f2-f19a-4bac-a5b9-dd79e7263703,1772,1868,0,Main.c.txQueue,buffer_utilization,1,number,1.0000000000000000e+0,10750000000,,,c:215,,,
1,28fc35f2-f19a-4bac-a5b9-dd79e7263703,1773,1868,1,Main.c.txQueue,queue_length,count,integer,2,10750000000,,,c:215,,,
1,28fc35f2-f19a-4bac-a5b9-dd79e7263703,1774,1874,0,Main.a.txQueue,buffer_utilization,1,number,1.0000000000000000e+0,10800000000,,,a:216,,,
1,28fc35f2-f19a-4bac-a5b9-dd79e7263703,1775,1874,1,Main.a.txQueue,queue_length,count,integer,2,10800000000,,,a:216,,,
1,28fc35f2-f19a-4bac-a5b9-dd79e7263703,1776,1875,0,Main.b.txQueue,buffer_utilization,1,number,1.0000000000000000e+0,10800000000,,,b:216,,,
1,28fc35f2-f19a-4bac-a5b9-dd79e7263703,1777,1875,1,Main.b.txQueue,queue_length,count,integer,2,10800000000,,,b:216,,,
1,28fc35f2-f19a-4bac-a5b9-dd79e7263703,1778,1876,0,Main.c.txQueue,buffer_utilization,1,number,1.0000000000000000e+0,10800000000,,,c:216,,,
1,28fc35f2-f19a-4bac-a5b9-dd79e7263703,1779,1876,1,Main.c.txQueue,queue_length,count,integer,2,10800000000,,,c:216,,,
1,28fc35f2-f19a-4bac-a5b9-dd79e7263703,1780,1881,0,Main.a.txQueue,buffer_utilization,1,number,1.0000000000000000e+0,10850000000,,,a:217,,,
1,28fc35f2-f19a-4bac-a5b9-dd79e7263703,1781,1881,1,Main.a.txQueue,queue_length,count,integer,2,10850000000,,,a:217,,,
1,28fc35f2-f19a-4bac-a5b9-dd79e7263703,1782,1882,0,Main.b.txQueue,buffer_utilization,1,number,1.0000000000000000e+0,10850000000,,,b:217,,,
1,28fc35f2-f19a-4bac-a5b9-dd79e7263703,1783,1882,1,Main.b.txQueue,queue_length,count,integer,2,10850000000,,,b:217,,,
1,28fc35f2-f19a-4bac-a5b9-dd79e7263703,1784,1883,0,Main.c.txQueue,buffer_utilization,1,number,1.0000000000000000e+0,10850000000,,,c:217,,,
1,28fc35f2-f19a-4bac-a5b9-dd79e7263703,1785,1883,1,Main.c.txQueue,queue_length,count,integer,2,10850000000,,,c:217,,,
1,28fc35f2-f19a-4bac-a5b9-dd79e7263703,1786,1888,0,Main.a.txQueue,buffer_utilization,1,number,1.0000000000000000e+0,10900000000,,,a:218,,,
1,28fc35f2-f19a-4bac-a5b9-dd79e7263703,1787,1888,1,Main.a.txQueue,queue_length,count,integer,2,10900000000,,,a:218,,,
1,28fc35f2-f19a-4bac-a5b9-dd79e7263703,1788,1889,0,Main.b.txQueue,buffer_utilization,1,number,1.0000000000000000e+0,10900000000,,,b:218,,,
1,28fc35f2-f19a-4bac-a5b9-dd79e7263703,1789,1889,1,Main.b.txQueue,queue_length,count,integer,2,10900000000,,,b:218,,,
1,28fc35f2-f19a-4bac-a5b9-dd79e7263703,1790,1890,0,Main.c.txQueue,buffer_utilization,1,number,1.0000000000000000e+0,10900000000,,,c:218,,,
1,28fc35f2-f19a-4bac-a5b9-dd79e7263703,1791,1890,1,Main.c.txQueue,queue_length,count,integer,2,10900000000,,,c:218,,,
1,28fc35f2-f19a-4bac-a5b9-dd79e7263703,1792,1895,0,Main.a.txQueue,buffer_utilization,1,number,1.0000000000000000e+0,10950000000,,,a:219,,,
1,28fc35f2-f19a-4bac-a5b9-dd79e7263703,1793,1895,1,Main.a.txQueue,queue_length,count,integer,2,10950000000,,,a:219,,,
1,28fc35f2-f19a-4bac-a5b9-dd79e7263703,1794,1896,0,Main.b.txQueue,buffer_utilization,1,number,1.0000000000000000e+0,10950000000,,,b:219,,,
1,28fc35f2-f19a-4bac-a5b9-dd79e7263703,1795,1896,1,Main.b.txQueue,queue_length,count,integer,2,10950000000,,,b:219,,,
1,28fc35f2-f19a-4bac-a5b9-dd79e7263703,1796,1897,0,Main.c.txQueue,buffer_utilization,1,number,1.0000000000000000e+0,10950000000,,,c:219,,,
1,28fc35f2-f19a-4bac-a5b9-dd79e7263703,1797,1897,1,Main.c.txQueue,queue_length,count,integer,2,10950000000,,,c:219,,,
1,28fc35f2-f19a-4bac-a5b9-dd79e7263703,1798,1860,0,Main.bus,transfer_ps,ps,integer,238000000,10974000000,,,a:205,,,
1,28fc35f2-f19a-4bac-a5b9-dd79e7263703,1799,1900,0,Main.b,delivery_ps,ps,integer,724000000,10974000000,,,a:205,Main.b,,
1,28fc35f2-f19a-4bac-a5b9-dd79e7263703,1800,1901,0,Main.c,delivery_ps,ps,integer,724000000,10974000000,,,a:205,Main.c,,
1,28fc35f2-f19a-4bac-a5b9-dd79e7263703,1801,1902,0,Main.a,arbitration_wait_ps,ps,integer,480000000,10980000000,,,a:210,,,
1,28fc35f2-f19a-4bac-a5b9-dd79e7263703,1802,1902,1,Main.a,tx_wait_ps,ps,integer,480000000,10980000000,,,a:210,,,
1,28fc35f2-f19a-4bac-a5b9-dd79e7263703,1803,1902,2,Main.a.txQueue,buffer_utilization,1,number,5.0000000000000000e-1,10980000000,,,a:210,,,
1,28fc35f2-f19a-4bac-a5b9-dd79e7263703,1804,1902,3,Main.a.txQueue,queue_length,count,integer,1,10980000000,,,a:210,,,
1,28fc35f2-f19a-4bac-a5b9-dd79e7263703,1805,,,Main.a,received_payload_bits,bit,integer,0,,10000000000,11000000000,,Main.a,,
1,28fc35f2-f19a-4bac-a5b9-dd79e7263703,1806,,,Main.a,received_throughput_bps,bit/s,number,0.0000000000000000e+0,,10000000000,11000000000,,Main.a,,
1,28fc35f2-f19a-4bac-a5b9-dd79e7263703,1807,,,Main.a.txQueue,buffer_utilization_mean,1,number,9.5499999999999996e-1,,10000000000,11000000000,,,,
1,28fc35f2-f19a-4bac-a5b9-dd79e7263703,1808,,,Main.b,received_payload_bits,bit,integer,256,,10000000000,11000000000,,Main.b,,
1,28fc35f2-f19a-4bac-a5b9-dd79e7263703,1809,,,Main.b,received_throughput_bps,bit/s,number,2.5600000000000000e+5,,10000000000,11000000000,,Main.b,,
1,28fc35f2-f19a-4bac-a5b9-dd79e7263703,1810,,,Main.b.txQueue,buffer_utilization_mean,1,number,1.0000000000000000e+0,,10000000000,11000000000,,,,
1,28fc35f2-f19a-4bac-a5b9-dd79e7263703,1811,,,Main.bus,bus_utilization,1,number,1.0000000000000000e+0,,10000000000,11000000000,,,,
1,28fc35f2-f19a-4bac-a5b9-dd79e7263703,1812,,,Main.bus,frame_utilization,1,number,9.7199999999999998e-1,,10000000000,11000000000,,,,
1,28fc35f2-f19a-4bac-a5b9-dd79e7263703,1813,,,Main.bus,occupied_bits,bit,integer,610,,10000000000,11000000000,,,,
1,28fc35f2-f19a-4bac-a5b9-dd79e7263703,1814,,,Main.bus,payload_bits,bit,integer,256,,10000000000,11000000000,,,,
1,28fc35f2-f19a-4bac-a5b9-dd79e7263703,1815,,,Main.bus,payload_throughput_bps,bit/s,number,2.5600000000000000e+5,,10000000000,11000000000,,,,
1,28fc35f2-f19a-4bac-a5b9-dd79e7263703,1816,,,Main.bus,serialized_bits,bit,integer,476,,10000000000,11000000000,,,,
1,28fc35f2-f19a-4bac-a5b9-dd79e7263703,1817,,,Main.bus,serialized_throughput_bps,bit/s,number,4.7600000000000000e+5,,10000000000,11000000000,,,,
1,28fc35f2-f19a-4bac-a5b9-dd79e7263703,1818,,,Main.c,received_payload_bits,bit,integer,256,,10000000000,11000000000,,Main.c,,
1,28fc35f2-f19a-4bac-a5b9-dd79e7263703,1819,,,Main.c,received_throughput_bps,bit/s,number,2.5600000000000000e+5,,10000000000,11000000000,,Main.c,,
1,28fc35f2-f19a-4bac-a5b9-dd79e7263703,1820,,,Main.c.txQueue,buffer_utilization_mean,1,number,1.0000000000000000e+0,,10000000000,11000000000,,,,
1,28fc35f2-f19a-4bac-a5b9-dd79e7263703,1821,1909,0,Main.a.txQueue,buffer_utilization,1,number,1.0000000000000000e+0,11000000000,,,a:220,,,
1,28fc35f2-f19a-4bac-a5b9-dd79e7263703,1822,1909,1,Main.a.txQueue,queue_length,count,integer,2,11000000000,,,a:220,,,
1,28fc35f2-f19a-4bac-a5b9-dd79e7263703,1823,1910,0,Main.b.txQueue,buffer_utilization,1,number,1.0000000000000000e+0,11000000000,,,b:220,,,
1,28fc35f2-f19a-4bac-a5b9-dd79e7263703,1824,1910,1,Main.b.txQueue,queue_length,count,integer,2,11000000000,,,b:220,,,
1,28fc35f2-f19a-4bac-a5b9-dd79e7263703,1825,1911,0,Main.c.txQueue,buffer_utilization,1,number,1.0000000000000000e+0,11000000000,,,c:220,,,
1,28fc35f2-f19a-4bac-a5b9-dd79e7263703,1826,1911,1,Main.c.txQueue,queue_length,count,integer,2,11000000000,,,c:220,,,
1,28fc35f2-f19a-4bac-a5b9-dd79e7263703,1827,1917,0,Main.a.txQueue,buffer_utilization,1,number,1.0000000000000000e+0,11050000000,,,a:221,,,
1,28fc35f2-f19a-4bac-a5b9-dd79e7263703,1828,1917,1,Main.a.txQueue,queue_length,count,integer,2,11050000000,,,a:221,,,
1,28fc35f2-f19a-4bac-a5b9-dd79e7263703,1829,1918,0,Main.b.txQueue,buffer_utilization,1,number,1.0000000000000000e+0,11050000000,,,b:221,,,
1,28fc35f2-f19a-4bac-a5b9-dd79e7263703,1830,1918,1,Main.b.txQueue,queue_length,count,integer,2,11050000000,,,b:221,,,
1,28fc35f2-f19a-4bac-a5b9-dd79e7263703,1831,1919,0,Main.c.txQueue,buffer_utilization,1,number,1.0000000000000000e+0,11050000000,,,c:221,,,
1,28fc35f2-f19a-4bac-a5b9-dd79e7263703,1832,1919,1,Main.c.txQueue,queue_length,count,integer,2,11050000000,,,c:221,,,
1,28fc35f2-f19a-4bac-a5b9-dd79e7263703,1833,1924,0,Main.a.txQueue,buffer_utilization,1,number,1.0000000000000000e+0,11100000000,,,a:222,,,
1,28fc35f2-f19a-4bac-a5b9-dd79e7263703,1834,1924,1,Main.a.txQueue,queue_length,count,integer,2,11100000000,,,a:222,,,
1,28fc35f2-f19a-4bac-a5b9-dd79e7263703,1835,1925,0,Main.b.txQueue,buffer_utilization,1,number,1.0000000000000000e+0,11100000000,,,b:222,,,
1,28fc35f2-f19a-4bac-a5b9-dd79e7263703,1836,1925,1,Main.b.txQueue,queue_length,count,integer,2,11100000000,,,b:222,,,
1,28fc35f2-f19a-4bac-a5b9-dd79e7263703,1837,1926,0,Main.c.txQueue,buffer_utilization,1,number,1.0000000000000000e+0,11100000000,,,c:222,,,
1,28fc35f2-f19a-4bac-a5b9-dd79e7263703,1838,1926,1,Main.c.txQueue,queue_length,count,integer,2,11100000000,,,c:222,,,
1,28fc35f2-f19a-4bac-a5b9-dd79e7263703,1839,1931,0,Main.a.txQueue,buffer_utilization,1,number,1.0000000000000000e+0,11150000000,,,a:223,,,
1,28fc35f2-f19a-4bac-a5b9-dd79e7263703,1840,1931,1,Main.a.txQueue,queue_length,count,integer,2,11150000000,,,a:223,,,
1,28fc35f2-f19a-4bac-a5b9-dd79e7263703,1841,1932,0,Main.b.txQueue,buffer_utilization,1,number,1.0000000000000000e+0,11150000000,,,b:223,,,
1,28fc35f2-f19a-4bac-a5b9-dd79e7263703,1842,1932,1,Main.b.txQueue,queue_length,count,integer,2,11150000000,,,b:223,,,
1,28fc35f2-f19a-4bac-a5b9-dd79e7263703,1843,1933,0,Main.c.txQueue,buffer_utilization,1,number,1.0000000000000000e+0,11150000000,,,c:223,,,
1,28fc35f2-f19a-4bac-a5b9-dd79e7263703,1844,1933,1,Main.c.txQueue,queue_length,count,integer,2,11150000000,,,c:223,,,
1,28fc35f2-f19a-4bac-a5b9-dd79e7263703,1845,1938,0,Main.a.txQueue,buffer_utilization,1,number,1.0000000000000000e+0,11200000000,,,a:224,,,
1,28fc35f2-f19a-4bac-a5b9-dd79e7263703,1846,1938,1,Main.a.txQueue,queue_length,count,integer,2,11200000000,,,a:224,,,
1,28fc35f2-f19a-4bac-a5b9-dd79e7263703,1847,1939,0,Main.b.txQueue,buffer_utilization,1,number,1.0000000000000000e+0,11200000000,,,b:224,,,
1,28fc35f2-f19a-4bac-a5b9-dd79e7263703,1848,1939,1,Main.b.txQueue,queue_length,count,integer,2,11200000000,,,b:224,,,
1,28fc35f2-f19a-4bac-a5b9-dd79e7263703,1849,1940,0,Main.c.txQueue,buffer_utilization,1,number,1.0000000000000000e+0,11200000000,,,c:224,,,
1,28fc35f2-f19a-4bac-a5b9-dd79e7263703,1850,1940,1,Main.c.txQueue,queue_length,count,integer,2,11200000000,,,c:224,,,
1,28fc35f2-f19a-4bac-a5b9-dd79e7263703,1851,1903,0,Main.bus,transfer_ps,ps,integer,238000000,11218000000,,,a:210,,,
1,28fc35f2-f19a-4bac-a5b9-dd79e7263703,1852,1943,0,Main.b,delivery_ps,ps,integer,718000000,11218000000,,,a:210,Main.b,,
1,28fc35f2-f19a-4bac-a5b9-dd79e7263703,1853,1944,0,Main.c,delivery_ps,ps,integer,718000000,11218000000,,,a:210,Main.c,,
1,28fc35f2-f19a-4bac-a5b9-dd79e7263703,1854,1945,0,Main.a,arbitration_wait_ps,ps,integer,474000000,11224000000,,,a:215,,,
1,28fc35f2-f19a-4bac-a5b9-dd79e7263703,1855,1945,1,Main.a,tx_wait_ps,ps,integer,474000000,11224000000,,,a:215,,,
1,28fc35f2-f19a-4bac-a5b9-dd79e7263703,1856,1945,2,Main.a.txQueue,buffer_utilization,1,number,5.0000000000000000e-1,11224000000,,,a:215,,,
1,28fc35f2-f19a-4bac-a5b9-dd79e7263703,1857,1945,3,Main.a.txQueue,queue_length,count,integer,1,11224000000,,,a:215,,,
1,28fc35f2-f19a-4bac-a5b9-dd79e7263703,1858,1952,0,Main.a.txQueue,buffer_utilization,1,number,1.0000000000000000e+0,11250000000,,,a:225,,,
1,28fc35f2-f19a-4bac-a5b9-dd79e7263703,1859,1952,1,Main.a.txQueue,queue_length,count,integer,2,11250000000,,,a:225,,,
1,28fc35f2-f19a-4bac-a5b9-dd79e7263703,1860,1953,0,Main.b.txQueue,buffer_utilization,1,number,1.0000000000000000e+0,11250000000,,,b:225,,,
1,28fc35f2-f19a-4bac-a5b9-dd79e7263703,1861,1953,1,Main.b.txQueue,queue_length,count,integer,2,11250000000,,,b:225,,,
1,28fc35f2-f19a-4bac-a5b9-dd79e7263703,1862,1954,0,Main.c.txQueue,buffer_utilization,1,number,1.0000000000000000e+0,11250000000,,,c:225,,,
1,28fc35f2-f19a-4bac-a5b9-dd79e7263703,1863,1954,1,Main.c.txQueue,queue_length,count,integer,2,11250000000,,,c:225,,,
1,28fc35f2-f19a-4bac-a5b9-dd79e7263703,1864,1960,0,Main.a.txQueue,buffer_utilization,1,number,1.0000000000000000e+0,11300000000,,,a:226,,,
1,28fc35f2-f19a-4bac-a5b9-dd79e7263703,1865,1960,1,Main.a.txQueue,queue_length,count,integer,2,11300000000,,,a:226,,,
1,28fc35f2-f19a-4bac-a5b9-dd79e7263703,1866,1961,0,Main.b.txQueue,buffer_utilization,1,number,1.0000000000000000e+0,11300000000,,,b:226,,,
1,28fc35f2-f19a-4bac-a5b9-dd79e7263703,1867,1961,1,Main.b.txQueue,queue_length,count,integer,2,11300000000,,,b:226,,,
1,28fc35f2-f19a-4bac-a5b9-dd79e7263703,1868,1962,0,Main.c.txQueue,buffer_utilization,1,number,1.0000000000000000e+0,11300000000,,,c:226,,,
1,28fc35f2-f19a-4bac-a5b9-dd79e7263703,1869,1962,1,Main.c.txQueue,queue_length,count,integer,2,11300000000,,,c:226,,,
1,28fc35f2-f19a-4bac-a5b9-dd79e7263703,1870,1967,0,Main.a.txQueue,buffer_utilization,1,number,1.0000000000000000e+0,11350000000,,,a:227,,,
1,28fc35f2-f19a-4bac-a5b9-dd79e7263703,1871,1967,1,Main.a.txQueue,queue_length,count,integer,2,11350000000,,,a:227,,,
1,28fc35f2-f19a-4bac-a5b9-dd79e7263703,1872,1968,0,Main.b.txQueue,buffer_utilization,1,number,1.0000000000000000e+0,11350000000,,,b:227,,,
1,28fc35f2-f19a-4bac-a5b9-dd79e7263703,1873,1968,1,Main.b.txQueue,queue_length,count,integer,2,11350000000,,,b:227,,,
1,28fc35f2-f19a-4bac-a5b9-dd79e7263703,1874,1969,0,Main.c.txQueue,buffer_utilization,1,number,1.0000000000000000e+0,11350000000,,,c:227,,,
1,28fc35f2-f19a-4bac-a5b9-dd79e7263703,1875,1969,1,Main.c.txQueue,queue_length,count,integer,2,11350000000,,,c:227,,,
1,28fc35f2-f19a-4bac-a5b9-dd79e7263703,1876,1974,0,Main.a.txQueue,buffer_utilization,1,number,1.0000000000000000e+0,11400000000,,,a:228,,,
1,28fc35f2-f19a-4bac-a5b9-dd79e7263703,1877,1974,1,Main.a.txQueue,queue_length,count,integer,2,11400000000,,,a:228,,,
1,28fc35f2-f19a-4bac-a5b9-dd79e7263703,1878,1975,0,Main.b.txQueue,buffer_utilization,1,number,1.0000000000000000e+0,11400000000,,,b:228,,,
1,28fc35f2-f19a-4bac-a5b9-dd79e7263703,1879,1975,1,Main.b.txQueue,queue_length,count,integer,2,11400000000,,,b:228,,,
1,28fc35f2-f19a-4bac-a5b9-dd79e7263703,1880,1976,0,Main.c.txQueue,buffer_utilization,1,number,1.0000000000000000e+0,11400000000,,,c:228,,,
1,28fc35f2-f19a-4bac-a5b9-dd79e7263703,1881,1976,1,Main.c.txQueue,queue_length,count,integer,2,11400000000,,,c:228,,,
1,28fc35f2-f19a-4bac-a5b9-dd79e7263703,1882,1981,0,Main.a.txQueue,buffer_utilization,1,number,1.0000000000000000e+0,11450000000,,,a:229,,,
1,28fc35f2-f19a-4bac-a5b9-dd79e7263703,1883,1981,1,Main.a.txQueue,queue_length,count,integer,2,11450000000,,,a:229,,,
1,28fc35f2-f19a-4bac-a5b9-dd79e7263703,1884,1982,0,Main.b.txQueue,buffer_utilization,1,number,1.0000000000000000e+0,11450000000,,,b:229,,,
1,28fc35f2-f19a-4bac-a5b9-dd79e7263703,1885,1982,1,Main.b.txQueue,queue_length,count,integer,2,11450000000,,,b:229,,,
1,28fc35f2-f19a-4bac-a5b9-dd79e7263703,1886,1983,0,Main.c.txQueue,buffer_utilization,1,number,1.0000000000000000e+0,11450000000,,,c:229,,,
1,28fc35f2-f19a-4bac-a5b9-dd79e7263703,1887,1983,1,Main.c.txQueue,queue_length,count,integer,2,11450000000,,,c:229,,,
1,28fc35f2-f19a-4bac-a5b9-dd79e7263703,1888,1946,0,Main.bus,transfer_ps,ps,integer,238000000,11462000000,,,a:215,,,
1,28fc35f2-f19a-4bac-a5b9-dd79e7263703,1889,1986,0,Main.b,delivery_ps,ps,integer,712000000,11462000000,,,a:215,Main.b,,
1,28fc35f2-f19a-4bac-a5b9-dd79e7263703,1890,1987,0,Main.c,delivery_ps,ps,integer,712000000,11462000000,,,a:215,Main.c,,
1,28fc35f2-f19a-4bac-a5b9-dd79e7263703,1891,1988,0,Main.a,arbitration_wait_ps,ps,integer,468000000,11468000000,,,a:220,,,
1,28fc35f2-f19a-4bac-a5b9-dd79e7263703,1892,1988,1,Main.a,tx_wait_ps,ps,integer,468000000,11468000000,,,a:220,,,
1,28fc35f2-f19a-4bac-a5b9-dd79e7263703,1893,1988,2,Main.a.txQueue,buffer_utilization,1,number,5.0000000000000000e-1,11468000000,,,a:220,,,
1,28fc35f2-f19a-4bac-a5b9-dd79e7263703,1894,1988,3,Main.a.txQueue,queue_length,count,integer,1,11468000000,,,a:220,,,
1,28fc35f2-f19a-4bac-a5b9-dd79e7263703,1895,1995,0,Main.a.txQueue,buffer_utilization,1,number,1.0000000000000000e+0,11500000000,,,a:230,,,
1,28fc35f2-f19a-4bac-a5b9-dd79e7263703,1896,1995,1,Main.a.txQueue,queue_length,count,integer,2,11500000000,,,a:230,,,
1,28fc35f2-f19a-4bac-a5b9-dd79e7263703,1897,1996,0,Main.b.txQueue,buffer_utilization,1,number,1.0000000000000000e+0,11500000000,,,b:230,,,
1,28fc35f2-f19a-4bac-a5b9-dd79e7263703,1898,1996,1,Main.b.txQueue,queue_length,count,integer,2,11500000000,,,b:230,,,
1,28fc35f2-f19a-4bac-a5b9-dd79e7263703,1899,1997,0,Main.c.txQueue,buffer_utilization,1,number,1.0000000000000000e+0,11500000000,,,c:230,,,
1,28fc35f2-f19a-4bac-a5b9-dd79e7263703,1900,1997,1,Main.c.txQueue,queue_length,count,integer,2,11500000000,,,c:230,,,
1,28fc35f2-f19a-4bac-a5b9-dd79e7263703,1901,2003,0,Main.a.txQueue,buffer_utilization,1,number,1.0000000000000000e+0,11550000000,,,a:231,,,
1,28fc35f2-f19a-4bac-a5b9-dd79e7263703,1902,2003,1,Main.a.txQueue,queue_length,count,integer,2,11550000000,,,a:231,,,
1,28fc35f2-f19a-4bac-a5b9-dd79e7263703,1903,2004,0,Main.b.txQueue,buffer_utilization,1,number,1.0000000000000000e+0,11550000000,,,b:231,,,
1,28fc35f2-f19a-4bac-a5b9-dd79e7263703,1904,2004,1,Main.b.txQueue,queue_length,count,integer,2,11550000000,,,b:231,,,
1,28fc35f2-f19a-4bac-a5b9-dd79e7263703,1905,2005,0,Main.c.txQueue,buffer_utilization,1,number,1.0000000000000000e+0,11550000000,,,c:231,,,
1,28fc35f2-f19a-4bac-a5b9-dd79e7263703,1906,2005,1,Main.c.txQueue,queue_length,count,integer,2,11550000000,,,c:231,,,
1,28fc35f2-f19a-4bac-a5b9-dd79e7263703,1907,2010,0,Main.a.txQueue,buffer_utilization,1,number,1.0000000000000000e+0,11600000000,,,a:232,,,
1,28fc35f2-f19a-4bac-a5b9-dd79e7263703,1908,2010,1,Main.a.txQueue,queue_length,count,integer,2,11600000000,,,a:232,,,
1,28fc35f2-f19a-4bac-a5b9-dd79e7263703,1909,2011,0,Main.b.txQueue,buffer_utilization,1,number,1.0000000000000000e+0,11600000000,,,b:232,,,
1,28fc35f2-f19a-4bac-a5b9-dd79e7263703,1910,2011,1,Main.b.txQueue,queue_length,count,integer,2,11600000000,,,b:232,,,
1,28fc35f2-f19a-4bac-a5b9-dd79e7263703,1911,2012,0,Main.c.txQueue,buffer_utilization,1,number,1.0000000000000000e+0,11600000000,,,c:232,,,
1,28fc35f2-f19a-4bac-a5b9-dd79e7263703,1912,2012,1,Main.c.txQueue,queue_length,count,integer,2,11600000000,,,c:232,,,
1,28fc35f2-f19a-4bac-a5b9-dd79e7263703,1913,2017,0,Main.a.txQueue,buffer_utilization,1,number,1.0000000000000000e+0,11650000000,,,a:233,,,
1,28fc35f2-f19a-4bac-a5b9-dd79e7263703,1914,2017,1,Main.a.txQueue,queue_length,count,integer,2,11650000000,,,a:233,,,
1,28fc35f2-f19a-4bac-a5b9-dd79e7263703,1915,2018,0,Main.b.txQueue,buffer_utilization,1,number,1.0000000000000000e+0,11650000000,,,b:233,,,
1,28fc35f2-f19a-4bac-a5b9-dd79e7263703,1916,2018,1,Main.b.txQueue,queue_length,count,integer,2,11650000000,,,b:233,,,
1,28fc35f2-f19a-4bac-a5b9-dd79e7263703,1917,2019,0,Main.c.txQueue,buffer_utilization,1,number,1.0000000000000000e+0,11650000000,,,c:233,,,
1,28fc35f2-f19a-4bac-a5b9-dd79e7263703,1918,2019,1,Main.c.txQueue,queue_length,count,integer,2,11650000000,,,c:233,,,
1,28fc35f2-f19a-4bac-a5b9-dd79e7263703,1919,2024,0,Main.a.txQueue,buffer_utilization,1,number,1.0000000000000000e+0,11700000000,,,a:234,,,
1,28fc35f2-f19a-4bac-a5b9-dd79e7263703,1920,2024,1,Main.a.txQueue,queue_length,count,integer,2,11700000000,,,a:234,,,
1,28fc35f2-f19a-4bac-a5b9-dd79e7263703,1921,2025,0,Main.b.txQueue,buffer_utilization,1,number,1.0000000000000000e+0,11700000000,,,b:234,,,
1,28fc35f2-f19a-4bac-a5b9-dd79e7263703,1922,2025,1,Main.b.txQueue,queue_length,count,integer,2,11700000000,,,b:234,,,
1,28fc35f2-f19a-4bac-a5b9-dd79e7263703,1923,2026,0,Main.c.txQueue,buffer_utilization,1,number,1.0000000000000000e+0,11700000000,,,c:234,,,
1,28fc35f2-f19a-4bac-a5b9-dd79e7263703,1924,2026,1,Main.c.txQueue,queue_length,count,integer,2,11700000000,,,c:234,,,
1,28fc35f2-f19a-4bac-a5b9-dd79e7263703,1925,1989,0,Main.bus,transfer_ps,ps,integer,238000000,11706000000,,,a:220,,,
1,28fc35f2-f19a-4bac-a5b9-dd79e7263703,1926,2029,0,Main.b,delivery_ps,ps,integer,706000000,11706000000,,,a:220,Main.b,,
1,28fc35f2-f19a-4bac-a5b9-dd79e7263703,1927,2030,0,Main.c,delivery_ps,ps,integer,706000000,11706000000,,,a:220,Main.c,,
1,28fc35f2-f19a-4bac-a5b9-dd79e7263703,1928,2031,0,Main.a,arbitration_wait_ps,ps,integer,462000000,11712000000,,,a:225,,,
1,28fc35f2-f19a-4bac-a5b9-dd79e7263703,1929,2031,1,Main.a,tx_wait_ps,ps,integer,462000000,11712000000,,,a:225,,,
1,28fc35f2-f19a-4bac-a5b9-dd79e7263703,1930,2031,2,Main.a.txQueue,buffer_utilization,1,number,5.0000000000000000e-1,11712000000,,,a:225,,,
1,28fc35f2-f19a-4bac-a5b9-dd79e7263703,1931,2031,3,Main.a.txQueue,queue_length,count,integer,1,11712000000,,,a:225,,,
1,28fc35f2-f19a-4bac-a5b9-dd79e7263703,1932,2038,0,Main.a.txQueue,buffer_utilization,1,number,1.0000000000000000e+0,11750000000,,,a:235,,,
1,28fc35f2-f19a-4bac-a5b9-dd79e7263703,1933,2038,1,Main.a.txQueue,queue_length,count,integer,2,11750000000,,,a:235,,,
1,28fc35f2-f19a-4bac-a5b9-dd79e7263703,1934,2039,0,Main.b.txQueue,buffer_utilization,1,number,1.0000000000000000e+0,11750000000,,,b:235,,,
1,28fc35f2-f19a-4bac-a5b9-dd79e7263703,1935,2039,1,Main.b.txQueue,queue_length,count,integer,2,11750000000,,,b:235,,,
1,28fc35f2-f19a-4bac-a5b9-dd79e7263703,1936,2040,0,Main.c.txQueue,buffer_utilization,1,number,1.0000000000000000e+0,11750000000,,,c:235,,,
1,28fc35f2-f19a-4bac-a5b9-dd79e7263703,1937,2040,1,Main.c.txQueue,queue_length,count,integer,2,11750000000,,,c:235,,,
1,28fc35f2-f19a-4bac-a5b9-dd79e7263703,1938,2046,0,Main.a.txQueue,buffer_utilization,1,number,1.0000000000000000e+0,11800000000,,,a:236,,,
1,28fc35f2-f19a-4bac-a5b9-dd79e7263703,1939,2046,1,Main.a.txQueue,queue_length,count,integer,2,11800000000,,,a:236,,,
1,28fc35f2-f19a-4bac-a5b9-dd79e7263703,1940,2047,0,Main.b.txQueue,buffer_utilization,1,number,1.0000000000000000e+0,11800000000,,,b:236,,,
1,28fc35f2-f19a-4bac-a5b9-dd79e7263703,1941,2047,1,Main.b.txQueue,queue_length,count,integer,2,11800000000,,,b:236,,,
1,28fc35f2-f19a-4bac-a5b9-dd79e7263703,1942,2048,0,Main.c.txQueue,buffer_utilization,1,number,1.0000000000000000e+0,11800000000,,,c:236,,,
1,28fc35f2-f19a-4bac-a5b9-dd79e7263703,1943,2048,1,Main.c.txQueue,queue_length,count,integer,2,11800000000,,,c:236,,,
1,28fc35f2-f19a-4bac-a5b9-dd79e7263703,1944,2053,0,Main.a.txQueue,buffer_utilization,1,number,1.0000000000000000e+0,11850000000,,,a:237,,,
1,28fc35f2-f19a-4bac-a5b9-dd79e7263703,1945,2053,1,Main.a.txQueue,queue_length,count,integer,2,11850000000,,,a:237,,,
1,28fc35f2-f19a-4bac-a5b9-dd79e7263703,1946,2054,0,Main.b.txQueue,buffer_utilization,1,number,1.0000000000000000e+0,11850000000,,,b:237,,,
1,28fc35f2-f19a-4bac-a5b9-dd79e7263703,1947,2054,1,Main.b.txQueue,queue_length,count,integer,2,11850000000,,,b:237,,,
1,28fc35f2-f19a-4bac-a5b9-dd79e7263703,1948,2055,0,Main.c.txQueue,buffer_utilization,1,number,1.0000000000000000e+0,11850000000,,,c:237,,,
1,28fc35f2-f19a-4bac-a5b9-dd79e7263703,1949,2055,1,Main.c.txQueue,queue_length,count,integer,2,11850000000,,,c:237,,,
1,28fc35f2-f19a-4bac-a5b9-dd79e7263703,1950,2060,0,Main.a.txQueue,buffer_utilization,1,number,1.0000000000000000e+0,11900000000,,,a:238,,,
1,28fc35f2-f19a-4bac-a5b9-dd79e7263703,1951,2060,1,Main.a.txQueue,queue_length,count,integer,2,11900000000,,,a:238,,,
1,28fc35f2-f19a-4bac-a5b9-dd79e7263703,1952,2061,0,Main.b.txQueue,buffer_utilization,1,number,1.0000000000000000e+0,11900000000,,,b:238,,,
1,28fc35f2-f19a-4bac-a5b9-dd79e7263703,1953,2061,1,Main.b.txQueue,queue_length,count,integer,2,11900000000,,,b:238,,,
1,28fc35f2-f19a-4bac-a5b9-dd79e7263703,1954,2062,0,Main.c.txQueue,buffer_utilization,1,number,1.0000000000000000e+0,11900000000,,,c:238,,,
1,28fc35f2-f19a-4bac-a5b9-dd79e7263703,1955,2062,1,Main.c.txQueue,queue_length,count,integer,2,11900000000,,,c:238,,,
1,28fc35f2-f19a-4bac-a5b9-dd79e7263703,1956,2032,0,Main.bus,transfer_ps,ps,integer,238000000,11950000000,,,a:225,,,
1,28fc35f2-f19a-4bac-a5b9-dd79e7263703,1957,2069,0,Main.b,delivery_ps,ps,integer,700000000,11950000000,,,a:225,Main.b,,
1,28fc35f2-f19a-4bac-a5b9-dd79e7263703,1958,2070,0,Main.c,delivery_ps,ps,integer,700000000,11950000000,,,a:225,Main.c,,
1,28fc35f2-f19a-4bac-a5b9-dd79e7263703,1959,2071,0,Main.a.txQueue,buffer_utilization,1,number,1.0000000000000000e+0,11950000000,,,a:239,,,
1,28fc35f2-f19a-4bac-a5b9-dd79e7263703,1960,2071,1,Main.a.txQueue,queue_length,count,integer,2,11950000000,,,a:239,,,
1,28fc35f2-f19a-4bac-a5b9-dd79e7263703,1961,2072,0,Main.b.txQueue,buffer_utilization,1,number,1.0000000000000000e+0,11950000000,,,b:239,,,
1,28fc35f2-f19a-4bac-a5b9-dd79e7263703,1962,2072,1,Main.b.txQueue,queue_length,count,integer,2,11950000000,,,b:239,,,
1,28fc35f2-f19a-4bac-a5b9-dd79e7263703,1963,2073,0,Main.c.txQueue,buffer_utilization,1,number,1.0000000000000000e+0,11950000000,,,c:239,,,
1,28fc35f2-f19a-4bac-a5b9-dd79e7263703,1964,2073,1,Main.c.txQueue,queue_length,count,integer,2,11950000000,,,c:239,,,
1,28fc35f2-f19a-4bac-a5b9-dd79e7263703,1965,2074,0,Main.a,arbitration_wait_ps,ps,integer,456000000,11956000000,,,a:230,,,
1,28fc35f2-f19a-4bac-a5b9-dd79e7263703,1966,2074,1,Main.a,tx_wait_ps,ps,integer,456000000,11956000000,,,a:230,,,
1,28fc35f2-f19a-4bac-a5b9-dd79e7263703,1967,2074,2,Main.a.txQueue,buffer_utilization,1,number,5.0000000000000000e-1,11956000000,,,a:230,,,
1,28fc35f2-f19a-4bac-a5b9-dd79e7263703,1968,2074,3,Main.a.txQueue,queue_length,count,integer,1,11956000000,,,a:230,,,
1,28fc35f2-f19a-4bac-a5b9-dd79e7263703,1969,,,Main.a,received_payload_bits,bit,integer,0,,11000000000,12000000000,,Main.a,,
1,28fc35f2-f19a-4bac-a5b9-dd79e7263703,1970,,,Main.a,received_throughput_bps,bit/s,number,0.0000000000000000e+0,,11000000000,12000000000,,Main.a,,
1,28fc35f2-f19a-4bac-a5b9-dd79e7263703,1971,,,Main.a.txQueue,buffer_utilization_mean,1,number,9.3000000000000005e-1,,11000000000,12000000000,,,,
1,28fc35f2-f19a-4bac-a5b9-dd79e7263703,1972,,,Main.b,received_payload_bits,bit,integer,256,,11000000000,12000000000,,Main.b,,
1,28fc35f2-f19a-4bac-a5b9-dd79e7263703,1973,,,Main.b,received_throughput_bps,bit/s,number,2.5600000000000000e+5,,11000000000,12000000000,,Main.b,,
1,28fc35f2-f19a-4bac-a5b9-dd79e7263703,1974,,,Main.b.txQueue,buffer_utilization_mean,1,number,1.0000000000000000e+0,,11000000000,12000000000,,,,
1,28fc35f2-f19a-4bac-a5b9-dd79e7263703,1975,,,Main.bus,bus_utilization,1,number,1.0000000000000000e+0,,11000000000,12000000000,,,,
1,28fc35f2-f19a-4bac-a5b9-dd79e7263703,1976,,,Main.bus,frame_utilization,1,number,9.7599999999999998e-1,,11000000000,12000000000,,,,
1,28fc35f2-f19a-4bac-a5b9-dd79e7263703,1977,,,Main.bus,occupied_bits,bit,integer,488,,11000000000,12000000000,,,,
1,28fc35f2-f19a-4bac-a5b9-dd79e7263703,1978,,,Main.bus,payload_bits,bit,integer,256,,11000000000,12000000000,,,,
1,28fc35f2-f19a-4bac-a5b9-dd79e7263703,1979,,,Main.bus,payload_throughput_bps,bit/s,number,2.5600000000000000e+5,,11000000000,12000000000,,,,
1,28fc35f2-f19a-4bac-a5b9-dd79e7263703,1980,,,Main.bus,serialized_bits,bit,integer,476,,11000000000,12000000000,,,,
1,28fc35f2-f19a-4bac-a5b9-dd79e7263703,1981,,,Main.bus,serialized_throughput_bps,bit/s,number,4.7600000000000000e+5,,11000000000,12000000000,,,,
1,28fc35f2-f19a-4bac-a5b9-dd79e7263703,1982,,,Main.c,received_payload_bits,bit,integer,256,,11000000000,12000000000,,Main.c,,
1,28fc35f2-f19a-4bac-a5b9-dd79e7263703,1983,,,Main.c,received_throughput_bps,bit/s,number,2.5600000000000000e+5,,11000000000,12000000000,,Main.c,,
1,28fc35f2-f19a-4bac-a5b9-dd79e7263703,1984,,,Main.c.txQueue,buffer_utilization_mean,1,number,1.0000000000000000e+0,,11000000000,12000000000,,,,
1,28fc35f2-f19a-4bac-a5b9-dd79e7263703,1985,2081,0,Main.a.txQueue,buffer_utilization,1,number,1.0000000000000000e+0,12000000000,,,a:240,,,
1,28fc35f2-f19a-4bac-a5b9-dd79e7263703,1986,2081,1,Main.a.txQueue,queue_length,count,integer,2,12000000000,,,a:240,,,
1,28fc35f2-f19a-4bac-a5b9-dd79e7263703,1987,2082,0,Main.b.txQueue,buffer_utilization,1,number,1.0000000000000000e+0,12000000000,,,b:240,,,
1,28fc35f2-f19a-4bac-a5b9-dd79e7263703,1988,2082,1,Main.b.txQueue,queue_length,count,integer,2,12000000000,,,b:240,,,
1,28fc35f2-f19a-4bac-a5b9-dd79e7263703,1989,2083,0,Main.c.txQueue,buffer_utilization,1,number,1.0000000000000000e+0,12000000000,,,c:240,,,
1,28fc35f2-f19a-4bac-a5b9-dd79e7263703,1990,2083,1,Main.c.txQueue,queue_length,count,integer,2,12000000000,,,c:240,,,
1,28fc35f2-f19a-4bac-a5b9-dd79e7263703,1991,2089,0,Main.a.txQueue,buffer_utilization,1,number,1.0000000000000000e+0,12050000000,,,a:241,,,
1,28fc35f2-f19a-4bac-a5b9-dd79e7263703,1992,2089,1,Main.a.txQueue,queue_length,count,integer,2,12050000000,,,a:241,,,
1,28fc35f2-f19a-4bac-a5b9-dd79e7263703,1993,2090,0,Main.b.txQueue,buffer_utilization,1,number,1.0000000000000000e+0,12050000000,,,b:241,,,
1,28fc35f2-f19a-4bac-a5b9-dd79e7263703,1994,2090,1,Main.b.txQueue,queue_length,count,integer,2,12050000000,,,b:241,,,
1,28fc35f2-f19a-4bac-a5b9-dd79e7263703,1995,2091,0,Main.c.txQueue,buffer_utilization,1,number,1.0000000000000000e+0,12050000000,,,c:241,,,
1,28fc35f2-f19a-4bac-a5b9-dd79e7263703,1996,2091,1,Main.c.txQueue,queue_length,count,integer,2,12050000000,,,c:241,,,
1,28fc35f2-f19a-4bac-a5b9-dd79e7263703,1997,2096,0,Main.a.txQueue,buffer_utilization,1,number,1.0000000000000000e+0,12100000000,,,a:242,,,
1,28fc35f2-f19a-4bac-a5b9-dd79e7263703,1998,2096,1,Main.a.txQueue,queue_length,count,integer,2,12100000000,,,a:242,,,
1,28fc35f2-f19a-4bac-a5b9-dd79e7263703,1999,2097,0,Main.b.txQueue,buffer_utilization,1,number,1.0000000000000000e+0,12100000000,,,b:242,,,
1,28fc35f2-f19a-4bac-a5b9-dd79e7263703,2000,2097,1,Main.b.txQueue,queue_length,count,integer,2,12100000000,,,b:242,,,
1,28fc35f2-f19a-4bac-a5b9-dd79e7263703,2001,2098,0,Main.c.txQueue,buffer_utilization,1,number,1.0000000000000000e+0,12100000000,,,c:242,,,
1,28fc35f2-f19a-4bac-a5b9-dd79e7263703,2002,2098,1,Main.c.txQueue,queue_length,count,integer,2,12100000000,,,c:242,,,
1,28fc35f2-f19a-4bac-a5b9-dd79e7263703,2003,2103,0,Main.a.txQueue,buffer_utilization,1,number,1.0000000000000000e+0,12150000000,,,a:243,,,
1,28fc35f2-f19a-4bac-a5b9-dd79e7263703,2004,2103,1,Main.a.txQueue,queue_length,count,integer,2,12150000000,,,a:243,,,
1,28fc35f2-f19a-4bac-a5b9-dd79e7263703,2005,2104,0,Main.b.txQueue,buffer_utilization,1,number,1.0000000000000000e+0,12150000000,,,b:243,,,
1,28fc35f2-f19a-4bac-a5b9-dd79e7263703,2006,2104,1,Main.b.txQueue,queue_length,count,integer,2,12150000000,,,b:243,,,
1,28fc35f2-f19a-4bac-a5b9-dd79e7263703,2007,2105,0,Main.c.txQueue,buffer_utilization,1,number,1.0000000000000000e+0,12150000000,,,c:243,,,
1,28fc35f2-f19a-4bac-a5b9-dd79e7263703,2008,2105,1,Main.c.txQueue,queue_length,count,integer,2,12150000000,,,c:243,,,
1,28fc35f2-f19a-4bac-a5b9-dd79e7263703,2009,2075,0,Main.bus,transfer_ps,ps,integer,238000000,12194000000,,,a:230,,,
1,28fc35f2-f19a-4bac-a5b9-dd79e7263703,2010,2108,0,Main.b,delivery_ps,ps,integer,694000000,12194000000,,,a:230,Main.b,,
1,28fc35f2-f19a-4bac-a5b9-dd79e7263703,2011,2109,0,Main.c,delivery_ps,ps,integer,694000000,12194000000,,,a:230,Main.c,,
1,28fc35f2-f19a-4bac-a5b9-dd79e7263703,2012,2114,0,Main.a.txQueue,buffer_utilization,1,number,1.0000000000000000e+0,12200000000,,,a:244,,,
1,28fc35f2-f19a-4bac-a5b9-dd79e7263703,2013,2114,1,Main.a.txQueue,queue_length,count,integer,2,12200000000,,,a:244,,,
1,28fc35f2-f19a-4bac-a5b9-dd79e7263703,2014,2115,0,Main.b.txQueue,buffer_utilization,1,number,1.0000000000000000e+0,12200000000,,,b:244,,,
1,28fc35f2-f19a-4bac-a5b9-dd79e7263703,2015,2115,1,Main.b.txQueue,queue_length,count,integer,2,12200000000,,,b:244,,,
1,28fc35f2-f19a-4bac-a5b9-dd79e7263703,2016,2116,0,Main.c.txQueue,buffer_utilization,1,number,1.0000000000000000e+0,12200000000,,,c:244,,,
1,28fc35f2-f19a-4bac-a5b9-dd79e7263703,2017,2116,1,Main.c.txQueue,queue_length,count,integer,2,12200000000,,,c:244,,,
1,28fc35f2-f19a-4bac-a5b9-dd79e7263703,2018,2117,0,Main.a,arbitration_wait_ps,ps,integer,450000000,12200000000,,,a:235,,,
1,28fc35f2-f19a-4bac-a5b9-dd79e7263703,2019,2117,1,Main.a,tx_wait_ps,ps,integer,450000000,12200000000,,,a:235,,,
1,28fc35f2-f19a-4bac-a5b9-dd79e7263703,2020,2117,2,Main.a.txQueue,buffer_utilization,1,number,5.0000000000000000e-1,12200000000,,,a:235,,,
1,28fc35f2-f19a-4bac-a5b9-dd79e7263703,2021,2117,3,Main.a.txQueue,queue_length,count,integer,1,12200000000,,,a:235,,,
1,28fc35f2-f19a-4bac-a5b9-dd79e7263703,2022,2124,0,Main.a.txQueue,buffer_utilization,1,number,1.0000000000000000e+0,12250000000,,,a:245,,,
1,28fc35f2-f19a-4bac-a5b9-dd79e7263703,2023,2124,1,Main.a.txQueue,queue_length,count,integer,2,12250000000,,,a:245,,,
1,28fc35f2-f19a-4bac-a5b9-dd79e7263703,2024,2125,0,Main.b.txQueue,buffer_utilization,1,number,1.0000000000000000e+0,12250000000,,,b:245,,,
1,28fc35f2-f19a-4bac-a5b9-dd79e7263703,2025,2125,1,Main.b.txQueue,queue_length,count,integer,2,12250000000,,,b:245,,,
1,28fc35f2-f19a-4bac-a5b9-dd79e7263703,2026,2126,0,Main.c.txQueue,buffer_utilization,1,number,1.0000000000000000e+0,12250000000,,,c:245,,,
1,28fc35f2-f19a-4bac-a5b9-dd79e7263703,2027,2126,1,Main.c.txQueue,queue_length,count,integer,2,12250000000,,,c:245,,,
1,28fc35f2-f19a-4bac-a5b9-dd79e7263703,2028,2132,0,Main.a.txQueue,buffer_utilization,1,number,1.0000000000000000e+0,12300000000,,,a:246,,,
1,28fc35f2-f19a-4bac-a5b9-dd79e7263703,2029,2132,1,Main.a.txQueue,queue_length,count,integer,2,12300000000,,,a:246,,,
1,28fc35f2-f19a-4bac-a5b9-dd79e7263703,2030,2133,0,Main.b.txQueue,buffer_utilization,1,number,1.0000000000000000e+0,12300000000,,,b:246,,,
1,28fc35f2-f19a-4bac-a5b9-dd79e7263703,2031,2133,1,Main.b.txQueue,queue_length,count,integer,2,12300000000,,,b:246,,,
1,28fc35f2-f19a-4bac-a5b9-dd79e7263703,2032,2134,0,Main.c.txQueue,buffer_utilization,1,number,1.0000000000000000e+0,12300000000,,,c:246,,,
1,28fc35f2-f19a-4bac-a5b9-dd79e7263703,2033,2134,1,Main.c.txQueue,queue_length,count,integer,2,12300000000,,,c:246,,,
1,28fc35f2-f19a-4bac-a5b9-dd79e7263703,2034,2139,0,Main.a.txQueue,buffer_utilization,1,number,1.0000000000000000e+0,12350000000,,,a:247,,,
1,28fc35f2-f19a-4bac-a5b9-dd79e7263703,2035,2139,1,Main.a.txQueue,queue_length,count,integer,2,12350000000,,,a:247,,,
1,28fc35f2-f19a-4bac-a5b9-dd79e7263703,2036,2140,0,Main.b.txQueue,buffer_utilization,1,number,1.0000000000000000e+0,12350000000,,,b:247,,,
1,28fc35f2-f19a-4bac-a5b9-dd79e7263703,2037,2140,1,Main.b.txQueue,queue_length,count,integer,2,12350000000,,,b:247,,,
1,28fc35f2-f19a-4bac-a5b9-dd79e7263703,2038,2141,0,Main.c.txQueue,buffer_utilization,1,number,1.0000000000000000e+0,12350000000,,,c:247,,,
1,28fc35f2-f19a-4bac-a5b9-dd79e7263703,2039,2141,1,Main.c.txQueue,queue_length,count,integer,2,12350000000,,,c:247,,,
1,28fc35f2-f19a-4bac-a5b9-dd79e7263703,2040,2146,0,Main.a.txQueue,buffer_utilization,1,number,1.0000000000000000e+0,12400000000,,,a:248,,,
1,28fc35f2-f19a-4bac-a5b9-dd79e7263703,2041,2146,1,Main.a.txQueue,queue_length,count,integer,2,12400000000,,,a:248,,,
1,28fc35f2-f19a-4bac-a5b9-dd79e7263703,2042,2147,0,Main.b.txQueue,buffer_utilization,1,number,1.0000000000000000e+0,12400000000,,,b:248,,,
1,28fc35f2-f19a-4bac-a5b9-dd79e7263703,2043,2147,1,Main.b.txQueue,queue_length,count,integer,2,12400000000,,,b:248,,,
1,28fc35f2-f19a-4bac-a5b9-dd79e7263703,2044,2148,0,Main.c.txQueue,buffer_utilization,1,number,1.0000000000000000e+0,12400000000,,,c:248,,,
1,28fc35f2-f19a-4bac-a5b9-dd79e7263703,2045,2148,1,Main.c.txQueue,queue_length,count,integer,2,12400000000,,,c:248,,,
1,28fc35f2-f19a-4bac-a5b9-dd79e7263703,2046,2118,0,Main.bus,transfer_ps,ps,integer,238000000,12438000000,,,a:235,,,
1,28fc35f2-f19a-4bac-a5b9-dd79e7263703,2047,2151,0,Main.b,delivery_ps,ps,integer,688000000,12438000000,,,a:235,Main.b,,
1,28fc35f2-f19a-4bac-a5b9-dd79e7263703,2048,2152,0,Main.c,delivery_ps,ps,integer,688000000,12438000000,,,a:235,Main.c,,
1,28fc35f2-f19a-4bac-a5b9-dd79e7263703,2049,2153,0,Main.a,arbitration_wait_ps,ps,integer,444000000,12444000000,,,a:240,,,
1,28fc35f2-f19a-4bac-a5b9-dd79e7263703,2050,2153,1,Main.a,tx_wait_ps,ps,integer,444000000,12444000000,,,a:240,,,
1,28fc35f2-f19a-4bac-a5b9-dd79e7263703,2051,2153,2,Main.a.txQueue,buffer_utilization,1,number,5.0000000000000000e-1,12444000000,,,a:240,,,
1,28fc35f2-f19a-4bac-a5b9-dd79e7263703,2052,2153,3,Main.a.txQueue,queue_length,count,integer,1,12444000000,,,a:240,,,
1,28fc35f2-f19a-4bac-a5b9-dd79e7263703,2053,2160,0,Main.a.txQueue,buffer_utilization,1,number,1.0000000000000000e+0,12450000000,,,a:249,,,
1,28fc35f2-f19a-4bac-a5b9-dd79e7263703,2054,2160,1,Main.a.txQueue,queue_length,count,integer,2,12450000000,,,a:249,,,
1,28fc35f2-f19a-4bac-a5b9-dd79e7263703,2055,2161,0,Main.b.txQueue,buffer_utilization,1,number,1.0000000000000000e+0,12450000000,,,b:249,,,
1,28fc35f2-f19a-4bac-a5b9-dd79e7263703,2056,2161,1,Main.b.txQueue,queue_length,count,integer,2,12450000000,,,b:249,,,
1,28fc35f2-f19a-4bac-a5b9-dd79e7263703,2057,2162,0,Main.c.txQueue,buffer_utilization,1,number,1.0000000000000000e+0,12450000000,,,c:249,,,
1,28fc35f2-f19a-4bac-a5b9-dd79e7263703,2058,2162,1,Main.c.txQueue,queue_length,count,integer,2,12450000000,,,c:249,,,
1,28fc35f2-f19a-4bac-a5b9-dd79e7263703,2059,2168,0,Main.a.txQueue,buffer_utilization,1,number,1.0000000000000000e+0,12500000000,,,a:250,,,
1,28fc35f2-f19a-4bac-a5b9-dd79e7263703,2060,2168,1,Main.a.txQueue,queue_length,count,integer,2,12500000000,,,a:250,,,
1,28fc35f2-f19a-4bac-a5b9-dd79e7263703,2061,2169,0,Main.b.txQueue,buffer_utilization,1,number,1.0000000000000000e+0,12500000000,,,b:250,,,
1,28fc35f2-f19a-4bac-a5b9-dd79e7263703,2062,2169,1,Main.b.txQueue,queue_length,count,integer,2,12500000000,,,b:250,,,
1,28fc35f2-f19a-4bac-a5b9-dd79e7263703,2063,2170,0,Main.c.txQueue,buffer_utilization,1,number,1.0000000000000000e+0,12500000000,,,c:250,,,
1,28fc35f2-f19a-4bac-a5b9-dd79e7263703,2064,2170,1,Main.c.txQueue,queue_length,count,integer,2,12500000000,,,c:250,,,
1,28fc35f2-f19a-4bac-a5b9-dd79e7263703,2065,2175,0,Main.a.txQueue,buffer_utilization,1,number,1.0000000000000000e+0,12550000000,,,a:251,,,
1,28fc35f2-f19a-4bac-a5b9-dd79e7263703,2066,2175,1,Main.a.txQueue,queue_length,count,integer,2,12550000000,,,a:251,,,
1,28fc35f2-f19a-4bac-a5b9-dd79e7263703,2067,2176,0,Main.b.txQueue,buffer_utilization,1,number,1.0000000000000000e+0,12550000000,,,b:251,,,
1,28fc35f2-f19a-4bac-a5b9-dd79e7263703,2068,2176,1,Main.b.txQueue,queue_length,count,integer,2,12550000000,,,b:251,,,
1,28fc35f2-f19a-4bac-a5b9-dd79e7263703,2069,2177,0,Main.c.txQueue,buffer_utilization,1,number,1.0000000000000000e+0,12550000000,,,c:251,,,
1,28fc35f2-f19a-4bac-a5b9-dd79e7263703,2070,2177,1,Main.c.txQueue,queue_length,count,integer,2,12550000000,,,c:251,,,
1,28fc35f2-f19a-4bac-a5b9-dd79e7263703,2071,2182,0,Main.a.txQueue,buffer_utilization,1,number,1.0000000000000000e+0,12600000000,,,a:252,,,
1,28fc35f2-f19a-4bac-a5b9-dd79e7263703,2072,2182,1,Main.a.txQueue,queue_length,count,integer,2,12600000000,,,a:252,,,
1,28fc35f2-f19a-4bac-a5b9-dd79e7263703,2073,2183,0,Main.b.txQueue,buffer_utilization,1,number,1.0000000000000000e+0,12600000000,,,b:252,,,
1,28fc35f2-f19a-4bac-a5b9-dd79e7263703,2074,2183,1,Main.b.txQueue,queue_length,count,integer,2,12600000000,,,b:252,,,
1,28fc35f2-f19a-4bac-a5b9-dd79e7263703,2075,2184,0,Main.c.txQueue,buffer_utilization,1,number,1.0000000000000000e+0,12600000000,,,c:252,,,
1,28fc35f2-f19a-4bac-a5b9-dd79e7263703,2076,2184,1,Main.c.txQueue,queue_length,count,integer,2,12600000000,,,c:252,,,
1,28fc35f2-f19a-4bac-a5b9-dd79e7263703,2077,2189,0,Main.a.txQueue,buffer_utilization,1,number,1.0000000000000000e+0,12650000000,,,a:253,,,
1,28fc35f2-f19a-4bac-a5b9-dd79e7263703,2078,2189,1,Main.a.txQueue,queue_length,count,integer,2,12650000000,,,a:253,,,
1,28fc35f2-f19a-4bac-a5b9-dd79e7263703,2079,2190,0,Main.b.txQueue,buffer_utilization,1,number,1.0000000000000000e+0,12650000000,,,b:253,,,
1,28fc35f2-f19a-4bac-a5b9-dd79e7263703,2080,2190,1,Main.b.txQueue,queue_length,count,integer,2,12650000000,,,b:253,,,
1,28fc35f2-f19a-4bac-a5b9-dd79e7263703,2081,2191,0,Main.c.txQueue,buffer_utilization,1,number,1.0000000000000000e+0,12650000000,,,c:253,,,
1,28fc35f2-f19a-4bac-a5b9-dd79e7263703,2082,2191,1,Main.c.txQueue,queue_length,count,integer,2,12650000000,,,c:253,,,
1,28fc35f2-f19a-4bac-a5b9-dd79e7263703,2083,2154,0,Main.bus,transfer_ps,ps,integer,238000000,12682000000,,,a:240,,,
1,28fc35f2-f19a-4bac-a5b9-dd79e7263703,2084,2194,0,Main.b,delivery_ps,ps,integer,682000000,12682000000,,,a:240,Main.b,,
1,28fc35f2-f19a-4bac-a5b9-dd79e7263703,2085,2195,0,Main.c,delivery_ps,ps,integer,682000000,12682000000,,,a:240,Main.c,,
1,28fc35f2-f19a-4bac-a5b9-dd79e7263703,2086,2196,0,Main.a,arbitration_wait_ps,ps,integer,438000000,12688000000,,,a:245,,,
1,28fc35f2-f19a-4bac-a5b9-dd79e7263703,2087,2196,1,Main.a,tx_wait_ps,ps,integer,438000000,12688000000,,,a:245,,,
1,28fc35f2-f19a-4bac-a5b9-dd79e7263703,2088,2196,2,Main.a.txQueue,buffer_utilization,1,number,5.0000000000000000e-1,12688000000,,,a:245,,,
1,28fc35f2-f19a-4bac-a5b9-dd79e7263703,2089,2196,3,Main.a.txQueue,queue_length,count,integer,1,12688000000,,,a:245,,,
1,28fc35f2-f19a-4bac-a5b9-dd79e7263703,2090,2203,0,Main.a.txQueue,buffer_utilization,1,number,1.0000000000000000e+0,12700000000,,,a:254,,,
1,28fc35f2-f19a-4bac-a5b9-dd79e7263703,2091,2203,1,Main.a.txQueue,queue_length,count,integer,2,12700000000,,,a:254,,,
1,28fc35f2-f19a-4bac-a5b9-dd79e7263703,2092,2204,0,Main.b.txQueue,buffer_utilization,1,number,1.0000000000000000e+0,12700000000,,,b:254,,,
1,28fc35f2-f19a-4bac-a5b9-dd79e7263703,2093,2204,1,Main.b.txQueue,queue_length,count,integer,2,12700000000,,,b:254,,,
1,28fc35f2-f19a-4bac-a5b9-dd79e7263703,2094,2205,0,Main.c.txQueue,buffer_utilization,1,number,1.0000000000000000e+0,12700000000,,,c:254,,,
1,28fc35f2-f19a-4bac-a5b9-dd79e7263703,2095,2205,1,Main.c.txQueue,queue_length,count,integer,2,12700000000,,,c:254,,,
1,28fc35f2-f19a-4bac-a5b9-dd79e7263703,2096,2211,0,Main.a.txQueue,buffer_utilization,1,number,1.0000000000000000e+0,12750000000,,,a:255,,,
1,28fc35f2-f19a-4bac-a5b9-dd79e7263703,2097,2211,1,Main.a.txQueue,queue_length,count,integer,2,12750000000,,,a:255,,,
1,28fc35f2-f19a-4bac-a5b9-dd79e7263703,2098,2212,0,Main.b.txQueue,buffer_utilization,1,number,1.0000000000000000e+0,12750000000,,,b:255,,,
1,28fc35f2-f19a-4bac-a5b9-dd79e7263703,2099,2212,1,Main.b.txQueue,queue_length,count,integer,2,12750000000,,,b:255,,,
1,28fc35f2-f19a-4bac-a5b9-dd79e7263703,2100,2213,0,Main.c.txQueue,buffer_utilization,1,number,1.0000000000000000e+0,12750000000,,,c:255,,,
1,28fc35f2-f19a-4bac-a5b9-dd79e7263703,2101,2213,1,Main.c.txQueue,queue_length,count,integer,2,12750000000,,,c:255,,,
1,28fc35f2-f19a-4bac-a5b9-dd79e7263703,2102,2218,0,Main.a.txQueue,buffer_utilization,1,number,1.0000000000000000e+0,12800000000,,,a:256,,,
1,28fc35f2-f19a-4bac-a5b9-dd79e7263703,2103,2218,1,Main.a.txQueue,queue_length,count,integer,2,12800000000,,,a:256,,,
1,28fc35f2-f19a-4bac-a5b9-dd79e7263703,2104,2219,0,Main.b.txQueue,buffer_utilization,1,number,1.0000000000000000e+0,12800000000,,,b:256,,,
1,28fc35f2-f19a-4bac-a5b9-dd79e7263703,2105,2219,1,Main.b.txQueue,queue_length,count,integer,2,12800000000,,,b:256,,,
1,28fc35f2-f19a-4bac-a5b9-dd79e7263703,2106,2220,0,Main.c.txQueue,buffer_utilization,1,number,1.0000000000000000e+0,12800000000,,,c:256,,,
1,28fc35f2-f19a-4bac-a5b9-dd79e7263703,2107,2220,1,Main.c.txQueue,queue_length,count,integer,2,12800000000,,,c:256,,,
1,28fc35f2-f19a-4bac-a5b9-dd79e7263703,2108,2225,0,Main.a.txQueue,buffer_utilization,1,number,1.0000000000000000e+0,12850000000,,,a:257,,,
1,28fc35f2-f19a-4bac-a5b9-dd79e7263703,2109,2225,1,Main.a.txQueue,queue_length,count,integer,2,12850000000,,,a:257,,,
1,28fc35f2-f19a-4bac-a5b9-dd79e7263703,2110,2226,0,Main.b.txQueue,buffer_utilization,1,number,1.0000000000000000e+0,12850000000,,,b:257,,,
1,28fc35f2-f19a-4bac-a5b9-dd79e7263703,2111,2226,1,Main.b.txQueue,queue_length,count,integer,2,12850000000,,,b:257,,,
1,28fc35f2-f19a-4bac-a5b9-dd79e7263703,2112,2227,0,Main.c.txQueue,buffer_utilization,1,number,1.0000000000000000e+0,12850000000,,,c:257,,,
1,28fc35f2-f19a-4bac-a5b9-dd79e7263703,2113,2227,1,Main.c.txQueue,queue_length,count,integer,2,12850000000,,,c:257,,,
1,28fc35f2-f19a-4bac-a5b9-dd79e7263703,2114,2232,0,Main.a.txQueue,buffer_utilization,1,number,1.0000000000000000e+0,12900000000,,,a:258,,,
1,28fc35f2-f19a-4bac-a5b9-dd79e7263703,2115,2232,1,Main.a.txQueue,queue_length,count,integer,2,12900000000,,,a:258,,,
1,28fc35f2-f19a-4bac-a5b9-dd79e7263703,2116,2233,0,Main.b.txQueue,buffer_utilization,1,number,1.0000000000000000e+0,12900000000,,,b:258,,,
1,28fc35f2-f19a-4bac-a5b9-dd79e7263703,2117,2233,1,Main.b.txQueue,queue_length,count,integer,2,12900000000,,,b:258,,,
1,28fc35f2-f19a-4bac-a5b9-dd79e7263703,2118,2234,0,Main.c.txQueue,buffer_utilization,1,number,1.0000000000000000e+0,12900000000,,,c:258,,,
1,28fc35f2-f19a-4bac-a5b9-dd79e7263703,2119,2234,1,Main.c.txQueue,queue_length,count,integer,2,12900000000,,,c:258,,,
1,28fc35f2-f19a-4bac-a5b9-dd79e7263703,2120,2197,0,Main.bus,transfer_ps,ps,integer,238000000,12926000000,,,a:245,,,
1,28fc35f2-f19a-4bac-a5b9-dd79e7263703,2121,2237,0,Main.b,delivery_ps,ps,integer,676000000,12926000000,,,a:245,Main.b,,
1,28fc35f2-f19a-4bac-a5b9-dd79e7263703,2122,2238,0,Main.c,delivery_ps,ps,integer,676000000,12926000000,,,a:245,Main.c,,
1,28fc35f2-f19a-4bac-a5b9-dd79e7263703,2123,2239,0,Main.a,arbitration_wait_ps,ps,integer,482000000,12932000000,,,a:249,,,
1,28fc35f2-f19a-4bac-a5b9-dd79e7263703,2124,2239,1,Main.a,tx_wait_ps,ps,integer,482000000,12932000000,,,a:249,,,
1,28fc35f2-f19a-4bac-a5b9-dd79e7263703,2125,2239,2,Main.a.txQueue,buffer_utilization,1,number,5.0000000000000000e-1,12932000000,,,a:249,,,
1,28fc35f2-f19a-4bac-a5b9-dd79e7263703,2126,2239,3,Main.a.txQueue,queue_length,count,integer,1,12932000000,,,a:249,,,
1,28fc35f2-f19a-4bac-a5b9-dd79e7263703,2127,2246,0,Main.a.txQueue,buffer_utilization,1,number,1.0000000000000000e+0,12950000000,,,a:259,,,
1,28fc35f2-f19a-4bac-a5b9-dd79e7263703,2128,2246,1,Main.a.txQueue,queue_length,count,integer,2,12950000000,,,a:259,,,
1,28fc35f2-f19a-4bac-a5b9-dd79e7263703,2129,2247,0,Main.b.txQueue,buffer_utilization,1,number,1.0000000000000000e+0,12950000000,,,b:259,,,
1,28fc35f2-f19a-4bac-a5b9-dd79e7263703,2130,2247,1,Main.b.txQueue,queue_length,count,integer,2,12950000000,,,b:259,,,
1,28fc35f2-f19a-4bac-a5b9-dd79e7263703,2131,2248,0,Main.c.txQueue,buffer_utilization,1,number,1.0000000000000000e+0,12950000000,,,c:259,,,
1,28fc35f2-f19a-4bac-a5b9-dd79e7263703,2132,2248,1,Main.c.txQueue,queue_length,count,integer,2,12950000000,,,c:259,,,
1,28fc35f2-f19a-4bac-a5b9-dd79e7263703,2133,,,Main.a,received_payload_bits,bit,integer,0,,12000000000,13000000000,,Main.a,,
1,28fc35f2-f19a-4bac-a5b9-dd79e7263703,2134,,,Main.a,received_throughput_bps,bit/s,number,0.0000000000000000e+0,,12000000000,13000000000,,Main.a,,
1,28fc35f2-f19a-4bac-a5b9-dd79e7263703,2135,,,Main.a.txQueue,buffer_utilization_mean,1,number,9.5699999999999996e-1,,12000000000,13000000000,,,,
1,28fc35f2-f19a-4bac-a5b9-dd79e7263703,2136,,,Main.b,received_payload_bits,bit,integer,256,,12000000000,13000000000,,Main.b,,
1,28fc35f2-f19a-4bac-a5b9-dd79e7263703,2137,,,Main.b,received_throughput_bps,bit/s,number,2.5600000000000000e+5,,12000000000,13000000000,,Main.b,,
1,28fc35f2-f19a-4bac-a5b9-dd79e7263703,2138,,,Main.b.txQueue,buffer_utilization_mean,1,number,1.0000000000000000e+0,,12000000000,13000000000,,,,
1,28fc35f2-f19a-4bac-a5b9-dd79e7263703,2139,,,Main.bus,bus_utilization,1,number,1.0000000000000000e+0,,12000000000,13000000000,,,,
1,28fc35f2-f19a-4bac-a5b9-dd79e7263703,2140,,,Main.bus,frame_utilization,1,number,9.7599999999999998e-1,,12000000000,13000000000,,,,
1,28fc35f2-f19a-4bac-a5b9-dd79e7263703,2141,,,Main.bus,occupied_bits,bit,integer,488,,12000000000,13000000000,,,,
1,28fc35f2-f19a-4bac-a5b9-dd79e7263703,2142,,,Main.bus,payload_bits,bit,integer,256,,12000000000,13000000000,,,,
1,28fc35f2-f19a-4bac-a5b9-dd79e7263703,2143,,,Main.bus,payload_throughput_bps,bit/s,number,2.5600000000000000e+5,,12000000000,13000000000,,,,
1,28fc35f2-f19a-4bac-a5b9-dd79e7263703,2144,,,Main.bus,serialized_bits,bit,integer,476,,12000000000,13000000000,,,,
1,28fc35f2-f19a-4bac-a5b9-dd79e7263703,2145,,,Main.bus,serialized_throughput_bps,bit/s,number,4.7600000000000000e+5,,12000000000,13000000000,,,,
1,28fc35f2-f19a-4bac-a5b9-dd79e7263703,2146,,,Main.c,received_payload_bits,bit,integer,256,,12000000000,13000000000,,Main.c,,
1,28fc35f2-f19a-4bac-a5b9-dd79e7263703,2147,,,Main.c,received_throughput_bps,bit/s,number,2.5600000000000000e+5,,12000000000,13000000000,,Main.c,,
1,28fc35f2-f19a-4bac-a5b9-dd79e7263703,2148,,,Main.c.txQueue,buffer_utilization_mean,1,number,1.0000000000000000e+0,,12000000000,13000000000,,,,
1,28fc35f2-f19a-4bac-a5b9-dd79e7263703,2149,2254,0,Main.a.txQueue,buffer_utilization,1,number,1.0000000000000000e+0,13000000000,,,a:260,,,
1,28fc35f2-f19a-4bac-a5b9-dd79e7263703,2150,2254,1,Main.a.txQueue,queue_length,count,integer,2,13000000000,,,a:260,,,
1,28fc35f2-f19a-4bac-a5b9-dd79e7263703,2151,2255,0,Main.b.txQueue,buffer_utilization,1,number,1.0000000000000000e+0,13000000000,,,b:260,,,
1,28fc35f2-f19a-4bac-a5b9-dd79e7263703,2152,2255,1,Main.b.txQueue,queue_length,count,integer,2,13000000000,,,b:260,,,
1,28fc35f2-f19a-4bac-a5b9-dd79e7263703,2153,2256,0,Main.c.txQueue,buffer_utilization,1,number,1.0000000000000000e+0,13000000000,,,c:260,,,
1,28fc35f2-f19a-4bac-a5b9-dd79e7263703,2154,2256,1,Main.c.txQueue,queue_length,count,integer,2,13000000000,,,c:260,,,
1,28fc35f2-f19a-4bac-a5b9-dd79e7263703,2155,2261,0,Main.a.txQueue,buffer_utilization,1,number,1.0000000000000000e+0,13050000000,,,a:261,,,
1,28fc35f2-f19a-4bac-a5b9-dd79e7263703,2156,2261,1,Main.a.txQueue,queue_length,count,integer,2,13050000000,,,a:261,,,
1,28fc35f2-f19a-4bac-a5b9-dd79e7263703,2157,2262,0,Main.b.txQueue,buffer_utilization,1,number,1.0000000000000000e+0,13050000000,,,b:261,,,
1,28fc35f2-f19a-4bac-a5b9-dd79e7263703,2158,2262,1,Main.b.txQueue,queue_length,count,integer,2,13050000000,,,b:261,,,
1,28fc35f2-f19a-4bac-a5b9-dd79e7263703,2159,2263,0,Main.c.txQueue,buffer_utilization,1,number,1.0000000000000000e+0,13050000000,,,c:261,,,
1,28fc35f2-f19a-4bac-a5b9-dd79e7263703,2160,2263,1,Main.c.txQueue,queue_length,count,integer,2,13050000000,,,c:261,,,
1,28fc35f2-f19a-4bac-a5b9-dd79e7263703,2161,2268,0,Main.a.txQueue,buffer_utilization,1,number,1.0000000000000000e+0,13100000000,,,a:262,,,
1,28fc35f2-f19a-4bac-a5b9-dd79e7263703,2162,2268,1,Main.a.txQueue,queue_length,count,integer,2,13100000000,,,a:262,,,
1,28fc35f2-f19a-4bac-a5b9-dd79e7263703,2163,2269,0,Main.b.txQueue,buffer_utilization,1,number,1.0000000000000000e+0,13100000000,,,b:262,,,
1,28fc35f2-f19a-4bac-a5b9-dd79e7263703,2164,2269,1,Main.b.txQueue,queue_length,count,integer,2,13100000000,,,b:262,,,
1,28fc35f2-f19a-4bac-a5b9-dd79e7263703,2165,2270,0,Main.c.txQueue,buffer_utilization,1,number,1.0000000000000000e+0,13100000000,,,c:262,,,
1,28fc35f2-f19a-4bac-a5b9-dd79e7263703,2166,2270,1,Main.c.txQueue,queue_length,count,integer,2,13100000000,,,c:262,,,
1,28fc35f2-f19a-4bac-a5b9-dd79e7263703,2167,2275,0,Main.a.txQueue,buffer_utilization,1,number,1.0000000000000000e+0,13150000000,,,a:263,,,
1,28fc35f2-f19a-4bac-a5b9-dd79e7263703,2168,2275,1,Main.a.txQueue,queue_length,count,integer,2,13150000000,,,a:263,,,
1,28fc35f2-f19a-4bac-a5b9-dd79e7263703,2169,2276,0,Main.b.txQueue,buffer_utilization,1,number,1.0000000000000000e+0,13150000000,,,b:263,,,
1,28fc35f2-f19a-4bac-a5b9-dd79e7263703,2170,2276,1,Main.b.txQueue,queue_length,count,integer,2,13150000000,,,b:263,,,
1,28fc35f2-f19a-4bac-a5b9-dd79e7263703,2171,2277,0,Main.c.txQueue,buffer_utilization,1,number,1.0000000000000000e+0,13150000000,,,c:263,,,
1,28fc35f2-f19a-4bac-a5b9-dd79e7263703,2172,2277,1,Main.c.txQueue,queue_length,count,integer,2,13150000000,,,c:263,,,
1,28fc35f2-f19a-4bac-a5b9-dd79e7263703,2173,2240,0,Main.bus,transfer_ps,ps,integer,238000000,13170000000,,,a:249,,,
1,28fc35f2-f19a-4bac-a5b9-dd79e7263703,2174,2280,0,Main.b,delivery_ps,ps,integer,720000000,13170000000,,,a:249,Main.b,,
1,28fc35f2-f19a-4bac-a5b9-dd79e7263703,2175,2281,0,Main.c,delivery_ps,ps,integer,720000000,13170000000,,,a:249,Main.c,,
1,28fc35f2-f19a-4bac-a5b9-dd79e7263703,2176,2282,0,Main.a,arbitration_wait_ps,ps,integer,476000000,13176000000,,,a:254,,,
1,28fc35f2-f19a-4bac-a5b9-dd79e7263703,2177,2282,1,Main.a,tx_wait_ps,ps,integer,476000000,13176000000,,,a:254,,,
1,28fc35f2-f19a-4bac-a5b9-dd79e7263703,2178,2282,2,Main.a.txQueue,buffer_utilization,1,number,5.0000000000000000e-1,13176000000,,,a:254,,,
1,28fc35f2-f19a-4bac-a5b9-dd79e7263703,2179,2282,3,Main.a.txQueue,queue_length,count,integer,1,13176000000,,,a:254,,,
1,28fc35f2-f19a-4bac-a5b9-dd79e7263703,2180,2289,0,Main.a.txQueue,buffer_utilization,1,number,1.0000000000000000e+0,13200000000,,,a:264,,,
1,28fc35f2-f19a-4bac-a5b9-dd79e7263703,2181,2289,1,Main.a.txQueue,queue_length,count,integer,2,13200000000,,,a:264,,,
1,28fc35f2-f19a-4bac-a5b9-dd79e7263703,2182,2290,0,Main.b.txQueue,buffer_utilization,1,number,1.0000000000000000e+0,13200000000,,,b:264,,,
1,28fc35f2-f19a-4bac-a5b9-dd79e7263703,2183,2290,1,Main.b.txQueue,queue_length,count,integer,2,13200000000,,,b:264,,,
1,28fc35f2-f19a-4bac-a5b9-dd79e7263703,2184,2291,0,Main.c.txQueue,buffer_utilization,1,number,1.0000000000000000e+0,13200000000,,,c:264,,,
1,28fc35f2-f19a-4bac-a5b9-dd79e7263703,2185,2291,1,Main.c.txQueue,queue_length,count,integer,2,13200000000,,,c:264,,,
1,28fc35f2-f19a-4bac-a5b9-dd79e7263703,2186,2297,0,Main.a.txQueue,buffer_utilization,1,number,1.0000000000000000e+0,13250000000,,,a:265,,,
1,28fc35f2-f19a-4bac-a5b9-dd79e7263703,2187,2297,1,Main.a.txQueue,queue_length,count,integer,2,13250000000,,,a:265,,,
1,28fc35f2-f19a-4bac-a5b9-dd79e7263703,2188,2298,0,Main.b.txQueue,buffer_utilization,1,number,1.0000000000000000e+0,13250000000,,,b:265,,,
1,28fc35f2-f19a-4bac-a5b9-dd79e7263703,2189,2298,1,Main.b.txQueue,queue_length,count,integer,2,13250000000,,,b:265,,,
1,28fc35f2-f19a-4bac-a5b9-dd79e7263703,2190,2299,0,Main.c.txQueue,buffer_utilization,1,number,1.0000000000000000e+0,13250000000,,,c:265,,,
1,28fc35f2-f19a-4bac-a5b9-dd79e7263703,2191,2299,1,Main.c.txQueue,queue_length,count,integer,2,13250000000,,,c:265,,,
1,28fc35f2-f19a-4bac-a5b9-dd79e7263703,2192,2304,0,Main.a.txQueue,buffer_utilization,1,number,1.0000000000000000e+0,13300000000,,,a:266,,,
1,28fc35f2-f19a-4bac-a5b9-dd79e7263703,2193,2304,1,Main.a.txQueue,queue_length,count,integer,2,13300000000,,,a:266,,,
1,28fc35f2-f19a-4bac-a5b9-dd79e7263703,2194,2305,0,Main.b.txQueue,buffer_utilization,1,number,1.0000000000000000e+0,13300000000,,,b:266,,,
1,28fc35f2-f19a-4bac-a5b9-dd79e7263703,2195,2305,1,Main.b.txQueue,queue_length,count,integer,2,13300000000,,,b:266,,,
1,28fc35f2-f19a-4bac-a5b9-dd79e7263703,2196,2306,0,Main.c.txQueue,buffer_utilization,1,number,1.0000000000000000e+0,13300000000,,,c:266,,,
1,28fc35f2-f19a-4bac-a5b9-dd79e7263703,2197,2306,1,Main.c.txQueue,queue_length,count,integer,2,13300000000,,,c:266,,,
1,28fc35f2-f19a-4bac-a5b9-dd79e7263703,2198,2311,0,Main.a.txQueue,buffer_utilization,1,number,1.0000000000000000e+0,13350000000,,,a:267,,,
1,28fc35f2-f19a-4bac-a5b9-dd79e7263703,2199,2311,1,Main.a.txQueue,queue_length,count,integer,2,13350000000,,,a:267,,,
1,28fc35f2-f19a-4bac-a5b9-dd79e7263703,2200,2312,0,Main.b.txQueue,buffer_utilization,1,number,1.0000000000000000e+0,13350000000,,,b:267,,,
1,28fc35f2-f19a-4bac-a5b9-dd79e7263703,2201,2312,1,Main.b.txQueue,queue_length,count,integer,2,13350000000,,,b:267,,,
1,28fc35f2-f19a-4bac-a5b9-dd79e7263703,2202,2313,0,Main.c.txQueue,buffer_utilization,1,number,1.0000000000000000e+0,13350000000,,,c:267,,,
1,28fc35f2-f19a-4bac-a5b9-dd79e7263703,2203,2313,1,Main.c.txQueue,queue_length,count,integer,2,13350000000,,,c:267,,,
1,28fc35f2-f19a-4bac-a5b9-dd79e7263703,2204,2318,0,Main.a.txQueue,buffer_utilization,1,number,1.0000000000000000e+0,13400000000,,,a:268,,,
1,28fc35f2-f19a-4bac-a5b9-dd79e7263703,2205,2318,1,Main.a.txQueue,queue_length,count,integer,2,13400000000,,,a:268,,,
1,28fc35f2-f19a-4bac-a5b9-dd79e7263703,2206,2319,0,Main.b.txQueue,buffer_utilization,1,number,1.0000000000000000e+0,13400000000,,,b:268,,,
1,28fc35f2-f19a-4bac-a5b9-dd79e7263703,2207,2319,1,Main.b.txQueue,queue_length,count,integer,2,13400000000,,,b:268,,,
1,28fc35f2-f19a-4bac-a5b9-dd79e7263703,2208,2320,0,Main.c.txQueue,buffer_utilization,1,number,1.0000000000000000e+0,13400000000,,,c:268,,,
1,28fc35f2-f19a-4bac-a5b9-dd79e7263703,2209,2320,1,Main.c.txQueue,queue_length,count,integer,2,13400000000,,,c:268,,,
1,28fc35f2-f19a-4bac-a5b9-dd79e7263703,2210,2283,0,Main.bus,transfer_ps,ps,integer,238000000,13414000000,,,a:254,,,
1,28fc35f2-f19a-4bac-a5b9-dd79e7263703,2211,2323,0,Main.b,delivery_ps,ps,integer,714000000,13414000000,,,a:254,Main.b,,
1,28fc35f2-f19a-4bac-a5b9-dd79e7263703,2212,2324,0,Main.c,delivery_ps,ps,integer,714000000,13414000000,,,a:254,Main.c,,
1,28fc35f2-f19a-4bac-a5b9-dd79e7263703,2213,2325,0,Main.a,arbitration_wait_ps,ps,integer,470000000,13420000000,,,a:259,,,
1,28fc35f2-f19a-4bac-a5b9-dd79e7263703,2214,2325,1,Main.a,tx_wait_ps,ps,integer,470000000,13420000000,,,a:259,,,
1,28fc35f2-f19a-4bac-a5b9-dd79e7263703,2215,2325,2,Main.a.txQueue,buffer_utilization,1,number,5.0000000000000000e-1,13420000000,,,a:259,,,
1,28fc35f2-f19a-4bac-a5b9-dd79e7263703,2216,2325,3,Main.a.txQueue,queue_length,count,integer,1,13420000000,,,a:259,,,
1,28fc35f2-f19a-4bac-a5b9-dd79e7263703,2217,2332,0,Main.a.txQueue,buffer_utilization,1,number,1.0000000000000000e+0,13450000000,,,a:269,,,
1,28fc35f2-f19a-4bac-a5b9-dd79e7263703,2218,2332,1,Main.a.txQueue,queue_length,count,integer,2,13450000000,,,a:269,,,
1,28fc35f2-f19a-4bac-a5b9-dd79e7263703,2219,2333,0,Main.b.txQueue,buffer_utilization,1,number,1.0000000000000000e+0,13450000000,,,b:269,,,
1,28fc35f2-f19a-4bac-a5b9-dd79e7263703,2220,2333,1,Main.b.txQueue,queue_length,count,integer,2,13450000000,,,b:269,,,
1,28fc35f2-f19a-4bac-a5b9-dd79e7263703,2221,2334,0,Main.c.txQueue,buffer_utilization,1,number,1.0000000000000000e+0,13450000000,,,c:269,,,
1,28fc35f2-f19a-4bac-a5b9-dd79e7263703,2222,2334,1,Main.c.txQueue,queue_length,count,integer,2,13450000000,,,c:269,,,
1,28fc35f2-f19a-4bac-a5b9-dd79e7263703,2223,2340,0,Main.a.txQueue,buffer_utilization,1,number,1.0000000000000000e+0,13500000000,,,a:270,,,
1,28fc35f2-f19a-4bac-a5b9-dd79e7263703,2224,2340,1,Main.a.txQueue,queue_length,count,integer,2,13500000000,,,a:270,,,
1,28fc35f2-f19a-4bac-a5b9-dd79e7263703,2225,2341,0,Main.b.txQueue,buffer_utilization,1,number,1.0000000000000000e+0,13500000000,,,b:270,,,
1,28fc35f2-f19a-4bac-a5b9-dd79e7263703,2226,2341,1,Main.b.txQueue,queue_length,count,integer,2,13500000000,,,b:270,,,
1,28fc35f2-f19a-4bac-a5b9-dd79e7263703,2227,2342,0,Main.c.txQueue,buffer_utilization,1,number,1.0000000000000000e+0,13500000000,,,c:270,,,
1,28fc35f2-f19a-4bac-a5b9-dd79e7263703,2228,2342,1,Main.c.txQueue,queue_length,count,integer,2,13500000000,,,c:270,,,
1,28fc35f2-f19a-4bac-a5b9-dd79e7263703,2229,2347,0,Main.a.txQueue,buffer_utilization,1,number,1.0000000000000000e+0,13550000000,,,a:271,,,
1,28fc35f2-f19a-4bac-a5b9-dd79e7263703,2230,2347,1,Main.a.txQueue,queue_length,count,integer,2,13550000000,,,a:271,,,
1,28fc35f2-f19a-4bac-a5b9-dd79e7263703,2231,2348,0,Main.b.txQueue,buffer_utilization,1,number,1.0000000000000000e+0,13550000000,,,b:271,,,
1,28fc35f2-f19a-4bac-a5b9-dd79e7263703,2232,2348,1,Main.b.txQueue,queue_length,count,integer,2,13550000000,,,b:271,,,
1,28fc35f2-f19a-4bac-a5b9-dd79e7263703,2233,2349,0,Main.c.txQueue,buffer_utilization,1,number,1.0000000000000000e+0,13550000000,,,c:271,,,
1,28fc35f2-f19a-4bac-a5b9-dd79e7263703,2234,2349,1,Main.c.txQueue,queue_length,count,integer,2,13550000000,,,c:271,,,
1,28fc35f2-f19a-4bac-a5b9-dd79e7263703,2235,2354,0,Main.a.txQueue,buffer_utilization,1,number,1.0000000000000000e+0,13600000000,,,a:272,,,
1,28fc35f2-f19a-4bac-a5b9-dd79e7263703,2236,2354,1,Main.a.txQueue,queue_length,count,integer,2,13600000000,,,a:272,,,
1,28fc35f2-f19a-4bac-a5b9-dd79e7263703,2237,2355,0,Main.b.txQueue,buffer_utilization,1,number,1.0000000000000000e+0,13600000000,,,b:272,,,
1,28fc35f2-f19a-4bac-a5b9-dd79e7263703,2238,2355,1,Main.b.txQueue,queue_length,count,integer,2,13600000000,,,b:272,,,
1,28fc35f2-f19a-4bac-a5b9-dd79e7263703,2239,2356,0,Main.c.txQueue,buffer_utilization,1,number,1.0000000000000000e+0,13600000000,,,c:272,,,
1,28fc35f2-f19a-4bac-a5b9-dd79e7263703,2240,2356,1,Main.c.txQueue,queue_length,count,integer,2,13600000000,,,c:272,,,
1,28fc35f2-f19a-4bac-a5b9-dd79e7263703,2241,2361,0,Main.a.txQueue,buffer_utilization,1,number,1.0000000000000000e+0,13650000000,,,a:273,,,
1,28fc35f2-f19a-4bac-a5b9-dd79e7263703,2242,2361,1,Main.a.txQueue,queue_length,count,integer,2,13650000000,,,a:273,,,
1,28fc35f2-f19a-4bac-a5b9-dd79e7263703,2243,2362,0,Main.b.txQueue,buffer_utilization,1,number,1.0000000000000000e+0,13650000000,,,b:273,,,
1,28fc35f2-f19a-4bac-a5b9-dd79e7263703,2244,2362,1,Main.b.txQueue,queue_length,count,integer,2,13650000000,,,b:273,,,
1,28fc35f2-f19a-4bac-a5b9-dd79e7263703,2245,2363,0,Main.c.txQueue,buffer_utilization,1,number,1.0000000000000000e+0,13650000000,,,c:273,,,
1,28fc35f2-f19a-4bac-a5b9-dd79e7263703,2246,2363,1,Main.c.txQueue,queue_length,count,integer,2,13650000000,,,c:273,,,
1,28fc35f2-f19a-4bac-a5b9-dd79e7263703,2247,2326,0,Main.bus,transfer_ps,ps,integer,238000000,13658000000,,,a:259,,,
1,28fc35f2-f19a-4bac-a5b9-dd79e7263703,2248,2366,0,Main.b,delivery_ps,ps,integer,708000000,13658000000,,,a:259,Main.b,,
1,28fc35f2-f19a-4bac-a5b9-dd79e7263703,2249,2367,0,Main.c,delivery_ps,ps,integer,708000000,13658000000,,,a:259,Main.c,,
1,28fc35f2-f19a-4bac-a5b9-dd79e7263703,2250,2368,0,Main.a,arbitration_wait_ps,ps,integer,464000000,13664000000,,,a:264,,,
1,28fc35f2-f19a-4bac-a5b9-dd79e7263703,2251,2368,1,Main.a,tx_wait_ps,ps,integer,464000000,13664000000,,,a:264,,,
1,28fc35f2-f19a-4bac-a5b9-dd79e7263703,2252,2368,2,Main.a.txQueue,buffer_utilization,1,number,5.0000000000000000e-1,13664000000,,,a:264,,,
1,28fc35f2-f19a-4bac-a5b9-dd79e7263703,2253,2368,3,Main.a.txQueue,queue_length,count,integer,1,13664000000,,,a:264,,,
1,28fc35f2-f19a-4bac-a5b9-dd79e7263703,2254,2375,0,Main.a.txQueue,buffer_utilization,1,number,1.0000000000000000e+0,13700000000,,,a:274,,,
1,28fc35f2-f19a-4bac-a5b9-dd79e7263703,2255,2375,1,Main.a.txQueue,queue_length,count,integer,2,13700000000,,,a:274,,,
1,28fc35f2-f19a-4bac-a5b9-dd79e7263703,2256,2376,0,Main.b.txQueue,buffer_utilization,1,number,1.0000000000000000e+0,13700000000,,,b:274,,,
1,28fc35f2-f19a-4bac-a5b9-dd79e7263703,2257,2376,1,Main.b.txQueue,queue_length,count,integer,2,13700000000,,,b:274,,,
1,28fc35f2-f19a-4bac-a5b9-dd79e7263703,2258,2377,0,Main.c.txQueue,buffer_utilization,1,number,1.0000000000000000e+0,13700000000,,,c:274,,,
1,28fc35f2-f19a-4bac-a5b9-dd79e7263703,2259,2377,1,Main.c.txQueue,queue_length,count,integer,2,13700000000,,,c:274,,,
1,28fc35f2-f19a-4bac-a5b9-dd79e7263703,2260,2383,0,Main.a.txQueue,buffer_utilization,1,number,1.0000000000000000e+0,13750000000,,,a:275,,,
1,28fc35f2-f19a-4bac-a5b9-dd79e7263703,2261,2383,1,Main.a.txQueue,queue_length,count,integer,2,13750000000,,,a:275,,,
1,28fc35f2-f19a-4bac-a5b9-dd79e7263703,2262,2384,0,Main.b.txQueue,buffer_utilization,1,number,1.0000000000000000e+0,13750000000,,,b:275,,,
1,28fc35f2-f19a-4bac-a5b9-dd79e7263703,2263,2384,1,Main.b.txQueue,queue_length,count,integer,2,13750000000,,,b:275,,,
1,28fc35f2-f19a-4bac-a5b9-dd79e7263703,2264,2385,0,Main.c.txQueue,buffer_utilization,1,number,1.0000000000000000e+0,13750000000,,,c:275,,,
1,28fc35f2-f19a-4bac-a5b9-dd79e7263703,2265,2385,1,Main.c.txQueue,queue_length,count,integer,2,13750000000,,,c:275,,,
1,28fc35f2-f19a-4bac-a5b9-dd79e7263703,2266,2390,0,Main.a.txQueue,buffer_utilization,1,number,1.0000000000000000e+0,13800000000,,,a:276,,,
1,28fc35f2-f19a-4bac-a5b9-dd79e7263703,2267,2390,1,Main.a.txQueue,queue_length,count,integer,2,13800000000,,,a:276,,,
1,28fc35f2-f19a-4bac-a5b9-dd79e7263703,2268,2391,0,Main.b.txQueue,buffer_utilization,1,number,1.0000000000000000e+0,13800000000,,,b:276,,,
1,28fc35f2-f19a-4bac-a5b9-dd79e7263703,2269,2391,1,Main.b.txQueue,queue_length,count,integer,2,13800000000,,,b:276,,,
1,28fc35f2-f19a-4bac-a5b9-dd79e7263703,2270,2392,0,Main.c.txQueue,buffer_utilization,1,number,1.0000000000000000e+0,13800000000,,,c:276,,,
1,28fc35f2-f19a-4bac-a5b9-dd79e7263703,2271,2392,1,Main.c.txQueue,queue_length,count,integer,2,13800000000,,,c:276,,,
1,28fc35f2-f19a-4bac-a5b9-dd79e7263703,2272,2397,0,Main.a.txQueue,buffer_utilization,1,number,1.0000000000000000e+0,13850000000,,,a:277,,,
1,28fc35f2-f19a-4bac-a5b9-dd79e7263703,2273,2397,1,Main.a.txQueue,queue_length,count,integer,2,13850000000,,,a:277,,,
1,28fc35f2-f19a-4bac-a5b9-dd79e7263703,2274,2398,0,Main.b.txQueue,buffer_utilization,1,number,1.0000000000000000e+0,13850000000,,,b:277,,,
1,28fc35f2-f19a-4bac-a5b9-dd79e7263703,2275,2398,1,Main.b.txQueue,queue_length,count,integer,2,13850000000,,,b:277,,,
1,28fc35f2-f19a-4bac-a5b9-dd79e7263703,2276,2399,0,Main.c.txQueue,buffer_utilization,1,number,1.0000000000000000e+0,13850000000,,,c:277,,,
1,28fc35f2-f19a-4bac-a5b9-dd79e7263703,2277,2399,1,Main.c.txQueue,queue_length,count,integer,2,13850000000,,,c:277,,,
1,28fc35f2-f19a-4bac-a5b9-dd79e7263703,2278,2404,0,Main.a.txQueue,buffer_utilization,1,number,1.0000000000000000e+0,13900000000,,,a:278,,,
1,28fc35f2-f19a-4bac-a5b9-dd79e7263703,2279,2404,1,Main.a.txQueue,queue_length,count,integer,2,13900000000,,,a:278,,,
1,28fc35f2-f19a-4bac-a5b9-dd79e7263703,2280,2405,0,Main.b.txQueue,buffer_utilization,1,number,1.0000000000000000e+0,13900000000,,,b:278,,,
1,28fc35f2-f19a-4bac-a5b9-dd79e7263703,2281,2405,1,Main.b.txQueue,queue_length,count,integer,2,13900000000,,,b:278,,,
1,28fc35f2-f19a-4bac-a5b9-dd79e7263703,2282,2406,0,Main.c.txQueue,buffer_utilization,1,number,1.0000000000000000e+0,13900000000,,,c:278,,,
1,28fc35f2-f19a-4bac-a5b9-dd79e7263703,2283,2406,1,Main.c.txQueue,queue_length,count,integer,2,13900000000,,,c:278,,,
1,28fc35f2-f19a-4bac-a5b9-dd79e7263703,2284,2369,0,Main.bus,transfer_ps,ps,integer,238000000,13902000000,,,a:264,,,
1,28fc35f2-f19a-4bac-a5b9-dd79e7263703,2285,2409,0,Main.b,delivery_ps,ps,integer,702000000,13902000000,,,a:264,Main.b,,
1,28fc35f2-f19a-4bac-a5b9-dd79e7263703,2286,2410,0,Main.c,delivery_ps,ps,integer,702000000,13902000000,,,a:264,Main.c,,
1,28fc35f2-f19a-4bac-a5b9-dd79e7263703,2287,2411,0,Main.a,arbitration_wait_ps,ps,integer,458000000,13908000000,,,a:269,,,
1,28fc35f2-f19a-4bac-a5b9-dd79e7263703,2288,2411,1,Main.a,tx_wait_ps,ps,integer,458000000,13908000000,,,a:269,,,
1,28fc35f2-f19a-4bac-a5b9-dd79e7263703,2289,2411,2,Main.a.txQueue,buffer_utilization,1,number,5.0000000000000000e-1,13908000000,,,a:269,,,
1,28fc35f2-f19a-4bac-a5b9-dd79e7263703,2290,2411,3,Main.a.txQueue,queue_length,count,integer,1,13908000000,,,a:269,,,
1,28fc35f2-f19a-4bac-a5b9-dd79e7263703,2291,2418,0,Main.a.txQueue,buffer_utilization,1,number,1.0000000000000000e+0,13950000000,,,a:279,,,
1,28fc35f2-f19a-4bac-a5b9-dd79e7263703,2292,2418,1,Main.a.txQueue,queue_length,count,integer,2,13950000000,,,a:279,,,
1,28fc35f2-f19a-4bac-a5b9-dd79e7263703,2293,2419,0,Main.b.txQueue,buffer_utilization,1,number,1.0000000000000000e+0,13950000000,,,b:279,,,
1,28fc35f2-f19a-4bac-a5b9-dd79e7263703,2294,2419,1,Main.b.txQueue,queue_length,count,integer,2,13950000000,,,b:279,,,
1,28fc35f2-f19a-4bac-a5b9-dd79e7263703,2295,2420,0,Main.c.txQueue,buffer_utilization,1,number,1.0000000000000000e+0,13950000000,,,c:279,,,
1,28fc35f2-f19a-4bac-a5b9-dd79e7263703,2296,2420,1,Main.c.txQueue,queue_length,count,integer,2,13950000000,,,c:279,,,
1,28fc35f2-f19a-4bac-a5b9-dd79e7263703,2297,,,Main.a,received_payload_bits,bit,integer,0,,13000000000,14000000000,,Main.a,,
1,28fc35f2-f19a-4bac-a5b9-dd79e7263703,2298,,,Main.a,received_throughput_bps,bit/s,number,0.0000000000000000e+0,,13000000000,14000000000,,Main.a,,
1,28fc35f2-f19a-4bac-a5b9-dd79e7263703,2299,,,Main.a.txQueue,buffer_utilization_mean,1,number,9.3400000000000005e-1,,13000000000,14000000000,,,,
1,28fc35f2-f19a-4bac-a5b9-dd79e7263703,2300,,,Main.b,received_payload_bits,bit,integer,256,,13000000000,14000000000,,Main.b,,
1,28fc35f2-f19a-4bac-a5b9-dd79e7263703,2301,,,Main.b,received_throughput_bps,bit/s,number,2.5600000000000000e+5,,13000000000,14000000000,,Main.b,,
1,28fc35f2-f19a-4bac-a5b9-dd79e7263703,2302,,,Main.b.txQueue,buffer_utilization_mean,1,number,1.0000000000000000e+0,,13000000000,14000000000,,,,
1,28fc35f2-f19a-4bac-a5b9-dd79e7263703,2303,,,Main.bus,bus_utilization,1,number,1.0000000000000000e+0,,13000000000,14000000000,,,,
1,28fc35f2-f19a-4bac-a5b9-dd79e7263703,2304,,,Main.bus,frame_utilization,1,number,9.7599999999999998e-1,,13000000000,14000000000,,,,
1,28fc35f2-f19a-4bac-a5b9-dd79e7263703,2305,,,Main.bus,occupied_bits,bit,integer,488,,13000000000,14000000000,,,,
1,28fc35f2-f19a-4bac-a5b9-dd79e7263703,2306,,,Main.bus,payload_bits,bit,integer,256,,13000000000,14000000000,,,,
1,28fc35f2-f19a-4bac-a5b9-dd79e7263703,2307,,,Main.bus,payload_throughput_bps,bit/s,number,2.5600000000000000e+5,,13000000000,14000000000,,,,
1,28fc35f2-f19a-4bac-a5b9-dd79e7263703,2308,,,Main.bus,serialized_bits,bit,integer,476,,13000000000,14000000000,,,,
1,28fc35f2-f19a-4bac-a5b9-dd79e7263703,2309,,,Main.bus,serialized_throughput_bps,bit/s,number,4.7600000000000000e+5,,13000000000,14000000000,,,,
1,28fc35f2-f19a-4bac-a5b9-dd79e7263703,2310,,,Main.c,received_payload_bits,bit,integer,256,,13000000000,14000000000,,Main.c,,
1,28fc35f2-f19a-4bac-a5b9-dd79e7263703,2311,,,Main.c,received_throughput_bps,bit/s,number,2.5600000000000000e+5,,13000000000,14000000000,,Main.c,,
1,28fc35f2-f19a-4bac-a5b9-dd79e7263703,2312,,,Main.c.txQueue,buffer_utilization_mean,1,number,1.0000000000000000e+0,,13000000000,14000000000,,,,
1,28fc35f2-f19a-4bac-a5b9-dd79e7263703,2313,2426,0,Main.a.txQueue,buffer_utilization,1,number,1.0000000000000000e+0,14000000000,,,a:280,,,
1,28fc35f2-f19a-4bac-a5b9-dd79e7263703,2314,2426,1,Main.a.txQueue,queue_length,count,integer,2,14000000000,,,a:280,,,
1,28fc35f2-f19a-4bac-a5b9-dd79e7263703,2315,2427,0,Main.b.txQueue,buffer_utilization,1,number,1.0000000000000000e+0,14000000000,,,b:280,,,
1,28fc35f2-f19a-4bac-a5b9-dd79e7263703,2316,2427,1,Main.b.txQueue,queue_length,count,integer,2,14000000000,,,b:280,,,
1,28fc35f2-f19a-4bac-a5b9-dd79e7263703,2317,2428,0,Main.c.txQueue,buffer_utilization,1,number,1.0000000000000000e+0,14000000000,,,c:280,,,
1,28fc35f2-f19a-4bac-a5b9-dd79e7263703,2318,2428,1,Main.c.txQueue,queue_length,count,integer,2,14000000000,,,c:280,,,
1,28fc35f2-f19a-4bac-a5b9-dd79e7263703,2319,2433,0,Main.a.txQueue,buffer_utilization,1,number,1.0000000000000000e+0,14050000000,,,a:281,,,
1,28fc35f2-f19a-4bac-a5b9-dd79e7263703,2320,2433,1,Main.a.txQueue,queue_length,count,integer,2,14050000000,,,a:281,,,
1,28fc35f2-f19a-4bac-a5b9-dd79e7263703,2321,2434,0,Main.b.txQueue,buffer_utilization,1,number,1.0000000000000000e+0,14050000000,,,b:281,,,
1,28fc35f2-f19a-4bac-a5b9-dd79e7263703,2322,2434,1,Main.b.txQueue,queue_length,count,integer,2,14050000000,,,b:281,,,
1,28fc35f2-f19a-4bac-a5b9-dd79e7263703,2323,2435,0,Main.c.txQueue,buffer_utilization,1,number,1.0000000000000000e+0,14050000000,,,c:281,,,
1,28fc35f2-f19a-4bac-a5b9-dd79e7263703,2324,2435,1,Main.c.txQueue,queue_length,count,integer,2,14050000000,,,c:281,,,
1,28fc35f2-f19a-4bac-a5b9-dd79e7263703,2325,2440,0,Main.a.txQueue,buffer_utilization,1,number,1.0000000000000000e+0,14100000000,,,a:282,,,
1,28fc35f2-f19a-4bac-a5b9-dd79e7263703,2326,2440,1,Main.a.txQueue,queue_length,count,integer,2,14100000000,,,a:282,,,
1,28fc35f2-f19a-4bac-a5b9-dd79e7263703,2327,2441,0,Main.b.txQueue,buffer_utilization,1,number,1.0000000000000000e+0,14100000000,,,b:282,,,
1,28fc35f2-f19a-4bac-a5b9-dd79e7263703,2328,2441,1,Main.b.txQueue,queue_length,count,integer,2,14100000000,,,b:282,,,
1,28fc35f2-f19a-4bac-a5b9-dd79e7263703,2329,2442,0,Main.c.txQueue,buffer_utilization,1,number,1.0000000000000000e+0,14100000000,,,c:282,,,
1,28fc35f2-f19a-4bac-a5b9-dd79e7263703,2330,2442,1,Main.c.txQueue,queue_length,count,integer,2,14100000000,,,c:282,,,
1,28fc35f2-f19a-4bac-a5b9-dd79e7263703,2331,2412,0,Main.bus,transfer_ps,ps,integer,238000000,14146000000,,,a:269,,,
1,28fc35f2-f19a-4bac-a5b9-dd79e7263703,2332,2445,0,Main.b,delivery_ps,ps,integer,696000000,14146000000,,,a:269,Main.b,,
1,28fc35f2-f19a-4bac-a5b9-dd79e7263703,2333,2446,0,Main.c,delivery_ps,ps,integer,696000000,14146000000,,,a:269,Main.c,,
1,28fc35f2-f19a-4bac-a5b9-dd79e7263703,2334,2451,0,Main.a.txQueue,buffer_utilization,1,number,1.0000000000000000e+0,14150000000,,,a:283,,,
1,28fc35f2-f19a-4bac-a5b9-dd79e7263703,2335,2451,1,Main.a.txQueue,queue_length,count,integer,2,14150000000,,,a:283,,,
1,28fc35f2-f19a-4bac-a5b9-dd79e7263703,2336,2452,0,Main.b.txQueue,buffer_utilization,1,number,1.0000000000000000e+0,14150000000,,,b:283,,,
1,28fc35f2-f19a-4bac-a5b9-dd79e7263703,2337,2452,1,Main.b.txQueue,queue_length,count,integer,2,14150000000,,,b:283,,,
1,28fc35f2-f19a-4bac-a5b9-dd79e7263703,2338,2453,0,Main.c.txQueue,buffer_utilization,1,number,1.0000000000000000e+0,14150000000,,,c:283,,,
1,28fc35f2-f19a-4bac-a5b9-dd79e7263703,2339,2453,1,Main.c.txQueue,queue_length,count,integer,2,14150000000,,,c:283,,,
1,28fc35f2-f19a-4bac-a5b9-dd79e7263703,2340,2454,0,Main.a,arbitration_wait_ps,ps,integer,452000000,14152000000,,,a:274,,,
1,28fc35f2-f19a-4bac-a5b9-dd79e7263703,2341,2454,1,Main.a,tx_wait_ps,ps,integer,452000000,14152000000,,,a:274,,,
1,28fc35f2-f19a-4bac-a5b9-dd79e7263703,2342,2454,2,Main.a.txQueue,buffer_utilization,1,number,5.0000000000000000e-1,14152000000,,,a:274,,,
1,28fc35f2-f19a-4bac-a5b9-dd79e7263703,2343,2454,3,Main.a.txQueue,queue_length,count,integer,1,14152000000,,,a:274,,,
1,28fc35f2-f19a-4bac-a5b9-dd79e7263703,2344,2461,0,Main.a.txQueue,buffer_utilization,1,number,1.0000000000000000e+0,14200000000,,,a:284,,,
1,28fc35f2-f19a-4bac-a5b9-dd79e7263703,2345,2461,1,Main.a.txQueue,queue_length,count,integer,2,14200000000,,,a:284,,,
1,28fc35f2-f19a-4bac-a5b9-dd79e7263703,2346,2462,0,Main.b.txQueue,buffer_utilization,1,number,1.0000000000000000e+0,14200000000,,,b:284,,,
1,28fc35f2-f19a-4bac-a5b9-dd79e7263703,2347,2462,1,Main.b.txQueue,queue_length,count,integer,2,14200000000,,,b:284,,,
1,28fc35f2-f19a-4bac-a5b9-dd79e7263703,2348,2463,0,Main.c.txQueue,buffer_utilization,1,number,1.0000000000000000e+0,14200000000,,,c:284,,,
1,28fc35f2-f19a-4bac-a5b9-dd79e7263703,2349,2463,1,Main.c.txQueue,queue_length,count,integer,2,14200000000,,,c:284,,,
1,28fc35f2-f19a-4bac-a5b9-dd79e7263703,2350,2469,0,Main.a.txQueue,buffer_utilization,1,number,1.0000000000000000e+0,14250000000,,,a:285,,,
1,28fc35f2-f19a-4bac-a5b9-dd79e7263703,2351,2469,1,Main.a.txQueue,queue_length,count,integer,2,14250000000,,,a:285,,,
1,28fc35f2-f19a-4bac-a5b9-dd79e7263703,2352,2470,0,Main.b.txQueue,buffer_utilization,1,number,1.0000000000000000e+0,14250000000,,,b:285,,,
1,28fc35f2-f19a-4bac-a5b9-dd79e7263703,2353,2470,1,Main.b.txQueue,queue_length,count,integer,2,14250000000,,,b:285,,,
1,28fc35f2-f19a-4bac-a5b9-dd79e7263703,2354,2471,0,Main.c.txQueue,buffer_utilization,1,number,1.0000000000000000e+0,14250000000,,,c:285,,,
1,28fc35f2-f19a-4bac-a5b9-dd79e7263703,2355,2471,1,Main.c.txQueue,queue_length,count,integer,2,14250000000,,,c:285,,,
1,28fc35f2-f19a-4bac-a5b9-dd79e7263703,2356,2476,0,Main.a.txQueue,buffer_utilization,1,number,1.0000000000000000e+0,14300000000,,,a:286,,,
1,28fc35f2-f19a-4bac-a5b9-dd79e7263703,2357,2476,1,Main.a.txQueue,queue_length,count,integer,2,14300000000,,,a:286,,,
1,28fc35f2-f19a-4bac-a5b9-dd79e7263703,2358,2477,0,Main.b.txQueue,buffer_utilization,1,number,1.0000000000000000e+0,14300000000,,,b:286,,,
1,28fc35f2-f19a-4bac-a5b9-dd79e7263703,2359,2477,1,Main.b.txQueue,queue_length,count,integer,2,14300000000,,,b:286,,,
1,28fc35f2-f19a-4bac-a5b9-dd79e7263703,2360,2478,0,Main.c.txQueue,buffer_utilization,1,number,1.0000000000000000e+0,14300000000,,,c:286,,,
1,28fc35f2-f19a-4bac-a5b9-dd79e7263703,2361,2478,1,Main.c.txQueue,queue_length,count,integer,2,14300000000,,,c:286,,,
1,28fc35f2-f19a-4bac-a5b9-dd79e7263703,2362,2483,0,Main.a.txQueue,buffer_utilization,1,number,1.0000000000000000e+0,14350000000,,,a:287,,,
1,28fc35f2-f19a-4bac-a5b9-dd79e7263703,2363,2483,1,Main.a.txQueue,queue_length,count,integer,2,14350000000,,,a:287,,,
1,28fc35f2-f19a-4bac-a5b9-dd79e7263703,2364,2484,0,Main.b.txQueue,buffer_utilization,1,number,1.0000000000000000e+0,14350000000,,,b:287,,,
1,28fc35f2-f19a-4bac-a5b9-dd79e7263703,2365,2484,1,Main.b.txQueue,queue_length,count,integer,2,14350000000,,,b:287,,,
1,28fc35f2-f19a-4bac-a5b9-dd79e7263703,2366,2485,0,Main.c.txQueue,buffer_utilization,1,number,1.0000000000000000e+0,14350000000,,,c:287,,,
1,28fc35f2-f19a-4bac-a5b9-dd79e7263703,2367,2485,1,Main.c.txQueue,queue_length,count,integer,2,14350000000,,,c:287,,,
1,28fc35f2-f19a-4bac-a5b9-dd79e7263703,2368,2455,0,Main.bus,transfer_ps,ps,integer,238000000,14390000000,,,a:274,,,
1,28fc35f2-f19a-4bac-a5b9-dd79e7263703,2369,2488,0,Main.b,delivery_ps,ps,integer,690000000,14390000000,,,a:274,Main.b,,
1,28fc35f2-f19a-4bac-a5b9-dd79e7263703,2370,2489,0,Main.c,delivery_ps,ps,integer,690000000,14390000000,,,a:274,Main.c,,
1,28fc35f2-f19a-4bac-a5b9-dd79e7263703,2371,2490,0,Main.a,arbitration_wait_ps,ps,integer,446000000,14396000000,,,a:279,,,
1,28fc35f2-f19a-4bac-a5b9-dd79e7263703,2372,2490,1,Main.a,tx_wait_ps,ps,integer,446000000,14396000000,,,a:279,,,
1,28fc35f2-f19a-4bac-a5b9-dd79e7263703,2373,2490,2,Main.a.txQueue,buffer_utilization,1,number,5.0000000000000000e-1,14396000000,,,a:279,,,
1,28fc35f2-f19a-4bac-a5b9-dd79e7263703,2374,2490,3,Main.a.txQueue,queue_length,count,integer,1,14396000000,,,a:279,,,
1,28fc35f2-f19a-4bac-a5b9-dd79e7263703,2375,2497,0,Main.a.txQueue,buffer_utilization,1,number,1.0000000000000000e+0,14400000000,,,a:288,,,
1,28fc35f2-f19a-4bac-a5b9-dd79e7263703,2376,2497,1,Main.a.txQueue,queue_length,count,integer,2,14400000000,,,a:288,,,
1,28fc35f2-f19a-4bac-a5b9-dd79e7263703,2377,2498,0,Main.b.txQueue,buffer_utilization,1,number,1.0000000000000000e+0,14400000000,,,b:288,,,
1,28fc35f2-f19a-4bac-a5b9-dd79e7263703,2378,2498,1,Main.b.txQueue,queue_length,count,integer,2,14400000000,,,b:288,,,
1,28fc35f2-f19a-4bac-a5b9-dd79e7263703,2379,2499,0,Main.c.txQueue,buffer_utilization,1,number,1.0000000000000000e+0,14400000000,,,c:288,,,
1,28fc35f2-f19a-4bac-a5b9-dd79e7263703,2380,2499,1,Main.c.txQueue,queue_length,count,integer,2,14400000000,,,c:288,,,
1,28fc35f2-f19a-4bac-a5b9-dd79e7263703,2381,2505,0,Main.a.txQueue,buffer_utilization,1,number,1.0000000000000000e+0,14450000000,,,a:289,,,
1,28fc35f2-f19a-4bac-a5b9-dd79e7263703,2382,2505,1,Main.a.txQueue,queue_length,count,integer,2,14450000000,,,a:289,,,
1,28fc35f2-f19a-4bac-a5b9-dd79e7263703,2383,2506,0,Main.b.txQueue,buffer_utilization,1,number,1.0000000000000000e+0,14450000000,,,b:289,,,
1,28fc35f2-f19a-4bac-a5b9-dd79e7263703,2384,2506,1,Main.b.txQueue,queue_length,count,integer,2,14450000000,,,b:289,,,
1,28fc35f2-f19a-4bac-a5b9-dd79e7263703,2385,2507,0,Main.c.txQueue,buffer_utilization,1,number,1.0000000000000000e+0,14450000000,,,c:289,,,
1,28fc35f2-f19a-4bac-a5b9-dd79e7263703,2386,2507,1,Main.c.txQueue,queue_length,count,integer,2,14450000000,,,c:289,,,
1,28fc35f2-f19a-4bac-a5b9-dd79e7263703,2387,2512,0,Main.a.txQueue,buffer_utilization,1,number,1.0000000000000000e+0,14500000000,,,a:290,,,
1,28fc35f2-f19a-4bac-a5b9-dd79e7263703,2388,2512,1,Main.a.txQueue,queue_length,count,integer,2,14500000000,,,a:290,,,
1,28fc35f2-f19a-4bac-a5b9-dd79e7263703,2389,2513,0,Main.b.txQueue,buffer_utilization,1,number,1.0000000000000000e+0,14500000000,,,b:290,,,
1,28fc35f2-f19a-4bac-a5b9-dd79e7263703,2390,2513,1,Main.b.txQueue,queue_length,count,integer,2,14500000000,,,b:290,,,
1,28fc35f2-f19a-4bac-a5b9-dd79e7263703,2391,2514,0,Main.c.txQueue,buffer_utilization,1,number,1.0000000000000000e+0,14500000000,,,c:290,,,
1,28fc35f2-f19a-4bac-a5b9-dd79e7263703,2392,2514,1,Main.c.txQueue,queue_length,count,integer,2,14500000000,,,c:290,,,
1,28fc35f2-f19a-4bac-a5b9-dd79e7263703,2393,2519,0,Main.a.txQueue,buffer_utilization,1,number,1.0000000000000000e+0,14550000000,,,a:291,,,
1,28fc35f2-f19a-4bac-a5b9-dd79e7263703,2394,2519,1,Main.a.txQueue,queue_length,count,integer,2,14550000000,,,a:291,,,
1,28fc35f2-f19a-4bac-a5b9-dd79e7263703,2395,2520,0,Main.b.txQueue,buffer_utilization,1,number,1.0000000000000000e+0,14550000000,,,b:291,,,
1,28fc35f2-f19a-4bac-a5b9-dd79e7263703,2396,2520,1,Main.b.txQueue,queue_length,count,integer,2,14550000000,,,b:291,,,
1,28fc35f2-f19a-4bac-a5b9-dd79e7263703,2397,2521,0,Main.c.txQueue,buffer_utilization,1,number,1.0000000000000000e+0,14550000000,,,c:291,,,
1,28fc35f2-f19a-4bac-a5b9-dd79e7263703,2398,2521,1,Main.c.txQueue,queue_length,count,integer,2,14550000000,,,c:291,,,
1,28fc35f2-f19a-4bac-a5b9-dd79e7263703,2399,2526,0,Main.a.txQueue,buffer_utilization,1,number,1.0000000000000000e+0,14600000000,,,a:292,,,
1,28fc35f2-f19a-4bac-a5b9-dd79e7263703,2400,2526,1,Main.a.txQueue,queue_length,count,integer,2,14600000000,,,a:292,,,
1,28fc35f2-f19a-4bac-a5b9-dd79e7263703,2401,2527,0,Main.b.txQueue,buffer_utilization,1,number,1.0000000000000000e+0,14600000000,,,b:292,,,
1,28fc35f2-f19a-4bac-a5b9-dd79e7263703,2402,2527,1,Main.b.txQueue,queue_length,count,integer,2,14600000000,,,b:292,,,
1,28fc35f2-f19a-4bac-a5b9-dd79e7263703,2403,2528,0,Main.c.txQueue,buffer_utilization,1,number,1.0000000000000000e+0,14600000000,,,c:292,,,
1,28fc35f2-f19a-4bac-a5b9-dd79e7263703,2404,2528,1,Main.c.txQueue,queue_length,count,integer,2,14600000000,,,c:292,,,
1,28fc35f2-f19a-4bac-a5b9-dd79e7263703,2405,2491,0,Main.bus,transfer_ps,ps,integer,238000000,14634000000,,,a:279,,,
1,28fc35f2-f19a-4bac-a5b9-dd79e7263703,2406,2531,0,Main.b,delivery_ps,ps,integer,684000000,14634000000,,,a:279,Main.b,,
1,28fc35f2-f19a-4bac-a5b9-dd79e7263703,2407,2532,0,Main.c,delivery_ps,ps,integer,684000000,14634000000,,,a:279,Main.c,,
1,28fc35f2-f19a-4bac-a5b9-dd79e7263703,2408,2533,0,Main.a,arbitration_wait_ps,ps,integer,440000000,14640000000,,,a:284,,,
1,28fc35f2-f19a-4bac-a5b9-dd79e7263703,2409,2533,1,Main.a,tx_wait_ps,ps,integer,440000000,14640000000,,,a:284,,,
1,28fc35f2-f19a-4bac-a5b9-dd79e7263703,2410,2533,2,Main.a.txQueue,buffer_utilization,1,number,5.0000000000000000e-1,14640000000,,,a:284,,,
1,28fc35f2-f19a-4bac-a5b9-dd79e7263703,2411,2533,3,Main.a.txQueue,queue_length,count,integer,1,14640000000,,,a:284,,,
1,28fc35f2-f19a-4bac-a5b9-dd79e7263703,2412,2540,0,Main.a.txQueue,buffer_utilization,1,number,1.0000000000000000e+0,14650000000,,,a:293,,,
1,28fc35f2-f19a-4bac-a5b9-dd79e7263703,2413,2540,1,Main.a.txQueue,queue_length,count,integer,2,14650000000,,,a:293,,,
1,28fc35f2-f19a-4bac-a5b9-dd79e7263703,2414,2541,0,Main.b.txQueue,buffer_utilization,1,number,1.0000000000000000e+0,14650000000,,,b:293,,,
1,28fc35f2-f19a-4bac-a5b9-dd79e7263703,2415,2541,1,Main.b.txQueue,queue_length,count,integer,2,14650000000,,,b:293,,,
1,28fc35f2-f19a-4bac-a5b9-dd79e7263703,2416,2542,0,Main.c.txQueue,buffer_utilization,1,number,1.0000000000000000e+0,14650000000,,,c:293,,,
1,28fc35f2-f19a-4bac-a5b9-dd79e7263703,2417,2542,1,Main.c.txQueue,queue_length,count,integer,2,14650000000,,,c:293,,,
1,28fc35f2-f19a-4bac-a5b9-dd79e7263703,2418,2548,0,Main.a.txQueue,buffer_utilization,1,number,1.0000000000000000e+0,14700000000,,,a:294,,,
1,28fc35f2-f19a-4bac-a5b9-dd79e7263703,2419,2548,1,Main.a.txQueue,queue_length,count,integer,2,14700000000,,,a:294,,,
1,28fc35f2-f19a-4bac-a5b9-dd79e7263703,2420,2549,0,Main.b.txQueue,buffer_utilization,1,number,1.0000000000000000e+0,14700000000,,,b:294,,,
1,28fc35f2-f19a-4bac-a5b9-dd79e7263703,2421,2549,1,Main.b.txQueue,queue_length,count,integer,2,14700000000,,,b:294,,,
1,28fc35f2-f19a-4bac-a5b9-dd79e7263703,2422,2550,0,Main.c.txQueue,buffer_utilization,1,number,1.0000000000000000e+0,14700000000,,,c:294,,,
1,28fc35f2-f19a-4bac-a5b9-dd79e7263703,2423,2550,1,Main.c.txQueue,queue_length,count,integer,2,14700000000,,,c:294,,,
1,28fc35f2-f19a-4bac-a5b9-dd79e7263703,2424,2555,0,Main.a.txQueue,buffer_utilization,1,number,1.0000000000000000e+0,14750000000,,,a:295,,,
1,28fc35f2-f19a-4bac-a5b9-dd79e7263703,2425,2555,1,Main.a.txQueue,queue_length,count,integer,2,14750000000,,,a:295,,,
1,28fc35f2-f19a-4bac-a5b9-dd79e7263703,2426,2556,0,Main.b.txQueue,buffer_utilization,1,number,1.0000000000000000e+0,14750000000,,,b:295,,,
1,28fc35f2-f19a-4bac-a5b9-dd79e7263703,2427,2556,1,Main.b.txQueue,queue_length,count,integer,2,14750000000,,,b:295,,,
1,28fc35f2-f19a-4bac-a5b9-dd79e7263703,2428,2557,0,Main.c.txQueue,buffer_utilization,1,number,1.0000000000000000e+0,14750000000,,,c:295,,,
1,28fc35f2-f19a-4bac-a5b9-dd79e7263703,2429,2557,1,Main.c.txQueue,queue_length,count,integer,2,14750000000,,,c:295,,,
1,28fc35f2-f19a-4bac-a5b9-dd79e7263703,2430,2562,0,Main.a.txQueue,buffer_utilization,1,number,1.0000000000000000e+0,14800000000,,,a:296,,,
1,28fc35f2-f19a-4bac-a5b9-dd79e7263703,2431,2562,1,Main.a.txQueue,queue_length,count,integer,2,14800000000,,,a:296,,,
1,28fc35f2-f19a-4bac-a5b9-dd79e7263703,2432,2563,0,Main.b.txQueue,buffer_utilization,1,number,1.0000000000000000e+0,14800000000,,,b:296,,,
1,28fc35f2-f19a-4bac-a5b9-dd79e7263703,2433,2563,1,Main.b.txQueue,queue_length,count,integer,2,14800000000,,,b:296,,,
1,28fc35f2-f19a-4bac-a5b9-dd79e7263703,2434,2564,0,Main.c.txQueue,buffer_utilization,1,number,1.0000000000000000e+0,14800000000,,,c:296,,,
1,28fc35f2-f19a-4bac-a5b9-dd79e7263703,2435,2564,1,Main.c.txQueue,queue_length,count,integer,2,14800000000,,,c:296,,,
1,28fc35f2-f19a-4bac-a5b9-dd79e7263703,2436,2569,0,Main.a.txQueue,buffer_utilization,1,number,1.0000000000000000e+0,14850000000,,,a:297,,,
1,28fc35f2-f19a-4bac-a5b9-dd79e7263703,2437,2569,1,Main.a.txQueue,queue_length,count,integer,2,14850000000,,,a:297,,,
1,28fc35f2-f19a-4bac-a5b9-dd79e7263703,2438,2570,0,Main.b.txQueue,buffer_utilization,1,number,1.0000000000000000e+0,14850000000,,,b:297,,,
1,28fc35f2-f19a-4bac-a5b9-dd79e7263703,2439,2570,1,Main.b.txQueue,queue_length,count,integer,2,14850000000,,,b:297,,,
1,28fc35f2-f19a-4bac-a5b9-dd79e7263703,2440,2571,0,Main.c.txQueue,buffer_utilization,1,number,1.0000000000000000e+0,14850000000,,,c:297,,,
1,28fc35f2-f19a-4bac-a5b9-dd79e7263703,2441,2571,1,Main.c.txQueue,queue_length,count,integer,2,14850000000,,,c:297,,,
1,28fc35f2-f19a-4bac-a5b9-dd79e7263703,2442,2534,0,Main.bus,transfer_ps,ps,integer,238000000,14878000000,,,a:284,,,
1,28fc35f2-f19a-4bac-a5b9-dd79e7263703,2443,2574,0,Main.b,delivery_ps,ps,integer,678000000,14878000000,,,a:284,Main.b,,
1,28fc35f2-f19a-4bac-a5b9-dd79e7263703,2444,2575,0,Main.c,delivery_ps,ps,integer,678000000,14878000000,,,a:284,Main.c,,
1,28fc35f2-f19a-4bac-a5b9-dd79e7263703,2445,2576,0,Main.a,arbitration_wait_ps,ps,integer,484000000,14884000000,,,a:288,,,
1,28fc35f2-f19a-4bac-a5b9-dd79e7263703,2446,2576,1,Main.a,tx_wait_ps,ps,integer,484000000,14884000000,,,a:288,,,
1,28fc35f2-f19a-4bac-a5b9-dd79e7263703,2447,2576,2,Main.a.txQueue,buffer_utilization,1,number,5.0000000000000000e-1,14884000000,,,a:288,,,
1,28fc35f2-f19a-4bac-a5b9-dd79e7263703,2448,2576,3,Main.a.txQueue,queue_length,count,integer,1,14884000000,,,a:288,,,
1,28fc35f2-f19a-4bac-a5b9-dd79e7263703,2449,2583,0,Main.a.txQueue,buffer_utilization,1,number,1.0000000000000000e+0,14900000000,,,a:298,,,
1,28fc35f2-f19a-4bac-a5b9-dd79e7263703,2450,2583,1,Main.a.txQueue,queue_length,count,integer,2,14900000000,,,a:298,,,
1,28fc35f2-f19a-4bac-a5b9-dd79e7263703,2451,2584,0,Main.b.txQueue,buffer_utilization,1,number,1.0000000000000000e+0,14900000000,,,b:298,,,
1,28fc35f2-f19a-4bac-a5b9-dd79e7263703,2452,2584,1,Main.b.txQueue,queue_length,count,integer,2,14900000000,,,b:298,,,
1,28fc35f2-f19a-4bac-a5b9-dd79e7263703,2453,2585,0,Main.c.txQueue,buffer_utilization,1,number,1.0000000000000000e+0,14900000000,,,c:298,,,
1,28fc35f2-f19a-4bac-a5b9-dd79e7263703,2454,2585,1,Main.c.txQueue,queue_length,count,integer,2,14900000000,,,c:298,,,
1,28fc35f2-f19a-4bac-a5b9-dd79e7263703,2455,2591,0,Main.a.txQueue,buffer_utilization,1,number,1.0000000000000000e+0,14950000000,,,a:299,,,
1,28fc35f2-f19a-4bac-a5b9-dd79e7263703,2456,2591,1,Main.a.txQueue,queue_length,count,integer,2,14950000000,,,a:299,,,
1,28fc35f2-f19a-4bac-a5b9-dd79e7263703,2457,2592,0,Main.b.txQueue,buffer_utilization,1,number,1.0000000000000000e+0,14950000000,,,b:299,,,
1,28fc35f2-f19a-4bac-a5b9-dd79e7263703,2458,2592,1,Main.b.txQueue,queue_length,count,integer,2,14950000000,,,b:299,,,
1,28fc35f2-f19a-4bac-a5b9-dd79e7263703,2459,2593,0,Main.c.txQueue,buffer_utilization,1,number,1.0000000000000000e+0,14950000000,,,c:299,,,
1,28fc35f2-f19a-4bac-a5b9-dd79e7263703,2460,2593,1,Main.c.txQueue,queue_length,count,integer,2,14950000000,,,c:299,,,
1,28fc35f2-f19a-4bac-a5b9-dd79e7263703,2461,,,Main.a,received_payload_bits,bit,integer,0,,14000000000,15000000000,,Main.a,,
1,28fc35f2-f19a-4bac-a5b9-dd79e7263703,2462,,,Main.a,received_throughput_bps,bit/s,number,0.0000000000000000e+0,,14000000000,15000000000,,Main.a,,
1,28fc35f2-f19a-4bac-a5b9-dd79e7263703,2463,,,Main.a.txQueue,buffer_utilization_mean,1,number,9.6099999999999997e-1,,14000000000,15000000000,,,,
1,28fc35f2-f19a-4bac-a5b9-dd79e7263703,2464,,,Main.b,received_payload_bits,bit,integer,256,,14000000000,15000000000,,Main.b,,
1,28fc35f2-f19a-4bac-a5b9-dd79e7263703,2465,,,Main.b,received_throughput_bps,bit/s,number,2.5600000000000000e+5,,14000000000,15000000000,,Main.b,,
1,28fc35f2-f19a-4bac-a5b9-dd79e7263703,2466,,,Main.b.txQueue,buffer_utilization_mean,1,number,1.0000000000000000e+0,,14000000000,15000000000,,,,
1,28fc35f2-f19a-4bac-a5b9-dd79e7263703,2467,,,Main.bus,bus_utilization,1,number,1.0000000000000000e+0,,14000000000,15000000000,,,,
1,28fc35f2-f19a-4bac-a5b9-dd79e7263703,2468,,,Main.bus,frame_utilization,1,number,9.7599999999999998e-1,,14000000000,15000000000,,,,
1,28fc35f2-f19a-4bac-a5b9-dd79e7263703,2469,,,Main.bus,occupied_bits,bit,integer,488,,14000000000,15000000000,,,,
1,28fc35f2-f19a-4bac-a5b9-dd79e7263703,2470,,,Main.bus,payload_bits,bit,integer,256,,14000000000,15000000000,,,,
1,28fc35f2-f19a-4bac-a5b9-dd79e7263703,2471,,,Main.bus,payload_throughput_bps,bit/s,number,2.5600000000000000e+5,,14000000000,15000000000,,,,
1,28fc35f2-f19a-4bac-a5b9-dd79e7263703,2472,,,Main.bus,serialized_bits,bit,integer,476,,14000000000,15000000000,,,,
1,28fc35f2-f19a-4bac-a5b9-dd79e7263703,2473,,,Main.bus,serialized_throughput_bps,bit/s,number,4.7600000000000000e+5,,14000000000,15000000000,,,,
1,28fc35f2-f19a-4bac-a5b9-dd79e7263703,2474,,,Main.c,received_payload_bits,bit,integer,256,,14000000000,15000000000,,Main.c,,
1,28fc35f2-f19a-4bac-a5b9-dd79e7263703,2475,,,Main.c,received_throughput_bps,bit/s,number,2.5600000000000000e+5,,14000000000,15000000000,,Main.c,,
1,28fc35f2-f19a-4bac-a5b9-dd79e7263703,2476,,,Main.c.txQueue,buffer_utilization_mean,1,number,1.0000000000000000e+0,,14000000000,15000000000,,,,
1,28fc35f2-f19a-4bac-a5b9-dd79e7263703,2477,2598,0,Main.a.txQueue,buffer_utilization,1,number,1.0000000000000000e+0,15000000000,,,a:300,,,
1,28fc35f2-f19a-4bac-a5b9-dd79e7263703,2478,2598,1,Main.a.txQueue,queue_length,count,integer,2,15000000000,,,a:300,,,
1,28fc35f2-f19a-4bac-a5b9-dd79e7263703,2479,2599,0,Main.b.txQueue,buffer_utilization,1,number,1.0000000000000000e+0,15000000000,,,b:300,,,
1,28fc35f2-f19a-4bac-a5b9-dd79e7263703,2480,2599,1,Main.b.txQueue,queue_length,count,integer,2,15000000000,,,b:300,,,
1,28fc35f2-f19a-4bac-a5b9-dd79e7263703,2481,2600,0,Main.c.txQueue,buffer_utilization,1,number,1.0000000000000000e+0,15000000000,,,c:300,,,
1,28fc35f2-f19a-4bac-a5b9-dd79e7263703,2482,2600,1,Main.c.txQueue,queue_length,count,integer,2,15000000000,,,c:300,,,
1,28fc35f2-f19a-4bac-a5b9-dd79e7263703,2483,2605,0,Main.a.txQueue,buffer_utilization,1,number,1.0000000000000000e+0,15050000000,,,a:301,,,
1,28fc35f2-f19a-4bac-a5b9-dd79e7263703,2484,2605,1,Main.a.txQueue,queue_length,count,integer,2,15050000000,,,a:301,,,
1,28fc35f2-f19a-4bac-a5b9-dd79e7263703,2485,2606,0,Main.b.txQueue,buffer_utilization,1,number,1.0000000000000000e+0,15050000000,,,b:301,,,
1,28fc35f2-f19a-4bac-a5b9-dd79e7263703,2486,2606,1,Main.b.txQueue,queue_length,count,integer,2,15050000000,,,b:301,,,
1,28fc35f2-f19a-4bac-a5b9-dd79e7263703,2487,2607,0,Main.c.txQueue,buffer_utilization,1,number,1.0000000000000000e+0,15050000000,,,c:301,,,
1,28fc35f2-f19a-4bac-a5b9-dd79e7263703,2488,2607,1,Main.c.txQueue,queue_length,count,integer,2,15050000000,,,c:301,,,
1,28fc35f2-f19a-4bac-a5b9-dd79e7263703,2489,2612,0,Main.a.txQueue,buffer_utilization,1,number,1.0000000000000000e+0,15100000000,,,a:302,,,
1,28fc35f2-f19a-4bac-a5b9-dd79e7263703,2490,2612,1,Main.a.txQueue,queue_length,count,integer,2,15100000000,,,a:302,,,
1,28fc35f2-f19a-4bac-a5b9-dd79e7263703,2491,2613,0,Main.b.txQueue,buffer_utilization,1,number,1.0000000000000000e+0,15100000000,,,b:302,,,
1,28fc35f2-f19a-4bac-a5b9-dd79e7263703,2492,2613,1,Main.b.txQueue,queue_length,count,integer,2,15100000000,,,b:302,,,
1,28fc35f2-f19a-4bac-a5b9-dd79e7263703,2493,2614,0,Main.c.txQueue,buffer_utilization,1,number,1.0000000000000000e+0,15100000000,,,c:302,,,
1,28fc35f2-f19a-4bac-a5b9-dd79e7263703,2494,2614,1,Main.c.txQueue,queue_length,count,integer,2,15100000000,,,c:302,,,
1,28fc35f2-f19a-4bac-a5b9-dd79e7263703,2495,2577,0,Main.bus,transfer_ps,ps,integer,238000000,15122000000,,,a:288,,,
1,28fc35f2-f19a-4bac-a5b9-dd79e7263703,2496,2617,0,Main.b,delivery_ps,ps,integer,722000000,15122000000,,,a:288,Main.b,,
1,28fc35f2-f19a-4bac-a5b9-dd79e7263703,2497,2618,0,Main.c,delivery_ps,ps,integer,722000000,15122000000,,,a:288,Main.c,,
1,28fc35f2-f19a-4bac-a5b9-dd79e7263703,2498,2619,0,Main.a,arbitration_wait_ps,ps,integer,478000000,15128000000,,,a:293,,,
1,28fc35f2-f19a-4bac-a5b9-dd79e7263703,2499,2619,1,Main.a,tx_wait_ps,ps,integer,478000000,15128000000,,,a:293,,,
1,28fc35f2-f19a-4bac-a5b9-dd79e7263703,2500,2619,2,Main.a.txQueue,buffer_utilization,1,number,5.0000000000000000e-1,15128000000,,,a:293,,,
1,28fc35f2-f19a-4bac-a5b9-dd79e7263703,2501,2619,3,Main.a.txQueue,queue_length,count,integer,1,15128000000,,,a:293,,,
1,28fc35f2-f19a-4bac-a5b9-dd79e7263703,2502,2626,0,Main.a.txQueue,buffer_utilization,1,number,1.0000000000000000e+0,15150000000,,,a:303,,,
1,28fc35f2-f19a-4bac-a5b9-dd79e7263703,2503,2626,1,Main.a.txQueue,queue_length,count,integer,2,15150000000,,,a:303,,,
1,28fc35f2-f19a-4bac-a5b9-dd79e7263703,2504,2627,0,Main.b.txQueue,buffer_utilization,1,number,1.0000000000000000e+0,15150000000,,,b:303,,,
1,28fc35f2-f19a-4bac-a5b9-dd79e7263703,2505,2627,1,Main.b.txQueue,queue_length,count,integer,2,15150000000,,,b:303,,,
1,28fc35f2-f19a-4bac-a5b9-dd79e7263703,2506,2628,0,Main.c.txQueue,buffer_utilization,1,number,1.0000000000000000e+0,15150000000,,,c:303,,,
1,28fc35f2-f19a-4bac-a5b9-dd79e7263703,2507,2628,1,Main.c.txQueue,queue_length,count,integer,2,15150000000,,,c:303,,,
1,28fc35f2-f19a-4bac-a5b9-dd79e7263703,2508,2634,0,Main.a.txQueue,buffer_utilization,1,number,1.0000000000000000e+0,15200000000,,,a:304,,,
1,28fc35f2-f19a-4bac-a5b9-dd79e7263703,2509,2634,1,Main.a.txQueue,queue_length,count,integer,2,15200000000,,,a:304,,,
1,28fc35f2-f19a-4bac-a5b9-dd79e7263703,2510,2635,0,Main.b.txQueue,buffer_utilization,1,number,1.0000000000000000e+0,15200000000,,,b:304,,,
1,28fc35f2-f19a-4bac-a5b9-dd79e7263703,2511,2635,1,Main.b.txQueue,queue_length,count,integer,2,15200000000,,,b:304,,,
1,28fc35f2-f19a-4bac-a5b9-dd79e7263703,2512,2636,0,Main.c.txQueue,buffer_utilization,1,number,1.0000000000000000e+0,15200000000,,,c:304,,,
1,28fc35f2-f19a-4bac-a5b9-dd79e7263703,2513,2636,1,Main.c.txQueue,queue_length,count,integer,2,15200000000,,,c:304,,,
1,28fc35f2-f19a-4bac-a5b9-dd79e7263703,2514,2641,0,Main.a.txQueue,buffer_utilization,1,number,1.0000000000000000e+0,15250000000,,,a:305,,,
1,28fc35f2-f19a-4bac-a5b9-dd79e7263703,2515,2641,1,Main.a.txQueue,queue_length,count,integer,2,15250000000,,,a:305,,,
1,28fc35f2-f19a-4bac-a5b9-dd79e7263703,2516,2642,0,Main.b.txQueue,buffer_utilization,1,number,1.0000000000000000e+0,15250000000,,,b:305,,,
1,28fc35f2-f19a-4bac-a5b9-dd79e7263703,2517,2642,1,Main.b.txQueue,queue_length,count,integer,2,15250000000,,,b:305,,,
1,28fc35f2-f19a-4bac-a5b9-dd79e7263703,2518,2643,0,Main.c.txQueue,buffer_utilization,1,number,1.0000000000000000e+0,15250000000,,,c:305,,,
1,28fc35f2-f19a-4bac-a5b9-dd79e7263703,2519,2643,1,Main.c.txQueue,queue_length,count,integer,2,15250000000,,,c:305,,,
1,28fc35f2-f19a-4bac-a5b9-dd79e7263703,2520,2648,0,Main.a.txQueue,buffer_utilization,1,number,1.0000000000000000e+0,15300000000,,,a:306,,,
1,28fc35f2-f19a-4bac-a5b9-dd79e7263703,2521,2648,1,Main.a.txQueue,queue_length,count,integer,2,15300000000,,,a:306,,,
1,28fc35f2-f19a-4bac-a5b9-dd79e7263703,2522,2649,0,Main.b.txQueue,buffer_utilization,1,number,1.0000000000000000e+0,15300000000,,,b:306,,,
1,28fc35f2-f19a-4bac-a5b9-dd79e7263703,2523,2649,1,Main.b.txQueue,queue_length,count,integer,2,15300000000,,,b:306,,,
1,28fc35f2-f19a-4bac-a5b9-dd79e7263703,2524,2650,0,Main.c.txQueue,buffer_utilization,1,number,1.0000000000000000e+0,15300000000,,,c:306,,,
1,28fc35f2-f19a-4bac-a5b9-dd79e7263703,2525,2650,1,Main.c.txQueue,queue_length,count,integer,2,15300000000,,,c:306,,,
1,28fc35f2-f19a-4bac-a5b9-dd79e7263703,2526,2655,0,Main.a.txQueue,buffer_utilization,1,number,1.0000000000000000e+0,15350000000,,,a:307,,,
1,28fc35f2-f19a-4bac-a5b9-dd79e7263703,2527,2655,1,Main.a.txQueue,queue_length,count,integer,2,15350000000,,,a:307,,,
1,28fc35f2-f19a-4bac-a5b9-dd79e7263703,2528,2656,0,Main.b.txQueue,buffer_utilization,1,number,1.0000000000000000e+0,15350000000,,,b:307,,,
1,28fc35f2-f19a-4bac-a5b9-dd79e7263703,2529,2656,1,Main.b.txQueue,queue_length,count,integer,2,15350000000,,,b:307,,,
1,28fc35f2-f19a-4bac-a5b9-dd79e7263703,2530,2657,0,Main.c.txQueue,buffer_utilization,1,number,1.0000000000000000e+0,15350000000,,,c:307,,,
1,28fc35f2-f19a-4bac-a5b9-dd79e7263703,2531,2657,1,Main.c.txQueue,queue_length,count,integer,2,15350000000,,,c:307,,,
1,28fc35f2-f19a-4bac-a5b9-dd79e7263703,2532,2620,0,Main.bus,transfer_ps,ps,integer,238000000,15366000000,,,a:293,,,
1,28fc35f2-f19a-4bac-a5b9-dd79e7263703,2533,2660,0,Main.b,delivery_ps,ps,integer,716000000,15366000000,,,a:293,Main.b,,
1,28fc35f2-f19a-4bac-a5b9-dd79e7263703,2534,2661,0,Main.c,delivery_ps,ps,integer,716000000,15366000000,,,a:293,Main.c,,
1,28fc35f2-f19a-4bac-a5b9-dd79e7263703,2535,2662,0,Main.a,arbitration_wait_ps,ps,integer,472000000,15372000000,,,a:298,,,
1,28fc35f2-f19a-4bac-a5b9-dd79e7263703,2536,2662,1,Main.a,tx_wait_ps,ps,integer,472000000,15372000000,,,a:298,,,
1,28fc35f2-f19a-4bac-a5b9-dd79e7263703,2537,2662,2,Main.a.txQueue,buffer_utilization,1,number,5.0000000000000000e-1,15372000000,,,a:298,,,
1,28fc35f2-f19a-4bac-a5b9-dd79e7263703,2538,2662,3,Main.a.txQueue,queue_length,count,integer,1,15372000000,,,a:298,,,
1,28fc35f2-f19a-4bac-a5b9-dd79e7263703,2539,2669,0,Main.a.txQueue,buffer_utilization,1,number,1.0000000000000000e+0,15400000000,,,a:308,,,
1,28fc35f2-f19a-4bac-a5b9-dd79e7263703,2540,2669,1,Main.a.txQueue,queue_length,count,integer,2,15400000000,,,a:308,,,
1,28fc35f2-f19a-4bac-a5b9-dd79e7263703,2541,2670,0,Main.b.txQueue,buffer_utilization,1,number,1.0000000000000000e+0,15400000000,,,b:308,,,
1,28fc35f2-f19a-4bac-a5b9-dd79e7263703,2542,2670,1,Main.b.txQueue,queue_length,count,integer,2,15400000000,,,b:308,,,
1,28fc35f2-f19a-4bac-a5b9-dd79e7263703,2543,2671,0,Main.c.txQueue,buffer_utilization,1,number,1.0000000000000000e+0,15400000000,,,c:308,,,
1,28fc35f2-f19a-4bac-a5b9-dd79e7263703,2544,2671,1,Main.c.txQueue,queue_length,count,integer,2,15400000000,,,c:308,,,
1,28fc35f2-f19a-4bac-a5b9-dd79e7263703,2545,2677,0,Main.a.txQueue,buffer_utilization,1,number,1.0000000000000000e+0,15450000000,,,a:309,,,
1,28fc35f2-f19a-4bac-a5b9-dd79e7263703,2546,2677,1,Main.a.txQueue,queue_length,count,integer,2,15450000000,,,a:309,,,
1,28fc35f2-f19a-4bac-a5b9-dd79e7263703,2547,2678,0,Main.b.txQueue,buffer_utilization,1,number,1.0000000000000000e+0,15450000000,,,b:309,,,
1,28fc35f2-f19a-4bac-a5b9-dd79e7263703,2548,2678,1,Main.b.txQueue,queue_length,count,integer,2,15450000000,,,b:309,,,
1,28fc35f2-f19a-4bac-a5b9-dd79e7263703,2549,2679,0,Main.c.txQueue,buffer_utilization,1,number,1.0000000000000000e+0,15450000000,,,c:309,,,
1,28fc35f2-f19a-4bac-a5b9-dd79e7263703,2550,2679,1,Main.c.txQueue,queue_length,count,integer,2,15450000000,,,c:309,,,
1,28fc35f2-f19a-4bac-a5b9-dd79e7263703,2551,2684,0,Main.a.txQueue,buffer_utilization,1,number,1.0000000000000000e+0,15500000000,,,a:310,,,
1,28fc35f2-f19a-4bac-a5b9-dd79e7263703,2552,2684,1,Main.a.txQueue,queue_length,count,integer,2,15500000000,,,a:310,,,
1,28fc35f2-f19a-4bac-a5b9-dd79e7263703,2553,2685,0,Main.b.txQueue,buffer_utilization,1,number,1.0000000000000000e+0,15500000000,,,b:310,,,
1,28fc35f2-f19a-4bac-a5b9-dd79e7263703,2554,2685,1,Main.b.txQueue,queue_length,count,integer,2,15500000000,,,b:310,,,
1,28fc35f2-f19a-4bac-a5b9-dd79e7263703,2555,2686,0,Main.c.txQueue,buffer_utilization,1,number,1.0000000000000000e+0,15500000000,,,c:310,,,
1,28fc35f2-f19a-4bac-a5b9-dd79e7263703,2556,2686,1,Main.c.txQueue,queue_length,count,integer,2,15500000000,,,c:310,,,
1,28fc35f2-f19a-4bac-a5b9-dd79e7263703,2557,2691,0,Main.a.txQueue,buffer_utilization,1,number,1.0000000000000000e+0,15550000000,,,a:311,,,
1,28fc35f2-f19a-4bac-a5b9-dd79e7263703,2558,2691,1,Main.a.txQueue,queue_length,count,integer,2,15550000000,,,a:311,,,
1,28fc35f2-f19a-4bac-a5b9-dd79e7263703,2559,2692,0,Main.b.txQueue,buffer_utilization,1,number,1.0000000000000000e+0,15550000000,,,b:311,,,
1,28fc35f2-f19a-4bac-a5b9-dd79e7263703,2560,2692,1,Main.b.txQueue,queue_length,count,integer,2,15550000000,,,b:311,,,
1,28fc35f2-f19a-4bac-a5b9-dd79e7263703,2561,2693,0,Main.c.txQueue,buffer_utilization,1,number,1.0000000000000000e+0,15550000000,,,c:311,,,
1,28fc35f2-f19a-4bac-a5b9-dd79e7263703,2562,2693,1,Main.c.txQueue,queue_length,count,integer,2,15550000000,,,c:311,,,
1,28fc35f2-f19a-4bac-a5b9-dd79e7263703,2563,2698,0,Main.a.txQueue,buffer_utilization,1,number,1.0000000000000000e+0,15600000000,,,a:312,,,
1,28fc35f2-f19a-4bac-a5b9-dd79e7263703,2564,2698,1,Main.a.txQueue,queue_length,count,integer,2,15600000000,,,a:312,,,
1,28fc35f2-f19a-4bac-a5b9-dd79e7263703,2565,2699,0,Main.b.txQueue,buffer_utilization,1,number,1.0000000000000000e+0,15600000000,,,b:312,,,
1,28fc35f2-f19a-4bac-a5b9-dd79e7263703,2566,2699,1,Main.b.txQueue,queue_length,count,integer,2,15600000000,,,b:312,,,
1,28fc35f2-f19a-4bac-a5b9-dd79e7263703,2567,2700,0,Main.c.txQueue,buffer_utilization,1,number,1.0000000000000000e+0,15600000000,,,c:312,,,
1,28fc35f2-f19a-4bac-a5b9-dd79e7263703,2568,2700,1,Main.c.txQueue,queue_length,count,integer,2,15600000000,,,c:312,,,
1,28fc35f2-f19a-4bac-a5b9-dd79e7263703,2569,2663,0,Main.bus,transfer_ps,ps,integer,238000000,15610000000,,,a:298,,,
1,28fc35f2-f19a-4bac-a5b9-dd79e7263703,2570,2703,0,Main.b,delivery_ps,ps,integer,710000000,15610000000,,,a:298,Main.b,,
1,28fc35f2-f19a-4bac-a5b9-dd79e7263703,2571,2704,0,Main.c,delivery_ps,ps,integer,710000000,15610000000,,,a:298,Main.c,,
1,28fc35f2-f19a-4bac-a5b9-dd79e7263703,2572,2705,0,Main.a,arbitration_wait_ps,ps,integer,466000000,15616000000,,,a:303,,,
1,28fc35f2-f19a-4bac-a5b9-dd79e7263703,2573,2705,1,Main.a,tx_wait_ps,ps,integer,466000000,15616000000,,,a:303,,,
1,28fc35f2-f19a-4bac-a5b9-dd79e7263703,2574,2705,2,Main.a.txQueue,buffer_utilization,1,number,5.0000000000000000e-1,15616000000,,,a:303,,,
1,28fc35f2-f19a-4bac-a5b9-dd79e7263703,2575,2705,3,Main.a.txQueue,queue_length,count,integer,1,15616000000,,,a:303,,,
1,28fc35f2-f19a-4bac-a5b9-dd79e7263703,2576,2712,0,Main.a.txQueue,buffer_utilization,1,number,1.0000000000000000e+0,15650000000,,,a:313,,,
1,28fc35f2-f19a-4bac-a5b9-dd79e7263703,2577,2712,1,Main.a.txQueue,queue_length,count,integer,2,15650000000,,,a:313,,,
1,28fc35f2-f19a-4bac-a5b9-dd79e7263703,2578,2713,0,Main.b.txQueue,buffer_utilization,1,number,1.0000000000000000e+0,15650000000,,,b:313,,,
1,28fc35f2-f19a-4bac-a5b9-dd79e7263703,2579,2713,1,Main.b.txQueue,queue_length,count,integer,2,15650000000,,,b:313,,,
1,28fc35f2-f19a-4bac-a5b9-dd79e7263703,2580,2714,0,Main.c.txQueue,buffer_utilization,1,number,1.0000000000000000e+0,15650000000,,,c:313,,,
1,28fc35f2-f19a-4bac-a5b9-dd79e7263703,2581,2714,1,Main.c.txQueue,queue_length,count,integer,2,15650000000,,,c:313,,,
1,28fc35f2-f19a-4bac-a5b9-dd79e7263703,2582,2720,0,Main.a.txQueue,buffer_utilization,1,number,1.0000000000000000e+0,15700000000,,,a:314,,,
1,28fc35f2-f19a-4bac-a5b9-dd79e7263703,2583,2720,1,Main.a.txQueue,queue_length,count,integer,2,15700000000,,,a:314,,,
1,28fc35f2-f19a-4bac-a5b9-dd79e7263703,2584,2721,0,Main.b.txQueue,buffer_utilization,1,number,1.0000000000000000e+0,15700000000,,,b:314,,,
1,28fc35f2-f19a-4bac-a5b9-dd79e7263703,2585,2721,1,Main.b.txQueue,queue_length,count,integer,2,15700000000,,,b:314,,,
1,28fc35f2-f19a-4bac-a5b9-dd79e7263703,2586,2722,0,Main.c.txQueue,buffer_utilization,1,number,1.0000000000000000e+0,15700000000,,,c:314,,,
1,28fc35f2-f19a-4bac-a5b9-dd79e7263703,2587,2722,1,Main.c.txQueue,queue_length,count,integer,2,15700000000,,,c:314,,,
1,28fc35f2-f19a-4bac-a5b9-dd79e7263703,2588,2727,0,Main.a.txQueue,buffer_utilization,1,number,1.0000000000000000e+0,15750000000,,,a:315,,,
1,28fc35f2-f19a-4bac-a5b9-dd79e7263703,2589,2727,1,Main.a.txQueue,queue_length,count,integer,2,15750000000,,,a:315,,,
1,28fc35f2-f19a-4bac-a5b9-dd79e7263703,2590,2728,0,Main.b.txQueue,buffer_utilization,1,number,1.0000000000000000e+0,15750000000,,,b:315,,,
1,28fc35f2-f19a-4bac-a5b9-dd79e7263703,2591,2728,1,Main.b.txQueue,queue_length,count,integer,2,15750000000,,,b:315,,,
1,28fc35f2-f19a-4bac-a5b9-dd79e7263703,2592,2729,0,Main.c.txQueue,buffer_utilization,1,number,1.0000000000000000e+0,15750000000,,,c:315,,,
1,28fc35f2-f19a-4bac-a5b9-dd79e7263703,2593,2729,1,Main.c.txQueue,queue_length,count,integer,2,15750000000,,,c:315,,,
1,28fc35f2-f19a-4bac-a5b9-dd79e7263703,2594,2734,0,Main.a.txQueue,buffer_utilization,1,number,1.0000000000000000e+0,15800000000,,,a:316,,,
1,28fc35f2-f19a-4bac-a5b9-dd79e7263703,2595,2734,1,Main.a.txQueue,queue_length,count,integer,2,15800000000,,,a:316,,,
1,28fc35f2-f19a-4bac-a5b9-dd79e7263703,2596,2735,0,Main.b.txQueue,buffer_utilization,1,number,1.0000000000000000e+0,15800000000,,,b:316,,,
1,28fc35f2-f19a-4bac-a5b9-dd79e7263703,2597,2735,1,Main.b.txQueue,queue_length,count,integer,2,15800000000,,,b:316,,,
1,28fc35f2-f19a-4bac-a5b9-dd79e7263703,2598,2736,0,Main.c.txQueue,buffer_utilization,1,number,1.0000000000000000e+0,15800000000,,,c:316,,,
1,28fc35f2-f19a-4bac-a5b9-dd79e7263703,2599,2736,1,Main.c.txQueue,queue_length,count,integer,2,15800000000,,,c:316,,,
1,28fc35f2-f19a-4bac-a5b9-dd79e7263703,2600,2741,0,Main.a.txQueue,buffer_utilization,1,number,1.0000000000000000e+0,15850000000,,,a:317,,,
1,28fc35f2-f19a-4bac-a5b9-dd79e7263703,2601,2741,1,Main.a.txQueue,queue_length,count,integer,2,15850000000,,,a:317,,,
1,28fc35f2-f19a-4bac-a5b9-dd79e7263703,2602,2742,0,Main.b.txQueue,buffer_utilization,1,number,1.0000000000000000e+0,15850000000,,,b:317,,,
1,28fc35f2-f19a-4bac-a5b9-dd79e7263703,2603,2742,1,Main.b.txQueue,queue_length,count,integer,2,15850000000,,,b:317,,,
1,28fc35f2-f19a-4bac-a5b9-dd79e7263703,2604,2743,0,Main.c.txQueue,buffer_utilization,1,number,1.0000000000000000e+0,15850000000,,,c:317,,,
1,28fc35f2-f19a-4bac-a5b9-dd79e7263703,2605,2743,1,Main.c.txQueue,queue_length,count,integer,2,15850000000,,,c:317,,,
1,28fc35f2-f19a-4bac-a5b9-dd79e7263703,2606,2706,0,Main.bus,transfer_ps,ps,integer,238000000,15854000000,,,a:303,,,
1,28fc35f2-f19a-4bac-a5b9-dd79e7263703,2607,2746,0,Main.b,delivery_ps,ps,integer,704000000,15854000000,,,a:303,Main.b,,
1,28fc35f2-f19a-4bac-a5b9-dd79e7263703,2608,2747,0,Main.c,delivery_ps,ps,integer,704000000,15854000000,,,a:303,Main.c,,
1,28fc35f2-f19a-4bac-a5b9-dd79e7263703,2609,2748,0,Main.a,arbitration_wait_ps,ps,integer,460000000,15860000000,,,a:308,,,
1,28fc35f2-f19a-4bac-a5b9-dd79e7263703,2610,2748,1,Main.a,tx_wait_ps,ps,integer,460000000,15860000000,,,a:308,,,
1,28fc35f2-f19a-4bac-a5b9-dd79e7263703,2611,2748,2,Main.a.txQueue,buffer_utilization,1,number,5.0000000000000000e-1,15860000000,,,a:308,,,
1,28fc35f2-f19a-4bac-a5b9-dd79e7263703,2612,2748,3,Main.a.txQueue,queue_length,count,integer,1,15860000000,,,a:308,,,
1,28fc35f2-f19a-4bac-a5b9-dd79e7263703,2613,2755,0,Main.a.txQueue,buffer_utilization,1,number,1.0000000000000000e+0,15900000000,,,a:318,,,
1,28fc35f2-f19a-4bac-a5b9-dd79e7263703,2614,2755,1,Main.a.txQueue,queue_length,count,integer,2,15900000000,,,a:318,,,
1,28fc35f2-f19a-4bac-a5b9-dd79e7263703,2615,2756,0,Main.b.txQueue,buffer_utilization,1,number,1.0000000000000000e+0,15900000000,,,b:318,,,
1,28fc35f2-f19a-4bac-a5b9-dd79e7263703,2616,2756,1,Main.b.txQueue,queue_length,count,integer,2,15900000000,,,b:318,,,
1,28fc35f2-f19a-4bac-a5b9-dd79e7263703,2617,2757,0,Main.c.txQueue,buffer_utilization,1,number,1.0000000000000000e+0,15900000000,,,c:318,,,
1,28fc35f2-f19a-4bac-a5b9-dd79e7263703,2618,2757,1,Main.c.txQueue,queue_length,count,integer,2,15900000000,,,c:318,,,
1,28fc35f2-f19a-4bac-a5b9-dd79e7263703,2619,2763,0,Main.a.txQueue,buffer_utilization,1,number,1.0000000000000000e+0,15950000000,,,a:319,,,
1,28fc35f2-f19a-4bac-a5b9-dd79e7263703,2620,2763,1,Main.a.txQueue,queue_length,count,integer,2,15950000000,,,a:319,,,
1,28fc35f2-f19a-4bac-a5b9-dd79e7263703,2621,2764,0,Main.b.txQueue,buffer_utilization,1,number,1.0000000000000000e+0,15950000000,,,b:319,,,
1,28fc35f2-f19a-4bac-a5b9-dd79e7263703,2622,2764,1,Main.b.txQueue,queue_length,count,integer,2,15950000000,,,b:319,,,
1,28fc35f2-f19a-4bac-a5b9-dd79e7263703,2623,2765,0,Main.c.txQueue,buffer_utilization,1,number,1.0000000000000000e+0,15950000000,,,c:319,,,
1,28fc35f2-f19a-4bac-a5b9-dd79e7263703,2624,2765,1,Main.c.txQueue,queue_length,count,integer,2,15950000000,,,c:319,,,
1,28fc35f2-f19a-4bac-a5b9-dd79e7263703,2625,,,Main.a,received_payload_bits,bit,integer,0,,15000000000,16000000000,,Main.a,,
1,28fc35f2-f19a-4bac-a5b9-dd79e7263703,2626,,,Main.a,received_throughput_bps,bit/s,number,0.0000000000000000e+0,,15000000000,16000000000,,Main.a,,
1,28fc35f2-f19a-4bac-a5b9-dd79e7263703,2627,,,Main.a.txQueue,buffer_utilization_mean,1,number,9.3799999999999994e-1,,15000000000,16000000000,,,,
1,28fc35f2-f19a-4bac-a5b9-dd79e7263703,2628,,,Main.b,received_payload_bits,bit,integer,256,,15000000000,16000000000,,Main.b,,
1,28fc35f2-f19a-4bac-a5b9-dd79e7263703,2629,,,Main.b,received_throughput_bps,bit/s,number,2.5600000000000000e+5,,15000000000,16000000000,,Main.b,,
1,28fc35f2-f19a-4bac-a5b9-dd79e7263703,2630,,,Main.b.txQueue,buffer_utilization_mean,1,number,1.0000000000000000e+0,,15000000000,16000000000,,,,
1,28fc35f2-f19a-4bac-a5b9-dd79e7263703,2631,,,Main.bus,bus_utilization,1,number,1.0000000000000000e+0,,15000000000,16000000000,,,,
1,28fc35f2-f19a-4bac-a5b9-dd79e7263703,2632,,,Main.bus,frame_utilization,1,number,9.7599999999999998e-1,,15000000000,16000000000,,,,
1,28fc35f2-f19a-4bac-a5b9-dd79e7263703,2633,,,Main.bus,occupied_bits,bit,integer,488,,15000000000,16000000000,,,,
1,28fc35f2-f19a-4bac-a5b9-dd79e7263703,2634,,,Main.bus,payload_bits,bit,integer,256,,15000000000,16000000000,,,,
1,28fc35f2-f19a-4bac-a5b9-dd79e7263703,2635,,,Main.bus,payload_throughput_bps,bit/s,number,2.5600000000000000e+5,,15000000000,16000000000,,,,
1,28fc35f2-f19a-4bac-a5b9-dd79e7263703,2636,,,Main.bus,serialized_bits,bit,integer,476,,15000000000,16000000000,,,,
1,28fc35f2-f19a-4bac-a5b9-dd79e7263703,2637,,,Main.bus,serialized_throughput_bps,bit/s,number,4.7600000000000000e+5,,15000000000,16000000000,,,,
1,28fc35f2-f19a-4bac-a5b9-dd79e7263703,2638,,,Main.c,received_payload_bits,bit,integer,256,,15000000000,16000000000,,Main.c,,
1,28fc35f2-f19a-4bac-a5b9-dd79e7263703,2639,,,Main.c,received_throughput_bps,bit/s,number,2.5600000000000000e+5,,15000000000,16000000000,,Main.c,,
1,28fc35f2-f19a-4bac-a5b9-dd79e7263703,2640,,,Main.c.txQueue,buffer_utilization_mean,1,number,1.0000000000000000e+0,,15000000000,16000000000,,,,
1,28fc35f2-f19a-4bac-a5b9-dd79e7263703,2641,2770,0,Main.a.txQueue,buffer_utilization,1,number,1.0000000000000000e+0,16000000000,,,a:320,,,
1,28fc35f2-f19a-4bac-a5b9-dd79e7263703,2642,2770,1,Main.a.txQueue,queue_length,count,integer,2,16000000000,,,a:320,,,
1,28fc35f2-f19a-4bac-a5b9-dd79e7263703,2643,2771,0,Main.b.txQueue,buffer_utilization,1,number,1.0000000000000000e+0,16000000000,,,b:320,,,
1,28fc35f2-f19a-4bac-a5b9-dd79e7263703,2644,2771,1,Main.b.txQueue,queue_length,count,integer,2,16000000000,,,b:320,,,
1,28fc35f2-f19a-4bac-a5b9-dd79e7263703,2645,2772,0,Main.c.txQueue,buffer_utilization,1,number,1.0000000000000000e+0,16000000000,,,c:320,,,
1,28fc35f2-f19a-4bac-a5b9-dd79e7263703,2646,2772,1,Main.c.txQueue,queue_length,count,integer,2,16000000000,,,c:320,,,
1,28fc35f2-f19a-4bac-a5b9-dd79e7263703,2647,2777,0,Main.a.txQueue,buffer_utilization,1,number,1.0000000000000000e+0,16050000000,,,a:321,,,
1,28fc35f2-f19a-4bac-a5b9-dd79e7263703,2648,2777,1,Main.a.txQueue,queue_length,count,integer,2,16050000000,,,a:321,,,
1,28fc35f2-f19a-4bac-a5b9-dd79e7263703,2649,2778,0,Main.b.txQueue,buffer_utilization,1,number,1.0000000000000000e+0,16050000000,,,b:321,,,
1,28fc35f2-f19a-4bac-a5b9-dd79e7263703,2650,2778,1,Main.b.txQueue,queue_length,count,integer,2,16050000000,,,b:321,,,
1,28fc35f2-f19a-4bac-a5b9-dd79e7263703,2651,2779,0,Main.c.txQueue,buffer_utilization,1,number,1.0000000000000000e+0,16050000000,,,c:321,,,
1,28fc35f2-f19a-4bac-a5b9-dd79e7263703,2652,2779,1,Main.c.txQueue,queue_length,count,integer,2,16050000000,,,c:321,,,
1,28fc35f2-f19a-4bac-a5b9-dd79e7263703,2653,2749,0,Main.bus,transfer_ps,ps,integer,238000000,16098000000,,,a:308,,,
1,28fc35f2-f19a-4bac-a5b9-dd79e7263703,2654,2782,0,Main.b,delivery_ps,ps,integer,698000000,16098000000,,,a:308,Main.b,,
1,28fc35f2-f19a-4bac-a5b9-dd79e7263703,2655,2783,0,Main.c,delivery_ps,ps,integer,698000000,16098000000,,,a:308,Main.c,,
1,28fc35f2-f19a-4bac-a5b9-dd79e7263703,2656,2788,0,Main.a.txQueue,buffer_utilization,1,number,1.0000000000000000e+0,16100000000,,,a:322,,,
1,28fc35f2-f19a-4bac-a5b9-dd79e7263703,2657,2788,1,Main.a.txQueue,queue_length,count,integer,2,16100000000,,,a:322,,,
1,28fc35f2-f19a-4bac-a5b9-dd79e7263703,2658,2789,0,Main.b.txQueue,buffer_utilization,1,number,1.0000000000000000e+0,16100000000,,,b:322,,,
1,28fc35f2-f19a-4bac-a5b9-dd79e7263703,2659,2789,1,Main.b.txQueue,queue_length,count,integer,2,16100000000,,,b:322,,,
1,28fc35f2-f19a-4bac-a5b9-dd79e7263703,2660,2790,0,Main.c.txQueue,buffer_utilization,1,number,1.0000000000000000e+0,16100000000,,,c:322,,,
1,28fc35f2-f19a-4bac-a5b9-dd79e7263703,2661,2790,1,Main.c.txQueue,queue_length,count,integer,2,16100000000,,,c:322,,,
1,28fc35f2-f19a-4bac-a5b9-dd79e7263703,2662,2791,0,Main.a,arbitration_wait_ps,ps,integer,454000000,16104000000,,,a:313,,,
1,28fc35f2-f19a-4bac-a5b9-dd79e7263703,2663,2791,1,Main.a,tx_wait_ps,ps,integer,454000000,16104000000,,,a:313,,,
1,28fc35f2-f19a-4bac-a5b9-dd79e7263703,2664,2791,2,Main.a.txQueue,buffer_utilization,1,number,5.0000000000000000e-1,16104000000,,,a:313,,,
1,28fc35f2-f19a-4bac-a5b9-dd79e7263703,2665,2791,3,Main.a.txQueue,queue_length,count,integer,1,16104000000,,,a:313,,,
1,28fc35f2-f19a-4bac-a5b9-dd79e7263703,2666,2798,0,Main.a.txQueue,buffer_utilization,1,number,1.0000000000000000e+0,16150000000,,,a:323,,,
1,28fc35f2-f19a-4bac-a5b9-dd79e7263703,2667,2798,1,Main.a.txQueue,queue_length,count,integer,2,16150000000,,,a:323,,,
1,28fc35f2-f19a-4bac-a5b9-dd79e7263703,2668,2799,0,Main.b.txQueue,buffer_utilization,1,number,1.0000000000000000e+0,16150000000,,,b:323,,,
1,28fc35f2-f19a-4bac-a5b9-dd79e7263703,2669,2799,1,Main.b.txQueue,queue_length,count,integer,2,16150000000,,,b:323,,,
1,28fc35f2-f19a-4bac-a5b9-dd79e7263703,2670,2800,0,Main.c.txQueue,buffer_utilization,1,number,1.0000000000000000e+0,16150000000,,,c:323,,,
1,28fc35f2-f19a-4bac-a5b9-dd79e7263703,2671,2800,1,Main.c.txQueue,queue_length,count,integer,2,16150000000,,,c:323,,,
1,28fc35f2-f19a-4bac-a5b9-dd79e7263703,2672,2806,0,Main.a.txQueue,buffer_utilization,1,number,1.0000000000000000e+0,16200000000,,,a:324,,,
1,28fc35f2-f19a-4bac-a5b9-dd79e7263703,2673,2806,1,Main.a.txQueue,queue_length,count,integer,2,16200000000,,,a:324,,,
1,28fc35f2-f19a-4bac-a5b9-dd79e7263703,2674,2807,0,Main.b.txQueue,buffer_utilization,1,number,1.0000000000000000e+0,16200000000,,,b:324,,,
1,28fc35f2-f19a-4bac-a5b9-dd79e7263703,2675,2807,1,Main.b.txQueue,queue_length,count,integer,2,16200000000,,,b:324,,,
1,28fc35f2-f19a-4bac-a5b9-dd79e7263703,2676,2808,0,Main.c.txQueue,buffer_utilization,1,number,1.0000000000000000e+0,16200000000,,,c:324,,,
1,28fc35f2-f19a-4bac-a5b9-dd79e7263703,2677,2808,1,Main.c.txQueue,queue_length,count,integer,2,16200000000,,,c:324,,,
1,28fc35f2-f19a-4bac-a5b9-dd79e7263703,2678,2813,0,Main.a.txQueue,buffer_utilization,1,number,1.0000000000000000e+0,16250000000,,,a:325,,,
1,28fc35f2-f19a-4bac-a5b9-dd79e7263703,2679,2813,1,Main.a.txQueue,queue_length,count,integer,2,16250000000,,,a:325,,,
1,28fc35f2-f19a-4bac-a5b9-dd79e7263703,2680,2814,0,Main.b.txQueue,buffer_utilization,1,number,1.0000000000000000e+0,16250000000,,,b:325,,,
1,28fc35f2-f19a-4bac-a5b9-dd79e7263703,2681,2814,1,Main.b.txQueue,queue_length,count,integer,2,16250000000,,,b:325,,,
1,28fc35f2-f19a-4bac-a5b9-dd79e7263703,2682,2815,0,Main.c.txQueue,buffer_utilization,1,number,1.0000000000000000e+0,16250000000,,,c:325,,,
1,28fc35f2-f19a-4bac-a5b9-dd79e7263703,2683,2815,1,Main.c.txQueue,queue_length,count,integer,2,16250000000,,,c:325,,,
1,28fc35f2-f19a-4bac-a5b9-dd79e7263703,2684,2820,0,Main.a.txQueue,buffer_utilization,1,number,1.0000000000000000e+0,16300000000,,,a:326,,,
1,28fc35f2-f19a-4bac-a5b9-dd79e7263703,2685,2820,1,Main.a.txQueue,queue_length,count,integer,2,16300000000,,,a:326,,,
1,28fc35f2-f19a-4bac-a5b9-dd79e7263703,2686,2821,0,Main.b.txQueue,buffer_utilization,1,number,1.0000000000000000e+0,16300000000,,,b:326,,,
1,28fc35f2-f19a-4bac-a5b9-dd79e7263703,2687,2821,1,Main.b.txQueue,queue_length,count,integer,2,16300000000,,,b:326,,,
1,28fc35f2-f19a-4bac-a5b9-dd79e7263703,2688,2822,0,Main.c.txQueue,buffer_utilization,1,number,1.0000000000000000e+0,16300000000,,,c:326,,,
1,28fc35f2-f19a-4bac-a5b9-dd79e7263703,2689,2822,1,Main.c.txQueue,queue_length,count,integer,2,16300000000,,,c:326,,,
1,28fc35f2-f19a-4bac-a5b9-dd79e7263703,2690,2792,0,Main.bus,transfer_ps,ps,integer,238000000,16342000000,,,a:313,,,
1,28fc35f2-f19a-4bac-a5b9-dd79e7263703,2691,2825,0,Main.b,delivery_ps,ps,integer,692000000,16342000000,,,a:313,Main.b,,
1,28fc35f2-f19a-4bac-a5b9-dd79e7263703,2692,2826,0,Main.c,delivery_ps,ps,integer,692000000,16342000000,,,a:313,Main.c,,
1,28fc35f2-f19a-4bac-a5b9-dd79e7263703,2693,2827,0,Main.a,arbitration_wait_ps,ps,integer,448000000,16348000000,,,a:318,,,
1,28fc35f2-f19a-4bac-a5b9-dd79e7263703,2694,2827,1,Main.a,tx_wait_ps,ps,integer,448000000,16348000000,,,a:318,,,
1,28fc35f2-f19a-4bac-a5b9-dd79e7263703,2695,2827,2,Main.a.txQueue,buffer_utilization,1,number,5.0000000000000000e-1,16348000000,,,a:318,,,
1,28fc35f2-f19a-4bac-a5b9-dd79e7263703,2696,2827,3,Main.a.txQueue,queue_length,count,integer,1,16348000000,,,a:318,,,
1,28fc35f2-f19a-4bac-a5b9-dd79e7263703,2697,2834,0,Main.a.txQueue,buffer_utilization,1,number,1.0000000000000000e+0,16350000000,,,a:327,,,
1,28fc35f2-f19a-4bac-a5b9-dd79e7263703,2698,2834,1,Main.a.txQueue,queue_length,count,integer,2,16350000000,,,a:327,,,
1,28fc35f2-f19a-4bac-a5b9-dd79e7263703,2699,2835,0,Main.b.txQueue,buffer_utilization,1,number,1.0000000000000000e+0,16350000000,,,b:327,,,
1,28fc35f2-f19a-4bac-a5b9-dd79e7263703,2700,2835,1,Main.b.txQueue,queue_length,count,integer,2,16350000000,,,b:327,,,
1,28fc35f2-f19a-4bac-a5b9-dd79e7263703,2701,2836,0,Main.c.txQueue,buffer_utilization,1,number,1.0000000000000000e+0,16350000000,,,c:327,,,
1,28fc35f2-f19a-4bac-a5b9-dd79e7263703,2702,2836,1,Main.c.txQueue,queue_length,count,integer,2,16350000000,,,c:327,,,
1,28fc35f2-f19a-4bac-a5b9-dd79e7263703,2703,2842,0,Main.a.txQueue,buffer_utilization,1,number,1.0000000000000000e+0,16400000000,,,a:328,,,
1,28fc35f2-f19a-4bac-a5b9-dd79e7263703,2704,2842,1,Main.a.txQueue,queue_length,count,integer,2,16400000000,,,a:328,,,
1,28fc35f2-f19a-4bac-a5b9-dd79e7263703,2705,2843,0,Main.b.txQueue,buffer_utilization,1,number,1.0000000000000000e+0,16400000000,,,b:328,,,
1,28fc35f2-f19a-4bac-a5b9-dd79e7263703,2706,2843,1,Main.b.txQueue,queue_length,count,integer,2,16400000000,,,b:328,,,
1,28fc35f2-f19a-4bac-a5b9-dd79e7263703,2707,2844,0,Main.c.txQueue,buffer_utilization,1,number,1.0000000000000000e+0,16400000000,,,c:328,,,
1,28fc35f2-f19a-4bac-a5b9-dd79e7263703,2708,2844,1,Main.c.txQueue,queue_length,count,integer,2,16400000000,,,c:328,,,
1,28fc35f2-f19a-4bac-a5b9-dd79e7263703,2709,2849,0,Main.a.txQueue,buffer_utilization,1,number,1.0000000000000000e+0,16450000000,,,a:329,,,
1,28fc35f2-f19a-4bac-a5b9-dd79e7263703,2710,2849,1,Main.a.txQueue,queue_length,count,integer,2,16450000000,,,a:329,,,
1,28fc35f2-f19a-4bac-a5b9-dd79e7263703,2711,2850,0,Main.b.txQueue,buffer_utilization,1,number,1.0000000000000000e+0,16450000000,,,b:329,,,
1,28fc35f2-f19a-4bac-a5b9-dd79e7263703,2712,2850,1,Main.b.txQueue,queue_length,count,integer,2,16450000000,,,b:329,,,
1,28fc35f2-f19a-4bac-a5b9-dd79e7263703,2713,2851,0,Main.c.txQueue,buffer_utilization,1,number,1.0000000000000000e+0,16450000000,,,c:329,,,
1,28fc35f2-f19a-4bac-a5b9-dd79e7263703,2714,2851,1,Main.c.txQueue,queue_length,count,integer,2,16450000000,,,c:329,,,
1,28fc35f2-f19a-4bac-a5b9-dd79e7263703,2715,2856,0,Main.a.txQueue,buffer_utilization,1,number,1.0000000000000000e+0,16500000000,,,a:330,,,
1,28fc35f2-f19a-4bac-a5b9-dd79e7263703,2716,2856,1,Main.a.txQueue,queue_length,count,integer,2,16500000000,,,a:330,,,
1,28fc35f2-f19a-4bac-a5b9-dd79e7263703,2717,2857,0,Main.b.txQueue,buffer_utilization,1,number,1.0000000000000000e+0,16500000000,,,b:330,,,
1,28fc35f2-f19a-4bac-a5b9-dd79e7263703,2718,2857,1,Main.b.txQueue,queue_length,count,integer,2,16500000000,,,b:330,,,
1,28fc35f2-f19a-4bac-a5b9-dd79e7263703,2719,2858,0,Main.c.txQueue,buffer_utilization,1,number,1.0000000000000000e+0,16500000000,,,c:330,,,
1,28fc35f2-f19a-4bac-a5b9-dd79e7263703,2720,2858,1,Main.c.txQueue,queue_length,count,integer,2,16500000000,,,c:330,,,
1,28fc35f2-f19a-4bac-a5b9-dd79e7263703,2721,2863,0,Main.a.txQueue,buffer_utilization,1,number,1.0000000000000000e+0,16550000000,,,a:331,,,
1,28fc35f2-f19a-4bac-a5b9-dd79e7263703,2722,2863,1,Main.a.txQueue,queue_length,count,integer,2,16550000000,,,a:331,,,
1,28fc35f2-f19a-4bac-a5b9-dd79e7263703,2723,2864,0,Main.b.txQueue,buffer_utilization,1,number,1.0000000000000000e+0,16550000000,,,b:331,,,
1,28fc35f2-f19a-4bac-a5b9-dd79e7263703,2724,2864,1,Main.b.txQueue,queue_length,count,integer,2,16550000000,,,b:331,,,
1,28fc35f2-f19a-4bac-a5b9-dd79e7263703,2725,2865,0,Main.c.txQueue,buffer_utilization,1,number,1.0000000000000000e+0,16550000000,,,c:331,,,
1,28fc35f2-f19a-4bac-a5b9-dd79e7263703,2726,2865,1,Main.c.txQueue,queue_length,count,integer,2,16550000000,,,c:331,,,
1,28fc35f2-f19a-4bac-a5b9-dd79e7263703,2727,2828,0,Main.bus,transfer_ps,ps,integer,238000000,16586000000,,,a:318,,,
1,28fc35f2-f19a-4bac-a5b9-dd79e7263703,2728,2868,0,Main.b,delivery_ps,ps,integer,686000000,16586000000,,,a:318,Main.b,,
1,28fc35f2-f19a-4bac-a5b9-dd79e7263703,2729,2869,0,Main.c,delivery_ps,ps,integer,686000000,16586000000,,,a:318,Main.c,,
1,28fc35f2-f19a-4bac-a5b9-dd79e7263703,2730,2870,0,Main.a,arbitration_wait_ps,ps,integer,442000000,16592000000,,,a:323,,,
1,28fc35f2-f19a-4bac-a5b9-dd79e7263703,2731,2870,1,Main.a,tx_wait_ps,ps,integer,442000000,16592000000,,,a:323,,,
1,28fc35f2-f19a-4bac-a5b9-dd79e7263703,2732,2870,2,Main.a.txQueue,buffer_utilization,1,number,5.0000000000000000e-1,16592000000,,,a:323,,,
1,28fc35f2-f19a-4bac-a5b9-dd79e7263703,2733,2870,3,Main.a.txQueue,queue_length,count,integer,1,16592000000,,,a:323,,,
1,28fc35f2-f19a-4bac-a5b9-dd79e7263703,2734,2877,0,Main.a.txQueue,buffer_utilization,1,number,1.0000000000000000e+0,16600000000,,,a:332,,,
1,28fc35f2-f19a-4bac-a5b9-dd79e7263703,2735,2877,1,Main.a.txQueue,queue_length,count,integer,2,16600000000,,,a:332,,,
1,28fc35f2-f19a-4bac-a5b9-dd79e7263703,2736,2878,0,Main.b.txQueue,buffer_utilization,1,number,1.0000000000000000e+0,16600000000,,,b:332,,,
1,28fc35f2-f19a-4bac-a5b9-dd79e7263703,2737,2878,1,Main.b.txQueue,queue_length,count,integer,2,16600000000,,,b:332,,,
1,28fc35f2-f19a-4bac-a5b9-dd79e7263703,2738,2879,0,Main.c.txQueue,buffer_utilization,1,number,1.0000000000000000e+0,16600000000,,,c:332,,,
1,28fc35f2-f19a-4bac-a5b9-dd79e7263703,2739,2879,1,Main.c.txQueue,queue_length,count,integer,2,16600000000,,,c:332,,,
1,28fc35f2-f19a-4bac-a5b9-dd79e7263703,2740,2885,0,Main.a.txQueue,buffer_utilization,1,number,1.0000000000000000e+0,16650000000,,,a:333,,,
1,28fc35f2-f19a-4bac-a5b9-dd79e7263703,2741,2885,1,Main.a.txQueue,queue_length,count,integer,2,16650000000,,,a:333,,,
1,28fc35f2-f19a-4bac-a5b9-dd79e7263703,2742,2886,0,Main.b.txQueue,buffer_utilization,1,number,1.0000000000000000e+0,16650000000,,,b:333,,,
1,28fc35f2-f19a-4bac-a5b9-dd79e7263703,2743,2886,1,Main.b.txQueue,queue_length,count,integer,2,16650000000,,,b:333,,,
1,28fc35f2-f19a-4bac-a5b9-dd79e7263703,2744,2887,0,Main.c.txQueue,buffer_utilization,1,number,1.0000000000000000e+0,16650000000,,,c:333,,,
1,28fc35f2-f19a-4bac-a5b9-dd79e7263703,2745,2887,1,Main.c.txQueue,queue_length,count,integer,2,16650000000,,,c:333,,,
1,28fc35f2-f19a-4bac-a5b9-dd79e7263703,2746,2892,0,Main.a.txQueue,buffer_utilization,1,number,1.0000000000000000e+0,16700000000,,,a:334,,,
1,28fc35f2-f19a-4bac-a5b9-dd79e7263703,2747,2892,1,Main.a.txQueue,queue_length,count,integer,2,16700000000,,,a:334,,,
1,28fc35f2-f19a-4bac-a5b9-dd79e7263703,2748,2893,0,Main.b.txQueue,buffer_utilization,1,number,1.0000000000000000e+0,16700000000,,,b:334,,,
1,28fc35f2-f19a-4bac-a5b9-dd79e7263703,2749,2893,1,Main.b.txQueue,queue_length,count,integer,2,16700000000,,,b:334,,,
1,28fc35f2-f19a-4bac-a5b9-dd79e7263703,2750,2894,0,Main.c.txQueue,buffer_utilization,1,number,1.0000000000000000e+0,16700000000,,,c:334,,,
1,28fc35f2-f19a-4bac-a5b9-dd79e7263703,2751,2894,1,Main.c.txQueue,queue_length,count,integer,2,16700000000,,,c:334,,,
1,28fc35f2-f19a-4bac-a5b9-dd79e7263703,2752,2899,0,Main.a.txQueue,buffer_utilization,1,number,1.0000000000000000e+0,16750000000,,,a:335,,,
1,28fc35f2-f19a-4bac-a5b9-dd79e7263703,2753,2899,1,Main.a.txQueue,queue_length,count,integer,2,16750000000,,,a:335,,,
1,28fc35f2-f19a-4bac-a5b9-dd79e7263703,2754,2900,0,Main.b.txQueue,buffer_utilization,1,number,1.0000000000000000e+0,16750000000,,,b:335,,,
1,28fc35f2-f19a-4bac-a5b9-dd79e7263703,2755,2900,1,Main.b.txQueue,queue_length,count,integer,2,16750000000,,,b:335,,,
1,28fc35f2-f19a-4bac-a5b9-dd79e7263703,2756,2901,0,Main.c.txQueue,buffer_utilization,1,number,1.0000000000000000e+0,16750000000,,,c:335,,,
1,28fc35f2-f19a-4bac-a5b9-dd79e7263703,2757,2901,1,Main.c.txQueue,queue_length,count,integer,2,16750000000,,,c:335,,,
1,28fc35f2-f19a-4bac-a5b9-dd79e7263703,2758,2906,0,Main.a.txQueue,buffer_utilization,1,number,1.0000000000000000e+0,16800000000,,,a:336,,,
1,28fc35f2-f19a-4bac-a5b9-dd79e7263703,2759,2906,1,Main.a.txQueue,queue_length,count,integer,2,16800000000,,,a:336,,,
1,28fc35f2-f19a-4bac-a5b9-dd79e7263703,2760,2907,0,Main.b.txQueue,buffer_utilization,1,number,1.0000000000000000e+0,16800000000,,,b:336,,,
1,28fc35f2-f19a-4bac-a5b9-dd79e7263703,2761,2907,1,Main.b.txQueue,queue_length,count,integer,2,16800000000,,,b:336,,,
1,28fc35f2-f19a-4bac-a5b9-dd79e7263703,2762,2908,0,Main.c.txQueue,buffer_utilization,1,number,1.0000000000000000e+0,16800000000,,,c:336,,,
1,28fc35f2-f19a-4bac-a5b9-dd79e7263703,2763,2908,1,Main.c.txQueue,queue_length,count,integer,2,16800000000,,,c:336,,,
1,28fc35f2-f19a-4bac-a5b9-dd79e7263703,2764,2871,0,Main.bus,transfer_ps,ps,integer,238000000,16830000000,,,a:323,,,
1,28fc35f2-f19a-4bac-a5b9-dd79e7263703,2765,2911,0,Main.b,delivery_ps,ps,integer,680000000,16830000000,,,a:323,Main.b,,
1,28fc35f2-f19a-4bac-a5b9-dd79e7263703,2766,2912,0,Main.c,delivery_ps,ps,integer,680000000,16830000000,,,a:323,Main.c,,
1,28fc35f2-f19a-4bac-a5b9-dd79e7263703,2767,2913,0,Main.a,arbitration_wait_ps,ps,integer,486000000,16836000000,,,a:327,,,
1,28fc35f2-f19a-4bac-a5b9-dd79e7263703,2768,2913,1,Main.a,tx_wait_ps,ps,integer,486000000,16836000000,,,a:327,,,
1,28fc35f2-f19a-4bac-a5b9-dd79e7263703,2769,2913,2,Main.a.txQueue,buffer_utilization,1,number,5.0000000000000000e-1,16836000000,,,a:327,,,
1,28fc35f2-f19a-4bac-a5b9-dd79e7263703,2770,2913,3,Main.a.txQueue,queue_length,count,integer,1,16836000000,,,a:327,,,
1,28fc35f2-f19a-4bac-a5b9-dd79e7263703,2771,2920,0,Main.a.txQueue,buffer_utilization,1,number,1.0000000000000000e+0,16850000000,,,a:337,,,
1,28fc35f2-f19a-4bac-a5b9-dd79e7263703,2772,2920,1,Main.a.txQueue,queue_length,count,integer,2,16850000000,,,a:337,,,
1,28fc35f2-f19a-4bac-a5b9-dd79e7263703,2773,2921,0,Main.b.txQueue,buffer_utilization,1,number,1.0000000000000000e+0,16850000000,,,b:337,,,
1,28fc35f2-f19a-4bac-a5b9-dd79e7263703,2774,2921,1,Main.b.txQueue,queue_length,count,integer,2,16850000000,,,b:337,,,
1,28fc35f2-f19a-4bac-a5b9-dd79e7263703,2775,2922,0,Main.c.txQueue,buffer_utilization,1,number,1.0000000000000000e+0,16850000000,,,c:337,,,
1,28fc35f2-f19a-4bac-a5b9-dd79e7263703,2776,2922,1,Main.c.txQueue,queue_length,count,integer,2,16850000000,,,c:337,,,
1,28fc35f2-f19a-4bac-a5b9-dd79e7263703,2777,2928,0,Main.a.txQueue,buffer_utilization,1,number,1.0000000000000000e+0,16900000000,,,a:338,,,
1,28fc35f2-f19a-4bac-a5b9-dd79e7263703,2778,2928,1,Main.a.txQueue,queue_length,count,integer,2,16900000000,,,a:338,,,
1,28fc35f2-f19a-4bac-a5b9-dd79e7263703,2779,2929,0,Main.b.txQueue,buffer_utilization,1,number,1.0000000000000000e+0,16900000000,,,b:338,,,
1,28fc35f2-f19a-4bac-a5b9-dd79e7263703,2780,2929,1,Main.b.txQueue,queue_length,count,integer,2,16900000000,,,b:338,,,
1,28fc35f2-f19a-4bac-a5b9-dd79e7263703,2781,2930,0,Main.c.txQueue,buffer_utilization,1,number,1.0000000000000000e+0,16900000000,,,c:338,,,
1,28fc35f2-f19a-4bac-a5b9-dd79e7263703,2782,2930,1,Main.c.txQueue,queue_length,count,integer,2,16900000000,,,c:338,,,
1,28fc35f2-f19a-4bac-a5b9-dd79e7263703,2783,2935,0,Main.a.txQueue,buffer_utilization,1,number,1.0000000000000000e+0,16950000000,,,a:339,,,
1,28fc35f2-f19a-4bac-a5b9-dd79e7263703,2784,2935,1,Main.a.txQueue,queue_length,count,integer,2,16950000000,,,a:339,,,
1,28fc35f2-f19a-4bac-a5b9-dd79e7263703,2785,2936,0,Main.b.txQueue,buffer_utilization,1,number,1.0000000000000000e+0,16950000000,,,b:339,,,
1,28fc35f2-f19a-4bac-a5b9-dd79e7263703,2786,2936,1,Main.b.txQueue,queue_length,count,integer,2,16950000000,,,b:339,,,
1,28fc35f2-f19a-4bac-a5b9-dd79e7263703,2787,2937,0,Main.c.txQueue,buffer_utilization,1,number,1.0000000000000000e+0,16950000000,,,c:339,,,
1,28fc35f2-f19a-4bac-a5b9-dd79e7263703,2788,2937,1,Main.c.txQueue,queue_length,count,integer,2,16950000000,,,c:339,,,
1,28fc35f2-f19a-4bac-a5b9-dd79e7263703,2789,,,Main.a,received_payload_bits,bit,integer,0,,16000000000,17000000000,,Main.a,,
1,28fc35f2-f19a-4bac-a5b9-dd79e7263703,2790,,,Main.a,received_throughput_bps,bit/s,number,0.0000000000000000e+0,,16000000000,17000000000,,Main.a,,
1,28fc35f2-f19a-4bac-a5b9-dd79e7263703,2791,,,Main.a.txQueue,buffer_utilization_mean,1,number,9.6499999999999997e-1,,16000000000,17000000000,,,,
1,28fc35f2-f19a-4bac-a5b9-dd79e7263703,2792,,,Main.b,received_payload_bits,bit,integer,256,,16000000000,17000000000,,Main.b,,
1,28fc35f2-f19a-4bac-a5b9-dd79e7263703,2793,,,Main.b,received_throughput_bps,bit/s,number,2.5600000000000000e+5,,16000000000,17000000000,,Main.b,,
1,28fc35f2-f19a-4bac-a5b9-dd79e7263703,2794,,,Main.b.txQueue,buffer_utilization_mean,1,number,1.0000000000000000e+0,,16000000000,17000000000,,,,
1,28fc35f2-f19a-4bac-a5b9-dd79e7263703,2795,,,Main.bus,bus_utilization,1,number,1.0000000000000000e+0,,16000000000,17000000000,,,,
1,28fc35f2-f19a-4bac-a5b9-dd79e7263703,2796,,,Main.bus,frame_utilization,1,number,9.7599999999999998e-1,,16000000000,17000000000,,,,
1,28fc35f2-f19a-4bac-a5b9-dd79e7263703,2797,,,Main.bus,occupied_bits,bit,integer,488,,16000000000,17000000000,,,,
1,28fc35f2-f19a-4bac-a5b9-dd79e7263703,2798,,,Main.bus,payload_bits,bit,integer,256,,16000000000,17000000000,,,,
1,28fc35f2-f19a-4bac-a5b9-dd79e7263703,2799,,,Main.bus,payload_throughput_bps,bit/s,number,2.5600000000000000e+5,,16000000000,17000000000,,,,
1,28fc35f2-f19a-4bac-a5b9-dd79e7263703,2800,,,Main.bus,serialized_bits,bit,integer,476,,16000000000,17000000000,,,,
1,28fc35f2-f19a-4bac-a5b9-dd79e7263703,2801,,,Main.bus,serialized_throughput_bps,bit/s,number,4.7600000000000000e+5,,16000000000,17000000000,,,,
1,28fc35f2-f19a-4bac-a5b9-dd79e7263703,2802,,,Main.c,received_payload_bits,bit,integer,256,,16000000000,17000000000,,Main.c,,
1,28fc35f2-f19a-4bac-a5b9-dd79e7263703,2803,,,Main.c,received_throughput_bps,bit/s,number,2.5600000000000000e+5,,16000000000,17000000000,,Main.c,,
1,28fc35f2-f19a-4bac-a5b9-dd79e7263703,2804,,,Main.c.txQueue,buffer_utilization_mean,1,number,1.0000000000000000e+0,,16000000000,17000000000,,,,
1,28fc35f2-f19a-4bac-a5b9-dd79e7263703,2805,2942,0,Main.a.txQueue,buffer_utilization,1,number,1.0000000000000000e+0,17000000000,,,a:340,,,
1,28fc35f2-f19a-4bac-a5b9-dd79e7263703,2806,2942,1,Main.a.txQueue,queue_length,count,integer,2,17000000000,,,a:340,,,
1,28fc35f2-f19a-4bac-a5b9-dd79e7263703,2807,2943,0,Main.b.txQueue,buffer_utilization,1,number,1.0000000000000000e+0,17000000000,,,b:340,,,
1,28fc35f2-f19a-4bac-a5b9-dd79e7263703,2808,2943,1,Main.b.txQueue,queue_length,count,integer,2,17000000000,,,b:340,,,
1,28fc35f2-f19a-4bac-a5b9-dd79e7263703,2809,2944,0,Main.c.txQueue,buffer_utilization,1,number,1.0000000000000000e+0,17000000000,,,c:340,,,
1,28fc35f2-f19a-4bac-a5b9-dd79e7263703,2810,2944,1,Main.c.txQueue,queue_length,count,integer,2,17000000000,,,c:340,,,
1,28fc35f2-f19a-4bac-a5b9-dd79e7263703,2811,2949,0,Main.a.txQueue,buffer_utilization,1,number,1.0000000000000000e+0,17050000000,,,a:341,,,
1,28fc35f2-f19a-4bac-a5b9-dd79e7263703,2812,2949,1,Main.a.txQueue,queue_length,count,integer,2,17050000000,,,a:341,,,
1,28fc35f2-f19a-4bac-a5b9-dd79e7263703,2813,2950,0,Main.b.txQueue,buffer_utilization,1,number,1.0000000000000000e+0,17050000000,,,b:341,,,
1,28fc35f2-f19a-4bac-a5b9-dd79e7263703,2814,2950,1,Main.b.txQueue,queue_length,count,integer,2,17050000000,,,b:341,,,
1,28fc35f2-f19a-4bac-a5b9-dd79e7263703,2815,2951,0,Main.c.txQueue,buffer_utilization,1,number,1.0000000000000000e+0,17050000000,,,c:341,,,
1,28fc35f2-f19a-4bac-a5b9-dd79e7263703,2816,2951,1,Main.c.txQueue,queue_length,count,integer,2,17050000000,,,c:341,,,
1,28fc35f2-f19a-4bac-a5b9-dd79e7263703,2817,2914,0,Main.bus,transfer_ps,ps,integer,238000000,17074000000,,,a:327,,,
1,28fc35f2-f19a-4bac-a5b9-dd79e7263703,2818,2954,0,Main.b,delivery_ps,ps,integer,724000000,17074000000,,,a:327,Main.b,,
1,28fc35f2-f19a-4bac-a5b9-dd79e7263703,2819,2955,0,Main.c,delivery_ps,ps,integer,724000000,17074000000,,,a:327,Main.c,,
1,28fc35f2-f19a-4bac-a5b9-dd79e7263703,2820,2956,0,Main.a,arbitration_wait_ps,ps,integer,480000000,17080000000,,,a:332,,,
1,28fc35f2-f19a-4bac-a5b9-dd79e7263703,2821,2956,1,Main.a,tx_wait_ps,ps,integer,480000000,17080000000,,,a:332,,,
1,28fc35f2-f19a-4bac-a5b9-dd79e7263703,2822,2956,2,Main.a.txQueue,buffer_utilization,1,number,5.0000000000000000e-1,17080000000,,,a:332,,,
1,28fc35f2-f19a-4bac-a5b9-dd79e7263703,2823,2956,3,Main.a.txQueue,queue_length,count,integer,1,17080000000,,,a:332,,,
1,28fc35f2-f19a-4bac-a5b9-dd79e7263703,2824,2963,0,Main.a.txQueue,buffer_utilization,1,number,1.0000000000000000e+0,17100000000,,,a:342,,,
1,28fc35f2-f19a-4bac-a5b9-dd79e7263703,2825,2963,1,Main.a.txQueue,queue_length,count,integer,2,17100000000,,,a:342,,,
1,28fc35f2-f19a-4bac-a5b9-dd79e7263703,2826,2964,0,Main.b.txQueue,buffer_utilization,1,number,1.0000000000000000e+0,17100000000,,,b:342,,,
1,28fc35f2-f19a-4bac-a5b9-dd79e7263703,2827,2964,1,Main.b.txQueue,queue_length,count,integer,2,17100000000,,,b:342,,,
1,28fc35f2-f19a-4bac-a5b9-dd79e7263703,2828,2965,0,Main.c.txQueue,buffer_utilization,1,number,1.0000000000000000e+0,17100000000,,,c:342,,,
1,28fc35f2-f19a-4bac-a5b9-dd79e7263703,2829,2965,1,Main.c.txQueue,queue_length,count,integer,2,17100000000,,,c:342,,,
1,28fc35f2-f19a-4bac-a5b9-dd79e7263703,2830,2971,0,Main.a.txQueue,buffer_utilization,1,number,1.0000000000000000e+0,17150000000,,,a:343,,,
1,28fc35f2-f19a-4bac-a5b9-dd79e7263703,2831,2971,1,Main.a.txQueue,queue_length,count,integer,2,17150000000,,,a:343,,,
1,28fc35f2-f19a-4bac-a5b9-dd79e7263703,2832,2972,0,Main.b.txQueue,buffer_utilization,1,number,1.0000000000000000e+0,17150000000,,,b:343,,,
1,28fc35f2-f19a-4bac-a5b9-dd79e7263703,2833,2972,1,Main.b.txQueue,queue_length,count,integer,2,17150000000,,,b:343,,,
1,28fc35f2-f19a-4bac-a5b9-dd79e7263703,2834,2973,0,Main.c.txQueue,buffer_utilization,1,number,1.0000000000000000e+0,17150000000,,,c:343,,,
1,28fc35f2-f19a-4bac-a5b9-dd79e7263703,2835,2973,1,Main.c.txQueue,queue_length,count,integer,2,17150000000,,,c:343,,,
1,28fc35f2-f19a-4bac-a5b9-dd79e7263703,2836,2978,0,Main.a.txQueue,buffer_utilization,1,number,1.0000000000000000e+0,17200000000,,,a:344,,,
1,28fc35f2-f19a-4bac-a5b9-dd79e7263703,2837,2978,1,Main.a.txQueue,queue_length,count,integer,2,17200000000,,,a:344,,,
1,28fc35f2-f19a-4bac-a5b9-dd79e7263703,2838,2979,0,Main.b.txQueue,buffer_utilization,1,number,1.0000000000000000e+0,17200000000,,,b:344,,,
1,28fc35f2-f19a-4bac-a5b9-dd79e7263703,2839,2979,1,Main.b.txQueue,queue_length,count,integer,2,17200000000,,,b:344,,,
1,28fc35f2-f19a-4bac-a5b9-dd79e7263703,2840,2980,0,Main.c.txQueue,buffer_utilization,1,number,1.0000000000000000e+0,17200000000,,,c:344,,,
1,28fc35f2-f19a-4bac-a5b9-dd79e7263703,2841,2980,1,Main.c.txQueue,queue_length,count,integer,2,17200000000,,,c:344,,,
1,28fc35f2-f19a-4bac-a5b9-dd79e7263703,2842,2985,0,Main.a.txQueue,buffer_utilization,1,number,1.0000000000000000e+0,17250000000,,,a:345,,,
1,28fc35f2-f19a-4bac-a5b9-dd79e7263703,2843,2985,1,Main.a.txQueue,queue_length,count,integer,2,17250000000,,,a:345,,,
1,28fc35f2-f19a-4bac-a5b9-dd79e7263703,2844,2986,0,Main.b.txQueue,buffer_utilization,1,number,1.0000000000000000e+0,17250000000,,,b:345,,,
1,28fc35f2-f19a-4bac-a5b9-dd79e7263703,2845,2986,1,Main.b.txQueue,queue_length,count,integer,2,17250000000,,,b:345,,,
1,28fc35f2-f19a-4bac-a5b9-dd79e7263703,2846,2987,0,Main.c.txQueue,buffer_utilization,1,number,1.0000000000000000e+0,17250000000,,,c:345,,,
1,28fc35f2-f19a-4bac-a5b9-dd79e7263703,2847,2987,1,Main.c.txQueue,queue_length,count,integer,2,17250000000,,,c:345,,,
1,28fc35f2-f19a-4bac-a5b9-dd79e7263703,2848,2992,0,Main.a.txQueue,buffer_utilization,1,number,1.0000000000000000e+0,17300000000,,,a:346,,,
1,28fc35f2-f19a-4bac-a5b9-dd79e7263703,2849,2992,1,Main.a.txQueue,queue_length,count,integer,2,17300000000,,,a:346,,,
1,28fc35f2-f19a-4bac-a5b9-dd79e7263703,2850,2993,0,Main.b.txQueue,buffer_utilization,1,number,1.0000000000000000e+0,17300000000,,,b:346,,,
1,28fc35f2-f19a-4bac-a5b9-dd79e7263703,2851,2993,1,Main.b.txQueue,queue_length,count,integer,2,17300000000,,,b:346,,,
1,28fc35f2-f19a-4bac-a5b9-dd79e7263703,2852,2994,0,Main.c.txQueue,buffer_utilization,1,number,1.0000000000000000e+0,17300000000,,,c:346,,,
1,28fc35f2-f19a-4bac-a5b9-dd79e7263703,2853,2994,1,Main.c.txQueue,queue_length,count,integer,2,17300000000,,,c:346,,,
1,28fc35f2-f19a-4bac-a5b9-dd79e7263703,2854,2957,0,Main.bus,transfer_ps,ps,integer,238000000,17318000000,,,a:332,,,
1,28fc35f2-f19a-4bac-a5b9-dd79e7263703,2855,2997,0,Main.b,delivery_ps,ps,integer,718000000,17318000000,,,a:332,Main.b,,
1,28fc35f2-f19a-4bac-a5b9-dd79e7263703,2856,2998,0,Main.c,delivery_ps,ps,integer,718000000,17318000000,,,a:332,Main.c,,
1,28fc35f2-f19a-4bac-a5b9-dd79e7263703,2857,2999,0,Main.a,arbitration_wait_ps,ps,integer,474000000,17324000000,,,a:337,,,
1,28fc35f2-f19a-4bac-a5b9-dd79e7263703,2858,2999,1,Main.a,tx_wait_ps,ps,integer,474000000,17324000000,,,a:337,,,
1,28fc35f2-f19a-4bac-a5b9-dd79e7263703,2859,2999,2,Main.a.txQueue,buffer_utilization,1,number,5.0000000000000000e-1,17324000000,,,a:337,,,
1,28fc35f2-f19a-4bac-a5b9-dd79e7263703,2860,2999,3,Main.a.txQueue,queue_length,count,integer,1,17324000000,,,a:337,,,
1,28fc35f2-f19a-4bac-a5b9-dd79e7263703,2861,3006,0,Main.a.txQueue,buffer_utilization,1,number,1.0000000000000000e+0,17350000000,,,a:347,,,
1,28fc35f2-f19a-4bac-a5b9-dd79e7263703,2862,3006,1,Main.a.txQueue,queue_length,count,integer,2,17350000000,,,a:347,,,
1,28fc35f2-f19a-4bac-a5b9-dd79e7263703,2863,3007,0,Main.b.txQueue,buffer_utilization,1,number,1.0000000000000000e+0,17350000000,,,b:347,,,
1,28fc35f2-f19a-4bac-a5b9-dd79e7263703,2864,3007,1,Main.b.txQueue,queue_length,count,integer,2,17350000000,,,b:347,,,
1,28fc35f2-f19a-4bac-a5b9-dd79e7263703,2865,3008,0,Main.c.txQueue,buffer_utilization,1,number,1.0000000000000000e+0,17350000000,,,c:347,,,
1,28fc35f2-f19a-4bac-a5b9-dd79e7263703,2866,3008,1,Main.c.txQueue,queue_length,count,integer,2,17350000000,,,c:347,,,
1,28fc35f2-f19a-4bac-a5b9-dd79e7263703,2867,3014,0,Main.a.txQueue,buffer_utilization,1,number,1.0000000000000000e+0,17400000000,,,a:348,,,
1,28fc35f2-f19a-4bac-a5b9-dd79e7263703,2868,3014,1,Main.a.txQueue,queue_length,count,integer,2,17400000000,,,a:348,,,
1,28fc35f2-f19a-4bac-a5b9-dd79e7263703,2869,3015,0,Main.b.txQueue,buffer_utilization,1,number,1.0000000000000000e+0,17400000000,,,b:348,,,
1,28fc35f2-f19a-4bac-a5b9-dd79e7263703,2870,3015,1,Main.b.txQueue,queue_length,count,integer,2,17400000000,,,b:348,,,
1,28fc35f2-f19a-4bac-a5b9-dd79e7263703,2871,3016,0,Main.c.txQueue,buffer_utilization,1,number,1.0000000000000000e+0,17400000000,,,c:348,,,
1,28fc35f2-f19a-4bac-a5b9-dd79e7263703,2872,3016,1,Main.c.txQueue,queue_length,count,integer,2,17400000000,,,c:348,,,
1,28fc35f2-f19a-4bac-a5b9-dd79e7263703,2873,3021,0,Main.a.txQueue,buffer_utilization,1,number,1.0000000000000000e+0,17450000000,,,a:349,,,
1,28fc35f2-f19a-4bac-a5b9-dd79e7263703,2874,3021,1,Main.a.txQueue,queue_length,count,integer,2,17450000000,,,a:349,,,
1,28fc35f2-f19a-4bac-a5b9-dd79e7263703,2875,3022,0,Main.b.txQueue,buffer_utilization,1,number,1.0000000000000000e+0,17450000000,,,b:349,,,
1,28fc35f2-f19a-4bac-a5b9-dd79e7263703,2876,3022,1,Main.b.txQueue,queue_length,count,integer,2,17450000000,,,b:349,,,
1,28fc35f2-f19a-4bac-a5b9-dd79e7263703,2877,3023,0,Main.c.txQueue,buffer_utilization,1,number,1.0000000000000000e+0,17450000000,,,c:349,,,
1,28fc35f2-f19a-4bac-a5b9-dd79e7263703,2878,3023,1,Main.c.txQueue,queue_length,count,integer,2,17450000000,,,c:349,,,
1,28fc35f2-f19a-4bac-a5b9-dd79e7263703,2879,3028,0,Main.a.txQueue,buffer_utilization,1,number,1.0000000000000000e+0,17500000000,,,a:350,,,
1,28fc35f2-f19a-4bac-a5b9-dd79e7263703,2880,3028,1,Main.a.txQueue,queue_length,count,integer,2,17500000000,,,a:350,,,
1,28fc35f2-f19a-4bac-a5b9-dd79e7263703,2881,3029,0,Main.b.txQueue,buffer_utilization,1,number,1.0000000000000000e+0,17500000000,,,b:350,,,
1,28fc35f2-f19a-4bac-a5b9-dd79e7263703,2882,3029,1,Main.b.txQueue,queue_length,count,integer,2,17500000000,,,b:350,,,
1,28fc35f2-f19a-4bac-a5b9-dd79e7263703,2883,3030,0,Main.c.txQueue,buffer_utilization,1,number,1.0000000000000000e+0,17500000000,,,c:350,,,
1,28fc35f2-f19a-4bac-a5b9-dd79e7263703,2884,3030,1,Main.c.txQueue,queue_length,count,integer,2,17500000000,,,c:350,,,
1,28fc35f2-f19a-4bac-a5b9-dd79e7263703,2885,3035,0,Main.a.txQueue,buffer_utilization,1,number,1.0000000000000000e+0,17550000000,,,a:351,,,
1,28fc35f2-f19a-4bac-a5b9-dd79e7263703,2886,3035,1,Main.a.txQueue,queue_length,count,integer,2,17550000000,,,a:351,,,
1,28fc35f2-f19a-4bac-a5b9-dd79e7263703,2887,3036,0,Main.b.txQueue,buffer_utilization,1,number,1.0000000000000000e+0,17550000000,,,b:351,,,
1,28fc35f2-f19a-4bac-a5b9-dd79e7263703,2888,3036,1,Main.b.txQueue,queue_length,count,integer,2,17550000000,,,b:351,,,
1,28fc35f2-f19a-4bac-a5b9-dd79e7263703,2889,3037,0,Main.c.txQueue,buffer_utilization,1,number,1.0000000000000000e+0,17550000000,,,c:351,,,
1,28fc35f2-f19a-4bac-a5b9-dd79e7263703,2890,3037,1,Main.c.txQueue,queue_length,count,integer,2,17550000000,,,c:351,,,
1,28fc35f2-f19a-4bac-a5b9-dd79e7263703,2891,3000,0,Main.bus,transfer_ps,ps,integer,238000000,17562000000,,,a:337,,,
1,28fc35f2-f19a-4bac-a5b9-dd79e7263703,2892,3040,0,Main.b,delivery_ps,ps,integer,712000000,17562000000,,,a:337,Main.b,,
1,28fc35f2-f19a-4bac-a5b9-dd79e7263703,2893,3041,0,Main.c,delivery_ps,ps,integer,712000000,17562000000,,,a:337,Main.c,,
1,28fc35f2-f19a-4bac-a5b9-dd79e7263703,2894,3042,0,Main.a,arbitration_wait_ps,ps,integer,468000000,17568000000,,,a:342,,,
1,28fc35f2-f19a-4bac-a5b9-dd79e7263703,2895,3042,1,Main.a,tx_wait_ps,ps,integer,468000000,17568000000,,,a:342,,,
1,28fc35f2-f19a-4bac-a5b9-dd79e7263703,2896,3042,2,Main.a.txQueue,buffer_utilization,1,number,5.0000000000000000e-1,17568000000,,,a:342,,,
1,28fc35f2-f19a-4bac-a5b9-dd79e7263703,2897,3042,3,Main.a.txQueue,queue_length,count,integer,1,17568000000,,,a:342,,,
1,28fc35f2-f19a-4bac-a5b9-dd79e7263703,2898,3049,0,Main.a.txQueue,buffer_utilization,1,number,1.0000000000000000e+0,17600000000,,,a:352,,,
1,28fc35f2-f19a-4bac-a5b9-dd79e7263703,2899,3049,1,Main.a.txQueue,queue_length,count,integer,2,17600000000,,,a:352,,,
1,28fc35f2-f19a-4bac-a5b9-dd79e7263703,2900,3050,0,Main.b.txQueue,buffer_utilization,1,number,1.0000000000000000e+0,17600000000,,,b:352,,,
1,28fc35f2-f19a-4bac-a5b9-dd79e7263703,2901,3050,1,Main.b.txQueue,queue_length,count,integer,2,17600000000,,,b:352,,,
1,28fc35f2-f19a-4bac-a5b9-dd79e7263703,2902,3051,0,Main.c.txQueue,buffer_utilization,1,number,1.0000000000000000e+0,17600000000,,,c:352,,,
1,28fc35f2-f19a-4bac-a5b9-dd79e7263703,2903,3051,1,Main.c.txQueue,queue_length,count,integer,2,17600000000,,,c:352,,,
1,28fc35f2-f19a-4bac-a5b9-dd79e7263703,2904,3057,0,Main.a.txQueue,buffer_utilization,1,number,1.0000000000000000e+0,17650000000,,,a:353,,,
1,28fc35f2-f19a-4bac-a5b9-dd79e7263703,2905,3057,1,Main.a.txQueue,queue_length,count,integer,2,17650000000,,,a:353,,,
1,28fc35f2-f19a-4bac-a5b9-dd79e7263703,2906,3058,0,Main.b.txQueue,buffer_utilization,1,number,1.0000000000000000e+0,17650000000,,,b:353,,,
1,28fc35f2-f19a-4bac-a5b9-dd79e7263703,2907,3058,1,Main.b.txQueue,queue_length,count,integer,2,17650000000,,,b:353,,,
1,28fc35f2-f19a-4bac-a5b9-dd79e7263703,2908,3059,0,Main.c.txQueue,buffer_utilization,1,number,1.0000000000000000e+0,17650000000,,,c:353,,,
1,28fc35f2-f19a-4bac-a5b9-dd79e7263703,2909,3059,1,Main.c.txQueue,queue_length,count,integer,2,17650000000,,,c:353,,,
1,28fc35f2-f19a-4bac-a5b9-dd79e7263703,2910,3064,0,Main.a.txQueue,buffer_utilization,1,number,1.0000000000000000e+0,17700000000,,,a:354,,,
1,28fc35f2-f19a-4bac-a5b9-dd79e7263703,2911,3064,1,Main.a.txQueue,queue_length,count,integer,2,17700000000,,,a:354,,,
1,28fc35f2-f19a-4bac-a5b9-dd79e7263703,2912,3065,0,Main.b.txQueue,buffer_utilization,1,number,1.0000000000000000e+0,17700000000,,,b:354,,,
1,28fc35f2-f19a-4bac-a5b9-dd79e7263703,2913,3065,1,Main.b.txQueue,queue_length,count,integer,2,17700000000,,,b:354,,,
1,28fc35f2-f19a-4bac-a5b9-dd79e7263703,2914,3066,0,Main.c.txQueue,buffer_utilization,1,number,1.0000000000000000e+0,17700000000,,,c:354,,,
1,28fc35f2-f19a-4bac-a5b9-dd79e7263703,2915,3066,1,Main.c.txQueue,queue_length,count,integer,2,17700000000,,,c:354,,,
1,28fc35f2-f19a-4bac-a5b9-dd79e7263703,2916,3071,0,Main.a.txQueue,buffer_utilization,1,number,1.0000000000000000e+0,17750000000,,,a:355,,,
1,28fc35f2-f19a-4bac-a5b9-dd79e7263703,2917,3071,1,Main.a.txQueue,queue_length,count,integer,2,17750000000,,,a:355,,,
1,28fc35f2-f19a-4bac-a5b9-dd79e7263703,2918,3072,0,Main.b.txQueue,buffer_utilization,1,number,1.0000000000000000e+0,17750000000,,,b:355,,,
1,28fc35f2-f19a-4bac-a5b9-dd79e7263703,2919,3072,1,Main.b.txQueue,queue_length,count,integer,2,17750000000,,,b:355,,,
1,28fc35f2-f19a-4bac-a5b9-dd79e7263703,2920,3073,0,Main.c.txQueue,buffer_utilization,1,number,1.0000000000000000e+0,17750000000,,,c:355,,,
1,28fc35f2-f19a-4bac-a5b9-dd79e7263703,2921,3073,1,Main.c.txQueue,queue_length,count,integer,2,17750000000,,,c:355,,,
1,28fc35f2-f19a-4bac-a5b9-dd79e7263703,2922,3078,0,Main.a.txQueue,buffer_utilization,1,number,1.0000000000000000e+0,17800000000,,,a:356,,,
1,28fc35f2-f19a-4bac-a5b9-dd79e7263703,2923,3078,1,Main.a.txQueue,queue_length,count,integer,2,17800000000,,,a:356,,,
1,28fc35f2-f19a-4bac-a5b9-dd79e7263703,2924,3079,0,Main.b.txQueue,buffer_utilization,1,number,1.0000000000000000e+0,17800000000,,,b:356,,,
1,28fc35f2-f19a-4bac-a5b9-dd79e7263703,2925,3079,1,Main.b.txQueue,queue_length,count,integer,2,17800000000,,,b:356,,,
1,28fc35f2-f19a-4bac-a5b9-dd79e7263703,2926,3080,0,Main.c.txQueue,buffer_utilization,1,number,1.0000000000000000e+0,17800000000,,,c:356,,,
1,28fc35f2-f19a-4bac-a5b9-dd79e7263703,2927,3080,1,Main.c.txQueue,queue_length,count,integer,2,17800000000,,,c:356,,,
1,28fc35f2-f19a-4bac-a5b9-dd79e7263703,2928,3043,0,Main.bus,transfer_ps,ps,integer,238000000,17806000000,,,a:342,,,
1,28fc35f2-f19a-4bac-a5b9-dd79e7263703,2929,3083,0,Main.b,delivery_ps,ps,integer,706000000,17806000000,,,a:342,Main.b,,
1,28fc35f2-f19a-4bac-a5b9-dd79e7263703,2930,3084,0,Main.c,delivery_ps,ps,integer,706000000,17806000000,,,a:342,Main.c,,
1,28fc35f2-f19a-4bac-a5b9-dd79e7263703,2931,3085,0,Main.a,arbitration_wait_ps,ps,integer,462000000,17812000000,,,a:347,,,
1,28fc35f2-f19a-4bac-a5b9-dd79e7263703,2932,3085,1,Main.a,tx_wait_ps,ps,integer,462000000,17812000000,,,a:347,,,
1,28fc35f2-f19a-4bac-a5b9-dd79e7263703,2933,3085,2,Main.a.txQueue,buffer_utilization,1,number,5.0000000000000000e-1,17812000000,,,a:347,,,
1,28fc35f2-f19a-4bac-a5b9-dd79e7263703,2934,3085,3,Main.a.txQueue,queue_length,count,integer,1,17812000000,,,a:347,,,
1,28fc35f2-f19a-4bac-a5b9-dd79e7263703,2935,3092,0,Main.a.txQueue,buffer_utilization,1,number,1.0000000000000000e+0,17850000000,,,a:357,,,
1,28fc35f2-f19a-4bac-a5b9-dd79e7263703,2936,3092,1,Main.a.txQueue,queue_length,count,integer,2,17850000000,,,a:357,,,
1,28fc35f2-f19a-4bac-a5b9-dd79e7263703,2937,3093,0,Main.b.txQueue,buffer_utilization,1,number,1.0000000000000000e+0,17850000000,,,b:357,,,
1,28fc35f2-f19a-4bac-a5b9-dd79e7263703,2938,3093,1,Main.b.txQueue,queue_length,count,integer,2,17850000000,,,b:357,,,
1,28fc35f2-f19a-4bac-a5b9-dd79e7263703,2939,3094,0,Main.c.txQueue,buffer_utilization,1,number,1.0000000000000000e+0,17850000000,,,c:357,,,
1,28fc35f2-f19a-4bac-a5b9-dd79e7263703,2940,3094,1,Main.c.txQueue,queue_length,count,integer,2,17850000000,,,c:357,,,
1,28fc35f2-f19a-4bac-a5b9-dd79e7263703,2941,3100,0,Main.a.txQueue,buffer_utilization,1,number,1.0000000000000000e+0,17900000000,,,a:358,,,
1,28fc35f2-f19a-4bac-a5b9-dd79e7263703,2942,3100,1,Main.a.txQueue,queue_length,count,integer,2,17900000000,,,a:358,,,
1,28fc35f2-f19a-4bac-a5b9-dd79e7263703,2943,3101,0,Main.b.txQueue,buffer_utilization,1,number,1.0000000000000000e+0,17900000000,,,b:358,,,
1,28fc35f2-f19a-4bac-a5b9-dd79e7263703,2944,3101,1,Main.b.txQueue,queue_length,count,integer,2,17900000000,,,b:358,,,
1,28fc35f2-f19a-4bac-a5b9-dd79e7263703,2945,3102,0,Main.c.txQueue,buffer_utilization,1,number,1.0000000000000000e+0,17900000000,,,c:358,,,
1,28fc35f2-f19a-4bac-a5b9-dd79e7263703,2946,3102,1,Main.c.txQueue,queue_length,count,integer,2,17900000000,,,c:358,,,
1,28fc35f2-f19a-4bac-a5b9-dd79e7263703,2947,3107,0,Main.a.txQueue,buffer_utilization,1,number,1.0000000000000000e+0,17950000000,,,a:359,,,
1,28fc35f2-f19a-4bac-a5b9-dd79e7263703,2948,3107,1,Main.a.txQueue,queue_length,count,integer,2,17950000000,,,a:359,,,
1,28fc35f2-f19a-4bac-a5b9-dd79e7263703,2949,3108,0,Main.b.txQueue,buffer_utilization,1,number,1.0000000000000000e+0,17950000000,,,b:359,,,
1,28fc35f2-f19a-4bac-a5b9-dd79e7263703,2950,3108,1,Main.b.txQueue,queue_length,count,integer,2,17950000000,,,b:359,,,
1,28fc35f2-f19a-4bac-a5b9-dd79e7263703,2951,3109,0,Main.c.txQueue,buffer_utilization,1,number,1.0000000000000000e+0,17950000000,,,c:359,,,
1,28fc35f2-f19a-4bac-a5b9-dd79e7263703,2952,3109,1,Main.c.txQueue,queue_length,count,integer,2,17950000000,,,c:359,,,
1,28fc35f2-f19a-4bac-a5b9-dd79e7263703,2953,,,Main.a,received_payload_bits,bit,integer,0,,17000000000,18000000000,,Main.a,,
1,28fc35f2-f19a-4bac-a5b9-dd79e7263703,2954,,,Main.a,received_throughput_bps,bit/s,number,0.0000000000000000e+0,,17000000000,18000000000,,Main.a,,
1,28fc35f2-f19a-4bac-a5b9-dd79e7263703,2955,,,Main.a.txQueue,buffer_utilization_mean,1,number,9.4199999999999995e-1,,17000000000,18000000000,,,,
1,28fc35f2-f19a-4bac-a5b9-dd79e7263703,2956,,,Main.b,received_payload_bits,bit,integer,256,,17000000000,18000000000,,Main.b,,
1,28fc35f2-f19a-4bac-a5b9-dd79e7263703,2957,,,Main.b,received_throughput_bps,bit/s,number,2.5600000000000000e+5,,17000000000,18000000000,,Main.b,,
1,28fc35f2-f19a-4bac-a5b9-dd79e7263703,2958,,,Main.b.txQueue,buffer_utilization_mean,1,number,1.0000000000000000e+0,,17000000000,18000000000,,,,
1,28fc35f2-f19a-4bac-a5b9-dd79e7263703,2959,,,Main.bus,bus_utilization,1,number,1.0000000000000000e+0,,17000000000,18000000000,,,,
1,28fc35f2-f19a-4bac-a5b9-dd79e7263703,2960,,,Main.bus,frame_utilization,1,number,9.7599999999999998e-1,,17000000000,18000000000,,,,
1,28fc35f2-f19a-4bac-a5b9-dd79e7263703,2961,,,Main.bus,occupied_bits,bit,integer,488,,17000000000,18000000000,,,,
1,28fc35f2-f19a-4bac-a5b9-dd79e7263703,2962,,,Main.bus,payload_bits,bit,integer,256,,17000000000,18000000000,,,,
1,28fc35f2-f19a-4bac-a5b9-dd79e7263703,2963,,,Main.bus,payload_throughput_bps,bit/s,number,2.5600000000000000e+5,,17000000000,18000000000,,,,
1,28fc35f2-f19a-4bac-a5b9-dd79e7263703,2964,,,Main.bus,serialized_bits,bit,integer,476,,17000000000,18000000000,,,,
1,28fc35f2-f19a-4bac-a5b9-dd79e7263703,2965,,,Main.bus,serialized_throughput_bps,bit/s,number,4.7600000000000000e+5,,17000000000,18000000000,,,,
1,28fc35f2-f19a-4bac-a5b9-dd79e7263703,2966,,,Main.c,received_payload_bits,bit,integer,256,,17000000000,18000000000,,Main.c,,
1,28fc35f2-f19a-4bac-a5b9-dd79e7263703,2967,,,Main.c,received_throughput_bps,bit/s,number,2.5600000000000000e+5,,17000000000,18000000000,,Main.c,,
1,28fc35f2-f19a-4bac-a5b9-dd79e7263703,2968,,,Main.c.txQueue,buffer_utilization_mean,1,number,1.0000000000000000e+0,,17000000000,18000000000,,,,
1,28fc35f2-f19a-4bac-a5b9-dd79e7263703,2969,3114,0,Main.a.txQueue,buffer_utilization,1,number,1.0000000000000000e+0,18000000000,,,a:360,,,
1,28fc35f2-f19a-4bac-a5b9-dd79e7263703,2970,3114,1,Main.a.txQueue,queue_length,count,integer,2,18000000000,,,a:360,,,
1,28fc35f2-f19a-4bac-a5b9-dd79e7263703,2971,3115,0,Main.b.txQueue,buffer_utilization,1,number,1.0000000000000000e+0,18000000000,,,b:360,,,
1,28fc35f2-f19a-4bac-a5b9-dd79e7263703,2972,3115,1,Main.b.txQueue,queue_length,count,integer,2,18000000000,,,b:360,,,
1,28fc35f2-f19a-4bac-a5b9-dd79e7263703,2973,3116,0,Main.c.txQueue,buffer_utilization,1,number,1.0000000000000000e+0,18000000000,,,c:360,,,
1,28fc35f2-f19a-4bac-a5b9-dd79e7263703,2974,3116,1,Main.c.txQueue,queue_length,count,integer,2,18000000000,,,c:360,,,
1,28fc35f2-f19a-4bac-a5b9-dd79e7263703,2975,3086,0,Main.bus,transfer_ps,ps,integer,238000000,18050000000,,,a:347,,,
1,28fc35f2-f19a-4bac-a5b9-dd79e7263703,2976,3123,0,Main.b,delivery_ps,ps,integer,700000000,18050000000,,,a:347,Main.b,,
1,28fc35f2-f19a-4bac-a5b9-dd79e7263703,2977,3124,0,Main.c,delivery_ps,ps,integer,700000000,18050000000,,,a:347,Main.c,,
1,28fc35f2-f19a-4bac-a5b9-dd79e7263703,2978,3125,0,Main.a.txQueue,buffer_utilization,1,number,1.0000000000000000e+0,18050000000,,,a:361,,,
1,28fc35f2-f19a-4bac-a5b9-dd79e7263703,2979,3125,1,Main.a.txQueue,queue_length,count,integer,2,18050000000,,,a:361,,,
1,28fc35f2-f19a-4bac-a5b9-dd79e7263703,2980,3126,0,Main.b.txQueue,buffer_utilization,1,number,1.0000000000000000e+0,18050000000,,,b:361,,,
1,28fc35f2-f19a-4bac-a5b9-dd79e7263703,2981,3126,1,Main.b.txQueue,queue_length,count,integer,2,18050000000,,,b:361,,,
1,28fc35f2-f19a-4bac-a5b9-dd79e7263703,2982,3127,0,Main.c.txQueue,buffer_utilization,1,number,1.0000000000000000e+0,18050000000,,,c:361,,,
1,28fc35f2-f19a-4bac-a5b9-dd79e7263703,2983,3127,1,Main.c.txQueue,queue_length,count,integer,2,18050000000,,,c:361,,,
1,28fc35f2-f19a-4bac-a5b9-dd79e7263703,2984,3128,0,Main.a,arbitration_wait_ps,ps,integer,456000000,18056000000,,,a:352,,,
1,28fc35f2-f19a-4bac-a5b9-dd79e7263703,2985,3128,1,Main.a,tx_wait_ps,ps,integer,456000000,18056000000,,,a:352,,,
1,28fc35f2-f19a-4bac-a5b9-dd79e7263703,2986,3128,2,Main.a.txQueue,buffer_utilization,1,number,5.0000000000000000e-1,18056000000,,,a:352,,,
1,28fc35f2-f19a-4bac-a5b9-dd79e7263703,2987,3128,3,Main.a.txQueue,queue_length,count,integer,1,18056000000,,,a:352,,,
1,28fc35f2-f19a-4bac-a5b9-dd79e7263703,2988,3135,0,Main.a.txQueue,buffer_utilization,1,number,1.0000000000000000e+0,18100000000,,,a:362,,,
1,28fc35f2-f19a-4bac-a5b9-dd79e7263703,2989,3135,1,Main.a.txQueue,queue_length,count,integer,2,18100000000,,,a:362,,,
1,28fc35f2-f19a-4bac-a5b9-dd79e7263703,2990,3136,0,Main.b.txQueue,buffer_utilization,1,number,1.0000000000000000e+0,18100000000,,,b:362,,,
1,28fc35f2-f19a-4bac-a5b9-dd79e7263703,2991,3136,1,Main.b.txQueue,queue_length,count,integer,2,18100000000,,,b:362,,,
1,28fc35f2-f19a-4bac-a5b9-dd79e7263703,2992,3137,0,Main.c.txQueue,buffer_utilization,1,number,1.0000000000000000e+0,18100000000,,,c:362,,,
1,28fc35f2-f19a-4bac-a5b9-dd79e7263703,2993,3137,1,Main.c.txQueue,queue_length,count,integer,2,18100000000,,,c:362,,,
1,28fc35f2-f19a-4bac-a5b9-dd79e7263703,2994,3143,0,Main.a.txQueue,buffer_utilization,1,number,1.0000000000000000e+0,18150000000,,,a:363,,,
1,28fc35f2-f19a-4bac-a5b9-dd79e7263703,2995,3143,1,Main.a.txQueue,queue_length,count,integer,2,18150000000,,,a:363,,,
1,28fc35f2-f19a-4bac-a5b9-dd79e7263703,2996,3144,0,Main.b.txQueue,buffer_utilization,1,number,1.0000000000000000e+0,18150000000,,,b:363,,,
1,28fc35f2-f19a-4bac-a5b9-dd79e7263703,2997,3144,1,Main.b.txQueue,queue_length,count,integer,2,18150000000,,,b:363,,,
1,28fc35f2-f19a-4bac-a5b9-dd79e7263703,2998,3145,0,Main.c.txQueue,buffer_utilization,1,number,1.0000000000000000e+0,18150000000,,,c:363,,,
1,28fc35f2-f19a-4bac-a5b9-dd79e7263703,2999,3145,1,Main.c.txQueue,queue_length,count,integer,2,18150000000,,,c:363,,,
1,28fc35f2-f19a-4bac-a5b9-dd79e7263703,3000,3150,0,Main.a.txQueue,buffer_utilization,1,number,1.0000000000000000e+0,18200000000,,,a:364,,,
1,28fc35f2-f19a-4bac-a5b9-dd79e7263703,3001,3150,1,Main.a.txQueue,queue_length,count,integer,2,18200000000,,,a:364,,,
1,28fc35f2-f19a-4bac-a5b9-dd79e7263703,3002,3151,0,Main.b.txQueue,buffer_utilization,1,number,1.0000000000000000e+0,18200000000,,,b:364,,,
1,28fc35f2-f19a-4bac-a5b9-dd79e7263703,3003,3151,1,Main.b.txQueue,queue_length,count,integer,2,18200000000,,,b:364,,,
1,28fc35f2-f19a-4bac-a5b9-dd79e7263703,3004,3152,0,Main.c.txQueue,buffer_utilization,1,number,1.0000000000000000e+0,18200000000,,,c:364,,,
1,28fc35f2-f19a-4bac-a5b9-dd79e7263703,3005,3152,1,Main.c.txQueue,queue_length,count,integer,2,18200000000,,,c:364,,,
1,28fc35f2-f19a-4bac-a5b9-dd79e7263703,3006,3157,0,Main.a.txQueue,buffer_utilization,1,number,1.0000000000000000e+0,18250000000,,,a:365,,,
1,28fc35f2-f19a-4bac-a5b9-dd79e7263703,3007,3157,1,Main.a.txQueue,queue_length,count,integer,2,18250000000,,,a:365,,,
1,28fc35f2-f19a-4bac-a5b9-dd79e7263703,3008,3158,0,Main.b.txQueue,buffer_utilization,1,number,1.0000000000000000e+0,18250000000,,,b:365,,,
1,28fc35f2-f19a-4bac-a5b9-dd79e7263703,3009,3158,1,Main.b.txQueue,queue_length,count,integer,2,18250000000,,,b:365,,,
1,28fc35f2-f19a-4bac-a5b9-dd79e7263703,3010,3159,0,Main.c.txQueue,buffer_utilization,1,number,1.0000000000000000e+0,18250000000,,,c:365,,,
1,28fc35f2-f19a-4bac-a5b9-dd79e7263703,3011,3159,1,Main.c.txQueue,queue_length,count,integer,2,18250000000,,,c:365,,,
1,28fc35f2-f19a-4bac-a5b9-dd79e7263703,3012,3129,0,Main.bus,transfer_ps,ps,integer,238000000,18294000000,,,a:352,,,
1,28fc35f2-f19a-4bac-a5b9-dd79e7263703,3013,3162,0,Main.b,delivery_ps,ps,integer,694000000,18294000000,,,a:352,Main.b,,
1,28fc35f2-f19a-4bac-a5b9-dd79e7263703,3014,3163,0,Main.c,delivery_ps,ps,integer,694000000,18294000000,,,a:352,Main.c,,
1,28fc35f2-f19a-4bac-a5b9-dd79e7263703,3015,3168,0,Main.a.txQueue,buffer_utilization,1,number,1.0000000000000000e+0,18300000000,,,a:366,,,
1,28fc35f2-f19a-4bac-a5b9-dd79e7263703,3016,3168,1,Main.a.txQueue,queue_length,count,integer,2,18300000000,,,a:366,,,
1,28fc35f2-f19a-4bac-a5b9-dd79e7263703,3017,3169,0,Main.b.txQueue,buffer_utilization,1,number,1.0000000000000000e+0,18300000000,,,b:366,,,
1,28fc35f2-f19a-4bac-a5b9-dd79e7263703,3018,3169,1,Main.b.txQueue,queue_length,count,integer,2,18300000000,,,b:366,,,
1,28fc35f2-f19a-4bac-a5b9-dd79e7263703,3019,3170,0,Main.c.txQueue,buffer_utilization,1,number,1.0000000000000000e+0,18300000000,,,c:366,,,
1,28fc35f2-f19a-4bac-a5b9-dd79e7263703,3020,3170,1,Main.c.txQueue,queue_length,count,integer,2,18300000000,,,c:366,,,
1,28fc35f2-f19a-4bac-a5b9-dd79e7263703,3021,3171,0,Main.a,arbitration_wait_ps,ps,integer,450000000,18300000000,,,a:357,,,
1,28fc35f2-f19a-4bac-a5b9-dd79e7263703,3022,3171,1,Main.a,tx_wait_ps,ps,integer,450000000,18300000000,,,a:357,,,
1,28fc35f2-f19a-4bac-a5b9-dd79e7263703,3023,3171,2,Main.a.txQueue,buffer_utilization,1,number,5.0000000000000000e-1,18300000000,,,a:357,,,
1,28fc35f2-f19a-4bac-a5b9-dd79e7263703,3024,3171,3,Main.a.txQueue,queue_length,count,integer,1,18300000000,,,a:357,,,
1,28fc35f2-f19a-4bac-a5b9-dd79e7263703,3025,3178,0,Main.a.txQueue,buffer_utilization,1,number,1.0000000000000000e+0,18350000000,,,a:367,,,
1,28fc35f2-f19a-4bac-a5b9-dd79e7263703,3026,3178,1,Main.a.txQueue,queue_length,count,integer,2,18350000000,,,a:367,,,
1,28fc35f2-f19a-4bac-a5b9-dd79e7263703,3027,3179,0,Main.b.txQueue,buffer_utilization,1,number,1.0000000000000000e+0,18350000000,,,b:367,,,
1,28fc35f2-f19a-4bac-a5b9-dd79e7263703,3028,3179,1,Main.b.txQueue,queue_length,count,integer,2,18350000000,,,b:367,,,
1,28fc35f2-f19a-4bac-a5b9-dd79e7263703,3029,3180,0,Main.c.txQueue,buffer_utilization,1,number,1.0000000000000000e+0,18350000000,,,c:367,,,
1,28fc35f2-f19a-4bac-a5b9-dd79e7263703,3030,3180,1,Main.c.txQueue,queue_length,count,integer,2,18350000000,,,c:367,,,
1,28fc35f2-f19a-4bac-a5b9-dd79e7263703,3031,3186,0,Main.a.txQueue,buffer_utilization,1,number,1.0000000000000000e+0,18400000000,,,a:368,,,
1,28fc35f2-f19a-4bac-a5b9-dd79e7263703,3032,3186,1,Main.a.txQueue,queue_length,count,integer,2,18400000000,,,a:368,,,
1,28fc35f2-f19a-4bac-a5b9-dd79e7263703,3033,3187,0,Main.b.txQueue,buffer_utilization,1,number,1.0000000000000000e+0,18400000000,,,b:368,,,
1,28fc35f2-f19a-4bac-a5b9-dd79e7263703,3034,3187,1,Main.b.txQueue,queue_length,count,integer,2,18400000000,,,b:368,,,
1,28fc35f2-f19a-4bac-a5b9-dd79e7263703,3035,3188,0,Main.c.txQueue,buffer_utilization,1,number,1.0000000000000000e+0,18400000000,,,c:368,,,
1,28fc35f2-f19a-4bac-a5b9-dd79e7263703,3036,3188,1,Main.c.txQueue,queue_length,count,integer,2,18400000000,,,c:368,,,
1,28fc35f2-f19a-4bac-a5b9-dd79e7263703,3037,3193,0,Main.a.txQueue,buffer_utilization,1,number,1.0000000000000000e+0,18450000000,,,a:369,,,
1,28fc35f2-f19a-4bac-a5b9-dd79e7263703,3038,3193,1,Main.a.txQueue,queue_length,count,integer,2,18450000000,,,a:369,,,
1,28fc35f2-f19a-4bac-a5b9-dd79e7263703,3039,3194,0,Main.b.txQueue,buffer_utilization,1,number,1.0000000000000000e+0,18450000000,,,b:369,,,
1,28fc35f2-f19a-4bac-a5b9-dd79e7263703,3040,3194,1,Main.b.txQueue,queue_length,count,integer,2,18450000000,,,b:369,,,
1,28fc35f2-f19a-4bac-a5b9-dd79e7263703,3041,3195,0,Main.c.txQueue,buffer_utilization,1,number,1.0000000000000000e+0,18450000000,,,c:369,,,
1,28fc35f2-f19a-4bac-a5b9-dd79e7263703,3042,3195,1,Main.c.txQueue,queue_length,count,integer,2,18450000000,,,c:369,,,
1,28fc35f2-f19a-4bac-a5b9-dd79e7263703,3043,3200,0,Main.a.txQueue,buffer_utilization,1,number,1.0000000000000000e+0,18500000000,,,a:370,,,
1,28fc35f2-f19a-4bac-a5b9-dd79e7263703,3044,3200,1,Main.a.txQueue,queue_length,count,integer,2,18500000000,,,a:370,,,
1,28fc35f2-f19a-4bac-a5b9-dd79e7263703,3045,3201,0,Main.b.txQueue,buffer_utilization,1,number,1.0000000000000000e+0,18500000000,,,b:370,,,
1,28fc35f2-f19a-4bac-a5b9-dd79e7263703,3046,3201,1,Main.b.txQueue,queue_length,count,integer,2,18500000000,,,b:370,,,
1,28fc35f2-f19a-4bac-a5b9-dd79e7263703,3047,3202,0,Main.c.txQueue,buffer_utilization,1,number,1.0000000000000000e+0,18500000000,,,c:370,,,
1,28fc35f2-f19a-4bac-a5b9-dd79e7263703,3048,3202,1,Main.c.txQueue,queue_length,count,integer,2,18500000000,,,c:370,,,
1,28fc35f2-f19a-4bac-a5b9-dd79e7263703,3049,3172,0,Main.bus,transfer_ps,ps,integer,238000000,18538000000,,,a:357,,,
1,28fc35f2-f19a-4bac-a5b9-dd79e7263703,3050,3205,0,Main.b,delivery_ps,ps,integer,688000000,18538000000,,,a:357,Main.b,,
1,28fc35f2-f19a-4bac-a5b9-dd79e7263703,3051,3206,0,Main.c,delivery_ps,ps,integer,688000000,18538000000,,,a:357,Main.c,,
1,28fc35f2-f19a-4bac-a5b9-dd79e7263703,3052,3207,0,Main.a,arbitration_wait_ps,ps,integer,444000000,18544000000,,,a:362,,,
1,28fc35f2-f19a-4bac-a5b9-dd79e7263703,3053,3207,1,Main.a,tx_wait_ps,ps,integer,444000000,18544000000,,,a:362,,,
1,28fc35f2-f19a-4bac-a5b9-dd79e7263703,3054,3207,2,Main.a.txQueue,buffer_utilization,1,number,5.0000000000000000e-1,18544000000,,,a:362,,,
1,28fc35f2-f19a-4bac-a5b9-dd79e7263703,3055,3207,3,Main.a.txQueue,queue_length,count,integer,1,18544000000,,,a:362,,,
1,28fc35f2-f19a-4bac-a5b9-dd79e7263703,3056,3214,0,Main.a.txQueue,buffer_utilization,1,number,1.0000000000000000e+0,18550000000,,,a:371,,,
1,28fc35f2-f19a-4bac-a5b9-dd79e7263703,3057,3214,1,Main.a.txQueue,queue_length,count,integer,2,18550000000,,,a:371,,,
1,28fc35f2-f19a-4bac-a5b9-dd79e7263703,3058,3215,0,Main.b.txQueue,buffer_utilization,1,number,1.0000000000000000e+0,18550000000,,,b:371,,,
1,28fc35f2-f19a-4bac-a5b9-dd79e7263703,3059,3215,1,Main.b.txQueue,queue_length,count,integer,2,18550000000,,,b:371,,,
1,28fc35f2-f19a-4bac-a5b9-dd79e7263703,3060,3216,0,Main.c.txQueue,buffer_utilization,1,number,1.0000000000000000e+0,18550000000,,,c:371,,,
1,28fc35f2-f19a-4bac-a5b9-dd79e7263703,3061,3216,1,Main.c.txQueue,queue_length,count,integer,2,18550000000,,,c:371,,,
1,28fc35f2-f19a-4bac-a5b9-dd79e7263703,3062,3222,0,Main.a.txQueue,buffer_utilization,1,number,1.0000000000000000e+0,18600000000,,,a:372,,,
1,28fc35f2-f19a-4bac-a5b9-dd79e7263703,3063,3222,1,Main.a.txQueue,queue_length,count,integer,2,18600000000,,,a:372,,,
1,28fc35f2-f19a-4bac-a5b9-dd79e7263703,3064,3223,0,Main.b.txQueue,buffer_utilization,1,number,1.0000000000000000e+0,18600000000,,,b:372,,,
1,28fc35f2-f19a-4bac-a5b9-dd79e7263703,3065,3223,1,Main.b.txQueue,queue_length,count,integer,2,18600000000,,,b:372,,,
1,28fc35f2-f19a-4bac-a5b9-dd79e7263703,3066,3224,0,Main.c.txQueue,buffer_utilization,1,number,1.0000000000000000e+0,18600000000,,,c:372,,,
1,28fc35f2-f19a-4bac-a5b9-dd79e7263703,3067,3224,1,Main.c.txQueue,queue_length,count,integer,2,18600000000,,,c:372,,,
1,28fc35f2-f19a-4bac-a5b9-dd79e7263703,3068,3229,0,Main.a.txQueue,buffer_utilization,1,number,1.0000000000000000e+0,18650000000,,,a:373,,,
1,28fc35f2-f19a-4bac-a5b9-dd79e7263703,3069,3229,1,Main.a.txQueue,queue_length,count,integer,2,18650000000,,,a:373,,,
1,28fc35f2-f19a-4bac-a5b9-dd79e7263703,3070,3230,0,Main.b.txQueue,buffer_utilization,1,number,1.0000000000000000e+0,18650000000,,,b:373,,,
1,28fc35f2-f19a-4bac-a5b9-dd79e7263703,3071,3230,1,Main.b.txQueue,queue_length,count,integer,2,18650000000,,,b:373,,,
1,28fc35f2-f19a-4bac-a5b9-dd79e7263703,3072,3231,0,Main.c.txQueue,buffer_utilization,1,number,1.0000000000000000e+0,18650000000,,,c:373,,,
1,28fc35f2-f19a-4bac-a5b9-dd79e7263703,3073,3231,1,Main.c.txQueue,queue_length,count,integer,2,18650000000,,,c:373,,,
1,28fc35f2-f19a-4bac-a5b9-dd79e7263703,3074,3236,0,Main.a.txQueue,buffer_utilization,1,number,1.0000000000000000e+0,18700000000,,,a:374,,,
1,28fc35f2-f19a-4bac-a5b9-dd79e7263703,3075,3236,1,Main.a.txQueue,queue_length,count,integer,2,18700000000,,,a:374,,,
1,28fc35f2-f19a-4bac-a5b9-dd79e7263703,3076,3237,0,Main.b.txQueue,buffer_utilization,1,number,1.0000000000000000e+0,18700000000,,,b:374,,,
1,28fc35f2-f19a-4bac-a5b9-dd79e7263703,3077,3237,1,Main.b.txQueue,queue_length,count,integer,2,18700000000,,,b:374,,,
1,28fc35f2-f19a-4bac-a5b9-dd79e7263703,3078,3238,0,Main.c.txQueue,buffer_utilization,1,number,1.0000000000000000e+0,18700000000,,,c:374,,,
1,28fc35f2-f19a-4bac-a5b9-dd79e7263703,3079,3238,1,Main.c.txQueue,queue_length,count,integer,2,18700000000,,,c:374,,,
1,28fc35f2-f19a-4bac-a5b9-dd79e7263703,3080,3243,0,Main.a.txQueue,buffer_utilization,1,number,1.0000000000000000e+0,18750000000,,,a:375,,,
1,28fc35f2-f19a-4bac-a5b9-dd79e7263703,3081,3243,1,Main.a.txQueue,queue_length,count,integer,2,18750000000,,,a:375,,,
1,28fc35f2-f19a-4bac-a5b9-dd79e7263703,3082,3244,0,Main.b.txQueue,buffer_utilization,1,number,1.0000000000000000e+0,18750000000,,,b:375,,,
1,28fc35f2-f19a-4bac-a5b9-dd79e7263703,3083,3244,1,Main.b.txQueue,queue_length,count,integer,2,18750000000,,,b:375,,,
1,28fc35f2-f19a-4bac-a5b9-dd79e7263703,3084,3245,0,Main.c.txQueue,buffer_utilization,1,number,1.0000000000000000e+0,18750000000,,,c:375,,,
1,28fc35f2-f19a-4bac-a5b9-dd79e7263703,3085,3245,1,Main.c.txQueue,queue_length,count,integer,2,18750000000,,,c:375,,,
1,28fc35f2-f19a-4bac-a5b9-dd79e7263703,3086,3208,0,Main.bus,transfer_ps,ps,integer,238000000,18782000000,,,a:362,,,
1,28fc35f2-f19a-4bac-a5b9-dd79e7263703,3087,3248,0,Main.b,delivery_ps,ps,integer,682000000,18782000000,,,a:362,Main.b,,
1,28fc35f2-f19a-4bac-a5b9-dd79e7263703,3088,3249,0,Main.c,delivery_ps,ps,integer,682000000,18782000000,,,a:362,Main.c,,
1,28fc35f2-f19a-4bac-a5b9-dd79e7263703,3089,3250,0,Main.a,arbitration_wait_ps,ps,integer,438000000,18788000000,,,a:367,,,
1,28fc35f2-f19a-4bac-a5b9-dd79e7263703,3090,3250,1,Main.a,tx_wait_ps,ps,integer,438000000,18788000000,,,a:367,,,
1,28fc35f2-f19a-4bac-a5b9-dd79e7263703,3091,3250,2,Main.a.txQueue,buffer_utilization,1,number,5.0000000000000000e-1,18788000000,,,a:367,,,
1,28fc35f2-f19a-4bac-a5b9-dd79e7263703,3092,3250,3,Main.a.txQueue,queue_length,count,integer,1,18788000000,,,a:367,,,
1,28fc35f2-f19a-4bac-a5b9-dd79e7263703,3093,3257,0,Main.a.txQueue,buffer_utilization,1,number,1.0000000000000000e+0,18800000000,,,a:376,,,
1,28fc35f2-f19a-4bac-a5b9-dd79e7263703,3094,3257,1,Main.a.txQueue,queue_length,count,integer,2,18800000000,,,a:376,,,
1,28fc35f2-f19a-4bac-a5b9-dd79e7263703,3095,3258,0,Main.b.txQueue,buffer_utilization,1,number,1.0000000000000000e+0,18800000000,,,b:376,,,
1,28fc35f2-f19a-4bac-a5b9-dd79e7263703,3096,3258,1,Main.b.txQueue,queue_length,count,integer,2,18800000000,,,b:376,,,
1,28fc35f2-f19a-4bac-a5b9-dd79e7263703,3097,3259,0,Main.c.txQueue,buffer_utilization,1,number,1.0000000000000000e+0,18800000000,,,c:376,,,
1,28fc35f2-f19a-4bac-a5b9-dd79e7263703,3098,3259,1,Main.c.txQueue,queue_length,count,integer,2,18800000000,,,c:376,,,
1,28fc35f2-f19a-4bac-a5b9-dd79e7263703,3099,3265,0,Main.a.txQueue,buffer_utilization,1,number,1.0000000000000000e+0,18850000000,,,a:377,,,
1,28fc35f2-f19a-4bac-a5b9-dd79e7263703,3100,3265,1,Main.a.txQueue,queue_length,count,integer,2,18850000000,,,a:377,,,
1,28fc35f2-f19a-4bac-a5b9-dd79e7263703,3101,3266,0,Main.b.txQueue,buffer_utilization,1,number,1.0000000000000000e+0,18850000000,,,b:377,,,
1,28fc35f2-f19a-4bac-a5b9-dd79e7263703,3102,3266,1,Main.b.txQueue,queue_length,count,integer,2,18850000000,,,b:377,,,
1,28fc35f2-f19a-4bac-a5b9-dd79e7263703,3103,3267,0,Main.c.txQueue,buffer_utilization,1,number,1.0000000000000000e+0,18850000000,,,c:377,,,
1,28fc35f2-f19a-4bac-a5b9-dd79e7263703,3104,3267,1,Main.c.txQueue,queue_length,count,integer,2,18850000000,,,c:377,,,
1,28fc35f2-f19a-4bac-a5b9-dd79e7263703,3105,3272,0,Main.a.txQueue,buffer_utilization,1,number,1.0000000000000000e+0,18900000000,,,a:378,,,
1,28fc35f2-f19a-4bac-a5b9-dd79e7263703,3106,3272,1,Main.a.txQueue,queue_length,count,integer,2,18900000000,,,a:378,,,
1,28fc35f2-f19a-4bac-a5b9-dd79e7263703,3107,3273,0,Main.b.txQueue,buffer_utilization,1,number,1.0000000000000000e+0,18900000000,,,b:378,,,
1,28fc35f2-f19a-4bac-a5b9-dd79e7263703,3108,3273,1,Main.b.txQueue,queue_length,count,integer,2,18900000000,,,b:378,,,
1,28fc35f2-f19a-4bac-a5b9-dd79e7263703,3109,3274,0,Main.c.txQueue,buffer_utilization,1,number,1.0000000000000000e+0,18900000000,,,c:378,,,
1,28fc35f2-f19a-4bac-a5b9-dd79e7263703,3110,3274,1,Main.c.txQueue,queue_length,count,integer,2,18900000000,,,c:378,,,
1,28fc35f2-f19a-4bac-a5b9-dd79e7263703,3111,3279,0,Main.a.txQueue,buffer_utilization,1,number,1.0000000000000000e+0,18950000000,,,a:379,,,
1,28fc35f2-f19a-4bac-a5b9-dd79e7263703,3112,3279,1,Main.a.txQueue,queue_length,count,integer,2,18950000000,,,a:379,,,
1,28fc35f2-f19a-4bac-a5b9-dd79e7263703,3113,3280,0,Main.b.txQueue,buffer_utilization,1,number,1.0000000000000000e+0,18950000000,,,b:379,,,
1,28fc35f2-f19a-4bac-a5b9-dd79e7263703,3114,3280,1,Main.b.txQueue,queue_length,count,integer,2,18950000000,,,b:379,,,
1,28fc35f2-f19a-4bac-a5b9-dd79e7263703,3115,3281,0,Main.c.txQueue,buffer_utilization,1,number,1.0000000000000000e+0,18950000000,,,c:379,,,
1,28fc35f2-f19a-4bac-a5b9-dd79e7263703,3116,3281,1,Main.c.txQueue,queue_length,count,integer,2,18950000000,,,c:379,,,
1,28fc35f2-f19a-4bac-a5b9-dd79e7263703,3117,,,Main.a,received_payload_bits,bit,integer,0,,18000000000,19000000000,,Main.a,,
1,28fc35f2-f19a-4bac-a5b9-dd79e7263703,3118,,,Main.a,received_throughput_bps,bit/s,number,0.0000000000000000e+0,,18000000000,19000000000,,Main.a,,
1,28fc35f2-f19a-4bac-a5b9-dd79e7263703,3119,,,Main.a.txQueue,buffer_utilization_mean,1,number,9.4399999999999995e-1,,18000000000,19000000000,,,,
1,28fc35f2-f19a-4bac-a5b9-dd79e7263703,3120,,,Main.b,received_payload_bits,bit,integer,256,,18000000000,19000000000,,Main.b,,
1,28fc35f2-f19a-4bac-a5b9-dd79e7263703,3121,,,Main.b,received_throughput_bps,bit/s,number,2.5600000000000000e+5,,18000000000,19000000000,,Main.b,,
1,28fc35f2-f19a-4bac-a5b9-dd79e7263703,3122,,,Main.b.txQueue,buffer_utilization_mean,1,number,1.0000000000000000e+0,,18000000000,19000000000,,,,
1,28fc35f2-f19a-4bac-a5b9-dd79e7263703,3123,,,Main.bus,bus_utilization,1,number,1.0000000000000000e+0,,18000000000,19000000000,,,,
1,28fc35f2-f19a-4bac-a5b9-dd79e7263703,3124,,,Main.bus,frame_utilization,1,number,9.7599999999999998e-1,,18000000000,19000000000,,,,
1,28fc35f2-f19a-4bac-a5b9-dd79e7263703,3125,,,Main.bus,occupied_bits,bit,integer,488,,18000000000,19000000000,,,,
1,28fc35f2-f19a-4bac-a5b9-dd79e7263703,3126,,,Main.bus,payload_bits,bit,integer,256,,18000000000,19000000000,,,,
1,28fc35f2-f19a-4bac-a5b9-dd79e7263703,3127,,,Main.bus,payload_throughput_bps,bit/s,number,2.5600000000000000e+5,,18000000000,19000000000,,,,
1,28fc35f2-f19a-4bac-a5b9-dd79e7263703,3128,,,Main.bus,serialized_bits,bit,integer,476,,18000000000,19000000000,,,,
1,28fc35f2-f19a-4bac-a5b9-dd79e7263703,3129,,,Main.bus,serialized_throughput_bps,bit/s,number,4.7600000000000000e+5,,18000000000,19000000000,,,,
1,28fc35f2-f19a-4bac-a5b9-dd79e7263703,3130,,,Main.c,received_payload_bits,bit,integer,256,,18000000000,19000000000,,Main.c,,
1,28fc35f2-f19a-4bac-a5b9-dd79e7263703,3131,,,Main.c,received_throughput_bps,bit/s,number,2.5600000000000000e+5,,18000000000,19000000000,,Main.c,,
1,28fc35f2-f19a-4bac-a5b9-dd79e7263703,3132,,,Main.c.txQueue,buffer_utilization_mean,1,number,1.0000000000000000e+0,,18000000000,19000000000,,,,
1,28fc35f2-f19a-4bac-a5b9-dd79e7263703,3133,3286,0,Main.a.txQueue,buffer_utilization,1,number,1.0000000000000000e+0,19000000000,,,a:380,,,
1,28fc35f2-f19a-4bac-a5b9-dd79e7263703,3134,3286,1,Main.a.txQueue,queue_length,count,integer,2,19000000000,,,a:380,,,
1,28fc35f2-f19a-4bac-a5b9-dd79e7263703,3135,3287,0,Main.b.txQueue,buffer_utilization,1,number,1.0000000000000000e+0,19000000000,,,b:380,,,
1,28fc35f2-f19a-4bac-a5b9-dd79e7263703,3136,3287,1,Main.b.txQueue,queue_length,count,integer,2,19000000000,,,b:380,,,
1,28fc35f2-f19a-4bac-a5b9-dd79e7263703,3137,3288,0,Main.c.txQueue,buffer_utilization,1,number,1.0000000000000000e+0,19000000000,,,c:380,,,
1,28fc35f2-f19a-4bac-a5b9-dd79e7263703,3138,3288,1,Main.c.txQueue,queue_length,count,integer,2,19000000000,,,c:380,,,
1,28fc35f2-f19a-4bac-a5b9-dd79e7263703,3139,3251,0,Main.bus,transfer_ps,ps,integer,238000000,19026000000,,,a:367,,,
1,28fc35f2-f19a-4bac-a5b9-dd79e7263703,3140,3291,0,Main.b,delivery_ps,ps,integer,676000000,19026000000,,,a:367,Main.b,,
1,28fc35f2-f19a-4bac-a5b9-dd79e7263703,3141,3292,0,Main.c,delivery_ps,ps,integer,676000000,19026000000,,,a:367,Main.c,,
1,28fc35f2-f19a-4bac-a5b9-dd79e7263703,3142,3293,0,Main.a,arbitration_wait_ps,ps,integer,482000000,19032000000,,,a:371,,,
1,28fc35f2-f19a-4bac-a5b9-dd79e7263703,3143,3293,1,Main.a,tx_wait_ps,ps,integer,482000000,19032000000,,,a:371,,,
1,28fc35f2-f19a-4bac-a5b9-dd79e7263703,3144,3293,2,Main.a.txQueue,buffer_utilization,1,number,5.0000000000000000e-1,19032000000,,,a:371,,,
1,28fc35f2-f19a-4bac-a5b9-dd79e7263703,3145,3293,3,Main.a.txQueue,queue_length,count,integer,1,19032000000,,,a:371,,,
1,28fc35f2-f19a-4bac-a5b9-dd79e7263703,3146,3300,0,Main.a.txQueue,buffer_utilization,1,number,1.0000000000000000e+0,19050000000,,,a:381,,,
1,28fc35f2-f19a-4bac-a5b9-dd79e7263703,3147,3300,1,Main.a.txQueue,queue_length,count,integer,2,19050000000,,,a:381,,,
1,28fc35f2-f19a-4bac-a5b9-dd79e7263703,3148,3301,0,Main.b.txQueue,buffer_utilization,1,number,1.0000000000000000e+0,19050000000,,,b:381,,,
1,28fc35f2-f19a-4bac-a5b9-dd79e7263703,3149,3301,1,Main.b.txQueue,queue_length,count,integer,2,19050000000,,,b:381,,,
1,28fc35f2-f19a-4bac-a5b9-dd79e7263703,3150,3302,0,Main.c.txQueue,buffer_utilization,1,number,1.0000000000000000e+0,19050000000,,,c:381,,,
1,28fc35f2-f19a-4bac-a5b9-dd79e7263703,3151,3302,1,Main.c.txQueue,queue_length,count,integer,2,19050000000,,,c:381,,,
1,28fc35f2-f19a-4bac-a5b9-dd79e7263703,3152,3308,0,Main.a.txQueue,buffer_utilization,1,number,1.0000000000000000e+0,19100000000,,,a:382,,,
1,28fc35f2-f19a-4bac-a5b9-dd79e7263703,3153,3308,1,Main.a.txQueue,queue_length,count,integer,2,19100000000,,,a:382,,,
1,28fc35f2-f19a-4bac-a5b9-dd79e7263703,3154,3309,0,Main.b.txQueue,buffer_utilization,1,number,1.0000000000000000e+0,19100000000,,,b:382,,,
1,28fc35f2-f19a-4bac-a5b9-dd79e7263703,3155,3309,1,Main.b.txQueue,queue_length,count,integer,2,19100000000,,,b:382,,,
1,28fc35f2-f19a-4bac-a5b9-dd79e7263703,3156,3310,0,Main.c.txQueue,buffer_utilization,1,number,1.0000000000000000e+0,19100000000,,,c:382,,,
1,28fc35f2-f19a-4bac-a5b9-dd79e7263703,3157,3310,1,Main.c.txQueue,queue_length,count,integer,2,19100000000,,,c:382,,,
1,28fc35f2-f19a-4bac-a5b9-dd79e7263703,3158,3315,0,Main.a.txQueue,buffer_utilization,1,number,1.0000000000000000e+0,19150000000,,,a:383,,,
1,28fc35f2-f19a-4bac-a5b9-dd79e7263703,3159,3315,1,Main.a.txQueue,queue_length,count,integer,2,19150000000,,,a:383,,,
1,28fc35f2-f19a-4bac-a5b9-dd79e7263703,3160,3316,0,Main.b.txQueue,buffer_utilization,1,number,1.0000000000000000e+0,19150000000,,,b:383,,,
1,28fc35f2-f19a-4bac-a5b9-dd79e7263703,3161,3316,1,Main.b.txQueue,queue_length,count,integer,2,19150000000,,,b:383,,,
1,28fc35f2-f19a-4bac-a5b9-dd79e7263703,3162,3317,0,Main.c.txQueue,buffer_utilization,1,number,1.0000000000000000e+0,19150000000,,,c:383,,,
1,28fc35f2-f19a-4bac-a5b9-dd79e7263703,3163,3317,1,Main.c.txQueue,queue_length,count,integer,2,19150000000,,,c:383,,,
1,28fc35f2-f19a-4bac-a5b9-dd79e7263703,3164,3322,0,Main.a.txQueue,buffer_utilization,1,number,1.0000000000000000e+0,19200000000,,,a:384,,,
1,28fc35f2-f19a-4bac-a5b9-dd79e7263703,3165,3322,1,Main.a.txQueue,queue_length,count,integer,2,19200000000,,,a:384,,,
1,28fc35f2-f19a-4bac-a5b9-dd79e7263703,3166,3323,0,Main.b.txQueue,buffer_utilization,1,number,1.0000000000000000e+0,19200000000,,,b:384,,,
1,28fc35f2-f19a-4bac-a5b9-dd79e7263703,3167,3323,1,Main.b.txQueue,queue_length,count,integer,2,19200000000,,,b:384,,,
1,28fc35f2-f19a-4bac-a5b9-dd79e7263703,3168,3324,0,Main.c.txQueue,buffer_utilization,1,number,1.0000000000000000e+0,19200000000,,,c:384,,,
1,28fc35f2-f19a-4bac-a5b9-dd79e7263703,3169,3324,1,Main.c.txQueue,queue_length,count,integer,2,19200000000,,,c:384,,,
1,28fc35f2-f19a-4bac-a5b9-dd79e7263703,3170,3329,0,Main.a.txQueue,buffer_utilization,1,number,1.0000000000000000e+0,19250000000,,,a:385,,,
1,28fc35f2-f19a-4bac-a5b9-dd79e7263703,3171,3329,1,Main.a.txQueue,queue_length,count,integer,2,19250000000,,,a:385,,,
1,28fc35f2-f19a-4bac-a5b9-dd79e7263703,3172,3330,0,Main.b.txQueue,buffer_utilization,1,number,1.0000000000000000e+0,19250000000,,,b:385,,,
1,28fc35f2-f19a-4bac-a5b9-dd79e7263703,3173,3330,1,Main.b.txQueue,queue_length,count,integer,2,19250000000,,,b:385,,,
1,28fc35f2-f19a-4bac-a5b9-dd79e7263703,3174,3331,0,Main.c.txQueue,buffer_utilization,1,number,1.0000000000000000e+0,19250000000,,,c:385,,,
1,28fc35f2-f19a-4bac-a5b9-dd79e7263703,3175,3331,1,Main.c.txQueue,queue_length,count,integer,2,19250000000,,,c:385,,,
1,28fc35f2-f19a-4bac-a5b9-dd79e7263703,3176,3294,0,Main.bus,transfer_ps,ps,integer,238000000,19270000000,,,a:371,,,
1,28fc35f2-f19a-4bac-a5b9-dd79e7263703,3177,3334,0,Main.b,delivery_ps,ps,integer,720000000,19270000000,,,a:371,Main.b,,
1,28fc35f2-f19a-4bac-a5b9-dd79e7263703,3178,3335,0,Main.c,delivery_ps,ps,integer,720000000,19270000000,,,a:371,Main.c,,
1,28fc35f2-f19a-4bac-a5b9-dd79e7263703,3179,3336,0,Main.a,arbitration_wait_ps,ps,integer,476000000,19276000000,,,a:376,,,
1,28fc35f2-f19a-4bac-a5b9-dd79e7263703,3180,3336,1,Main.a,tx_wait_ps,ps,integer,476000000,19276000000,,,a:376,,,
1,28fc35f2-f19a-4bac-a5b9-dd79e7263703,3181,3336,2,Main.a.txQueue,buffer_utilization,1,number,5.0000000000000000e-1,19276000000,,,a:376,,,
1,28fc35f2-f19a-4bac-a5b9-dd79e7263703,3182,3336,3,Main.a.txQueue,queue_length,count,integer,1,19276000000,,,a:376,,,
1,28fc35f2-f19a-4bac-a5b9-dd79e7263703,3183,3343,0,Main.a.txQueue,buffer_utilization,1,number,1.0000000000000000e+0,19300000000,,,a:386,,,
1,28fc35f2-f19a-4bac-a5b9-dd79e7263703,3184,3343,1,Main.a.txQueue,queue_length,count,integer,2,19300000000,,,a:386,,,
1,28fc35f2-f19a-4bac-a5b9-dd79e7263703,3185,3344,0,Main.b.txQueue,buffer_utilization,1,number,1.0000000000000000e+0,19300000000,,,b:386,,,
1,28fc35f2-f19a-4bac-a5b9-dd79e7263703,3186,3344,1,Main.b.txQueue,queue_length,count,integer,2,19300000000,,,b:386,,,
1,28fc35f2-f19a-4bac-a5b9-dd79e7263703,3187,3345,0,Main.c.txQueue,buffer_utilization,1,number,1.0000000000000000e+0,19300000000,,,c:386,,,
1,28fc35f2-f19a-4bac-a5b9-dd79e7263703,3188,3345,1,Main.c.txQueue,queue_length,count,integer,2,19300000000,,,c:386,,,
1,28fc35f2-f19a-4bac-a5b9-dd79e7263703,3189,3351,0,Main.a.txQueue,buffer_utilization,1,number,1.0000000000000000e+0,19350000000,,,a:387,,,
1,28fc35f2-f19a-4bac-a5b9-dd79e7263703,3190,3351,1,Main.a.txQueue,queue_length,count,integer,2,19350000000,,,a:387,,,
1,28fc35f2-f19a-4bac-a5b9-dd79e7263703,3191,3352,0,Main.b.txQueue,buffer_utilization,1,number,1.0000000000000000e+0,19350000000,,,b:387,,,
1,28fc35f2-f19a-4bac-a5b9-dd79e7263703,3192,3352,1,Main.b.txQueue,queue_length,count,integer,2,19350000000,,,b:387,,,
1,28fc35f2-f19a-4bac-a5b9-dd79e7263703,3193,3353,0,Main.c.txQueue,buffer_utilization,1,number,1.0000000000000000e+0,19350000000,,,c:387,,,
1,28fc35f2-f19a-4bac-a5b9-dd79e7263703,3194,3353,1,Main.c.txQueue,queue_length,count,integer,2,19350000000,,,c:387,,,
1,28fc35f2-f19a-4bac-a5b9-dd79e7263703,3195,3358,0,Main.a.txQueue,buffer_utilization,1,number,1.0000000000000000e+0,19400000000,,,a:388,,,
1,28fc35f2-f19a-4bac-a5b9-dd79e7263703,3196,3358,1,Main.a.txQueue,queue_length,count,integer,2,19400000000,,,a:388,,,
1,28fc35f2-f19a-4bac-a5b9-dd79e7263703,3197,3359,0,Main.b.txQueue,buffer_utilization,1,number,1.0000000000000000e+0,19400000000,,,b:388,,,
1,28fc35f2-f19a-4bac-a5b9-dd79e7263703,3198,3359,1,Main.b.txQueue,queue_length,count,integer,2,19400000000,,,b:388,,,
1,28fc35f2-f19a-4bac-a5b9-dd79e7263703,3199,3360,0,Main.c.txQueue,buffer_utilization,1,number,1.0000000000000000e+0,19400000000,,,c:388,,,
1,28fc35f2-f19a-4bac-a5b9-dd79e7263703,3200,3360,1,Main.c.txQueue,queue_length,count,integer,2,19400000000,,,c:388,,,
1,28fc35f2-f19a-4bac-a5b9-dd79e7263703,3201,3365,0,Main.a.txQueue,buffer_utilization,1,number,1.0000000000000000e+0,19450000000,,,a:389,,,
1,28fc35f2-f19a-4bac-a5b9-dd79e7263703,3202,3365,1,Main.a.txQueue,queue_length,count,integer,2,19450000000,,,a:389,,,
1,28fc35f2-f19a-4bac-a5b9-dd79e7263703,3203,3366,0,Main.b.txQueue,buffer_utilization,1,number,1.0000000000000000e+0,19450000000,,,b:389,,,
1,28fc35f2-f19a-4bac-a5b9-dd79e7263703,3204,3366,1,Main.b.txQueue,queue_length,count,integer,2,19450000000,,,b:389,,,
1,28fc35f2-f19a-4bac-a5b9-dd79e7263703,3205,3367,0,Main.c.txQueue,buffer_utilization,1,number,1.0000000000000000e+0,19450000000,,,c:389,,,
1,28fc35f2-f19a-4bac-a5b9-dd79e7263703,3206,3367,1,Main.c.txQueue,queue_length,count,integer,2,19450000000,,,c:389,,,
1,28fc35f2-f19a-4bac-a5b9-dd79e7263703,3207,3372,0,Main.a.txQueue,buffer_utilization,1,number,1.0000000000000000e+0,19500000000,,,a:390,,,
1,28fc35f2-f19a-4bac-a5b9-dd79e7263703,3208,3372,1,Main.a.txQueue,queue_length,count,integer,2,19500000000,,,a:390,,,
1,28fc35f2-f19a-4bac-a5b9-dd79e7263703,3209,3373,0,Main.b.txQueue,buffer_utilization,1,number,1.0000000000000000e+0,19500000000,,,b:390,,,
1,28fc35f2-f19a-4bac-a5b9-dd79e7263703,3210,3373,1,Main.b.txQueue,queue_length,count,integer,2,19500000000,,,b:390,,,
1,28fc35f2-f19a-4bac-a5b9-dd79e7263703,3211,3374,0,Main.c.txQueue,buffer_utilization,1,number,1.0000000000000000e+0,19500000000,,,c:390,,,
1,28fc35f2-f19a-4bac-a5b9-dd79e7263703,3212,3374,1,Main.c.txQueue,queue_length,count,integer,2,19500000000,,,c:390,,,
1,28fc35f2-f19a-4bac-a5b9-dd79e7263703,3213,3337,0,Main.bus,transfer_ps,ps,integer,238000000,19514000000,,,a:376,,,
1,28fc35f2-f19a-4bac-a5b9-dd79e7263703,3214,3377,0,Main.b,delivery_ps,ps,integer,714000000,19514000000,,,a:376,Main.b,,
1,28fc35f2-f19a-4bac-a5b9-dd79e7263703,3215,3378,0,Main.c,delivery_ps,ps,integer,714000000,19514000000,,,a:376,Main.c,,
1,28fc35f2-f19a-4bac-a5b9-dd79e7263703,3216,3379,0,Main.a,arbitration_wait_ps,ps,integer,470000000,19520000000,,,a:381,,,
1,28fc35f2-f19a-4bac-a5b9-dd79e7263703,3217,3379,1,Main.a,tx_wait_ps,ps,integer,470000000,19520000000,,,a:381,,,
1,28fc35f2-f19a-4bac-a5b9-dd79e7263703,3218,3379,2,Main.a.txQueue,buffer_utilization,1,number,5.0000000000000000e-1,19520000000,,,a:381,,,
1,28fc35f2-f19a-4bac-a5b9-dd79e7263703,3219,3379,3,Main.a.txQueue,queue_length,count,integer,1,19520000000,,,a:381,,,
1,28fc35f2-f19a-4bac-a5b9-dd79e7263703,3220,3386,0,Main.a.txQueue,buffer_utilization,1,number,1.0000000000000000e+0,19550000000,,,a:391,,,
1,28fc35f2-f19a-4bac-a5b9-dd79e7263703,3221,3386,1,Main.a.txQueue,queue_length,count,integer,2,19550000000,,,a:391,,,
1,28fc35f2-f19a-4bac-a5b9-dd79e7263703,3222,3387,0,Main.b.txQueue,buffer_utilization,1,number,1.0000000000000000e+0,19550000000,,,b:391,,,
1,28fc35f2-f19a-4bac-a5b9-dd79e7263703,3223,3387,1,Main.b.txQueue,queue_length,count,integer,2,19550000000,,,b:391,,,
1,28fc35f2-f19a-4bac-a5b9-dd79e7263703,3224,3388,0,Main.c.txQueue,buffer_utilization,1,number,1.0000000000000000e+0,19550000000,,,c:391,,,
1,28fc35f2-f19a-4bac-a5b9-dd79e7263703,3225,3388,1,Main.c.txQueue,queue_length,count,integer,2,19550000000,,,c:391,,,
1,28fc35f2-f19a-4bac-a5b9-dd79e7263703,3226,3394,0,Main.a.txQueue,buffer_utilization,1,number,1.0000000000000000e+0,19600000000,,,a:392,,,
1,28fc35f2-f19a-4bac-a5b9-dd79e7263703,3227,3394,1,Main.a.txQueue,queue_length,count,integer,2,19600000000,,,a:392,,,
1,28fc35f2-f19a-4bac-a5b9-dd79e7263703,3228,3395,0,Main.b.txQueue,buffer_utilization,1,number,1.0000000000000000e+0,19600000000,,,b:392,,,
1,28fc35f2-f19a-4bac-a5b9-dd79e7263703,3229,3395,1,Main.b.txQueue,queue_length,count,integer,2,19600000000,,,b:392,,,
1,28fc35f2-f19a-4bac-a5b9-dd79e7263703,3230,3396,0,Main.c.txQueue,buffer_utilization,1,number,1.0000000000000000e+0,19600000000,,,c:392,,,
1,28fc35f2-f19a-4bac-a5b9-dd79e7263703,3231,3396,1,Main.c.txQueue,queue_length,count,integer,2,19600000000,,,c:392,,,
1,28fc35f2-f19a-4bac-a5b9-dd79e7263703,3232,3401,0,Main.a.txQueue,buffer_utilization,1,number,1.0000000000000000e+0,19650000000,,,a:393,,,
1,28fc35f2-f19a-4bac-a5b9-dd79e7263703,3233,3401,1,Main.a.txQueue,queue_length,count,integer,2,19650000000,,,a:393,,,
1,28fc35f2-f19a-4bac-a5b9-dd79e7263703,3234,3402,0,Main.b.txQueue,buffer_utilization,1,number,1.0000000000000000e+0,19650000000,,,b:393,,,
1,28fc35f2-f19a-4bac-a5b9-dd79e7263703,3235,3402,1,Main.b.txQueue,queue_length,count,integer,2,19650000000,,,b:393,,,
1,28fc35f2-f19a-4bac-a5b9-dd79e7263703,3236,3403,0,Main.c.txQueue,buffer_utilization,1,number,1.0000000000000000e+0,19650000000,,,c:393,,,
1,28fc35f2-f19a-4bac-a5b9-dd79e7263703,3237,3403,1,Main.c.txQueue,queue_length,count,integer,2,19650000000,,,c:393,,,
1,28fc35f2-f19a-4bac-a5b9-dd79e7263703,3238,3408,0,Main.a.txQueue,buffer_utilization,1,number,1.0000000000000000e+0,19700000000,,,a:394,,,
1,28fc35f2-f19a-4bac-a5b9-dd79e7263703,3239,3408,1,Main.a.txQueue,queue_length,count,integer,2,19700000000,,,a:394,,,
1,28fc35f2-f19a-4bac-a5b9-dd79e7263703,3240,3409,0,Main.b.txQueue,buffer_utilization,1,number,1.0000000000000000e+0,19700000000,,,b:394,,,
1,28fc35f2-f19a-4bac-a5b9-dd79e7263703,3241,3409,1,Main.b.txQueue,queue_length,count,integer,2,19700000000,,,b:394,,,
1,28fc35f2-f19a-4bac-a5b9-dd79e7263703,3242,3410,0,Main.c.txQueue,buffer_utilization,1,number,1.0000000000000000e+0,19700000000,,,c:394,,,
1,28fc35f2-f19a-4bac-a5b9-dd79e7263703,3243,3410,1,Main.c.txQueue,queue_length,count,integer,2,19700000000,,,c:394,,,
1,28fc35f2-f19a-4bac-a5b9-dd79e7263703,3244,3415,0,Main.a.txQueue,buffer_utilization,1,number,1.0000000000000000e+0,19750000000,,,a:395,,,
1,28fc35f2-f19a-4bac-a5b9-dd79e7263703,3245,3415,1,Main.a.txQueue,queue_length,count,integer,2,19750000000,,,a:395,,,
1,28fc35f2-f19a-4bac-a5b9-dd79e7263703,3246,3416,0,Main.b.txQueue,buffer_utilization,1,number,1.0000000000000000e+0,19750000000,,,b:395,,,
1,28fc35f2-f19a-4bac-a5b9-dd79e7263703,3247,3416,1,Main.b.txQueue,queue_length,count,integer,2,19750000000,,,b:395,,,
1,28fc35f2-f19a-4bac-a5b9-dd79e7263703,3248,3417,0,Main.c.txQueue,buffer_utilization,1,number,1.0000000000000000e+0,19750000000,,,c:395,,,
1,28fc35f2-f19a-4bac-a5b9-dd79e7263703,3249,3417,1,Main.c.txQueue,queue_length,count,integer,2,19750000000,,,c:395,,,
1,28fc35f2-f19a-4bac-a5b9-dd79e7263703,3250,3380,0,Main.bus,transfer_ps,ps,integer,238000000,19758000000,,,a:381,,,
1,28fc35f2-f19a-4bac-a5b9-dd79e7263703,3251,3420,0,Main.b,delivery_ps,ps,integer,708000000,19758000000,,,a:381,Main.b,,
1,28fc35f2-f19a-4bac-a5b9-dd79e7263703,3252,3421,0,Main.c,delivery_ps,ps,integer,708000000,19758000000,,,a:381,Main.c,,
1,28fc35f2-f19a-4bac-a5b9-dd79e7263703,3253,3422,0,Main.a,arbitration_wait_ps,ps,integer,464000000,19764000000,,,a:386,,,
1,28fc35f2-f19a-4bac-a5b9-dd79e7263703,3254,3422,1,Main.a,tx_wait_ps,ps,integer,464000000,19764000000,,,a:386,,,
1,28fc35f2-f19a-4bac-a5b9-dd79e7263703,3255,3422,2,Main.a.txQueue,buffer_utilization,1,number,5.0000000000000000e-1,19764000000,,,a:386,,,
1,28fc35f2-f19a-4bac-a5b9-dd79e7263703,3256,3422,3,Main.a.txQueue,queue_length,count,integer,1,19764000000,,,a:386,,,
1,28fc35f2-f19a-4bac-a5b9-dd79e7263703,3257,3429,0,Main.a.txQueue,buffer_utilization,1,number,1.0000000000000000e+0,19800000000,,,a:396,,,
1,28fc35f2-f19a-4bac-a5b9-dd79e7263703,3258,3429,1,Main.a.txQueue,queue_length,count,integer,2,19800000000,,,a:396,,,
1,28fc35f2-f19a-4bac-a5b9-dd79e7263703,3259,3430,0,Main.b.txQueue,buffer_utilization,1,number,1.0000000000000000e+0,19800000000,,,b:396,,,
1,28fc35f2-f19a-4bac-a5b9-dd79e7263703,3260,3430,1,Main.b.txQueue,queue_length,count,integer,2,19800000000,,,b:396,,,
1,28fc35f2-f19a-4bac-a5b9-dd79e7263703,3261,3431,0,Main.c.txQueue,buffer_utilization,1,number,1.0000000000000000e+0,19800000000,,,c:396,,,
1,28fc35f2-f19a-4bac-a5b9-dd79e7263703,3262,3431,1,Main.c.txQueue,queue_length,count,integer,2,19800000000,,,c:396,,,
1,28fc35f2-f19a-4bac-a5b9-dd79e7263703,3263,3437,0,Main.a.txQueue,buffer_utilization,1,number,1.0000000000000000e+0,19850000000,,,a:397,,,
1,28fc35f2-f19a-4bac-a5b9-dd79e7263703,3264,3437,1,Main.a.txQueue,queue_length,count,integer,2,19850000000,,,a:397,,,
1,28fc35f2-f19a-4bac-a5b9-dd79e7263703,3265,3438,0,Main.b.txQueue,buffer_utilization,1,number,1.0000000000000000e+0,19850000000,,,b:397,,,
1,28fc35f2-f19a-4bac-a5b9-dd79e7263703,3266,3438,1,Main.b.txQueue,queue_length,count,integer,2,19850000000,,,b:397,,,
1,28fc35f2-f19a-4bac-a5b9-dd79e7263703,3267,3439,0,Main.c.txQueue,buffer_utilization,1,number,1.0000000000000000e+0,19850000000,,,c:397,,,
1,28fc35f2-f19a-4bac-a5b9-dd79e7263703,3268,3439,1,Main.c.txQueue,queue_length,count,integer,2,19850000000,,,c:397,,,
1,28fc35f2-f19a-4bac-a5b9-dd79e7263703,3269,3444,0,Main.a.txQueue,buffer_utilization,1,number,1.0000000000000000e+0,19900000000,,,a:398,,,
1,28fc35f2-f19a-4bac-a5b9-dd79e7263703,3270,3444,1,Main.a.txQueue,queue_length,count,integer,2,19900000000,,,a:398,,,
1,28fc35f2-f19a-4bac-a5b9-dd79e7263703,3271,3445,0,Main.b.txQueue,buffer_utilization,1,number,1.0000000000000000e+0,19900000000,,,b:398,,,
1,28fc35f2-f19a-4bac-a5b9-dd79e7263703,3272,3445,1,Main.b.txQueue,queue_length,count,integer,2,19900000000,,,b:398,,,
1,28fc35f2-f19a-4bac-a5b9-dd79e7263703,3273,3446,0,Main.c.txQueue,buffer_utilization,1,number,1.0000000000000000e+0,19900000000,,,c:398,,,
1,28fc35f2-f19a-4bac-a5b9-dd79e7263703,3274,3446,1,Main.c.txQueue,queue_length,count,integer,2,19900000000,,,c:398,,,
1,28fc35f2-f19a-4bac-a5b9-dd79e7263703,3275,3450,0,Main.a.txQueue,buffer_utilization,1,number,1.0000000000000000e+0,19950000000,,,a:399,,,
1,28fc35f2-f19a-4bac-a5b9-dd79e7263703,3276,3450,1,Main.a.txQueue,queue_length,count,integer,2,19950000000,,,a:399,,,
1,28fc35f2-f19a-4bac-a5b9-dd79e7263703,3277,3451,0,Main.b.txQueue,buffer_utilization,1,number,1.0000000000000000e+0,19950000000,,,b:399,,,
1,28fc35f2-f19a-4bac-a5b9-dd79e7263703,3278,3451,1,Main.b.txQueue,queue_length,count,integer,2,19950000000,,,b:399,,,
1,28fc35f2-f19a-4bac-a5b9-dd79e7263703,3279,3452,0,Main.c.txQueue,buffer_utilization,1,number,1.0000000000000000e+0,19950000000,,,c:399,,,
1,28fc35f2-f19a-4bac-a5b9-dd79e7263703,3280,3452,1,Main.c.txQueue,queue_length,count,integer,2,19950000000,,,c:399,,,
1,28fc35f2-f19a-4bac-a5b9-dd79e7263703,3281,,,Main.a,received_payload_bits,bit,integer,0,,19000000000,20000000000,,Main.a,,
1,28fc35f2-f19a-4bac-a5b9-dd79e7263703,3282,,,Main.a,received_throughput_bps,bit/s,number,0.0000000000000000e+0,,19000000000,20000000000,,Main.a,,
1,28fc35f2-f19a-4bac-a5b9-dd79e7263703,3283,,,Main.a.txQueue,buffer_utilization_mean,1,number,9.4599999999999995e-1,,19000000000,20000000000,,,,
1,28fc35f2-f19a-4bac-a5b9-dd79e7263703,3284,,,Main.b,received_payload_bits,bit,integer,256,,19000000000,20000000000,,Main.b,,
1,28fc35f2-f19a-4bac-a5b9-dd79e7263703,3285,,,Main.b,received_throughput_bps,bit/s,number,2.5600000000000000e+5,,19000000000,20000000000,,Main.b,,
1,28fc35f2-f19a-4bac-a5b9-dd79e7263703,3286,,,Main.b.txQueue,buffer_utilization_mean,1,number,1.0000000000000000e+0,,19000000000,20000000000,,,,
1,28fc35f2-f19a-4bac-a5b9-dd79e7263703,3287,,,Main.bus,bus_utilization,1,number,1.0000000000000000e+0,,19000000000,20000000000,,,,
1,28fc35f2-f19a-4bac-a5b9-dd79e7263703,3288,,,Main.bus,frame_utilization,1,number,9.7599999999999998e-1,,19000000000,20000000000,,,,
1,28fc35f2-f19a-4bac-a5b9-dd79e7263703,3289,,,Main.bus,occupied_bits,bit,integer,488,,19000000000,20000000000,,,,
1,28fc35f2-f19a-4bac-a5b9-dd79e7263703,3290,,,Main.bus,payload_bits,bit,integer,256,,19000000000,20000000000,,,,
1,28fc35f2-f19a-4bac-a5b9-dd79e7263703,3291,,,Main.bus,payload_throughput_bps,bit/s,number,2.5600000000000000e+5,,19000000000,20000000000,,,,
1,28fc35f2-f19a-4bac-a5b9-dd79e7263703,3292,,,Main.bus,serialized_bits,bit,integer,476,,19000000000,20000000000,,,,
1,28fc35f2-f19a-4bac-a5b9-dd79e7263703,3293,,,Main.bus,serialized_throughput_bps,bit/s,number,4.7600000000000000e+5,,19000000000,20000000000,,,,
1,28fc35f2-f19a-4bac-a5b9-dd79e7263703,3294,,,Main.c,received_payload_bits,bit,integer,256,,19000000000,20000000000,,Main.c,,
1,28fc35f2-f19a-4bac-a5b9-dd79e7263703,3295,,,Main.c,received_throughput_bps,bit/s,number,2.5600000000000000e+5,,19000000000,20000000000,,Main.c,,
1,28fc35f2-f19a-4bac-a5b9-dd79e7263703,3296,,,Main.c.txQueue,buffer_utilization_mean,1,number,1.0000000000000000e+0,,19000000000,20000000000,,,,
