docs/verification/results/acceptance-2026-10-08/rust.log:691: new blank line at EOF.
docs/verification/results/can-export-optimization-2026-10-08/gates/2.log:692: new blank line at EOF.
docs/verification/results/can-export-optimization-2026-10-08/profiles/actualmillion-profile/perf-cumulative.txt:12: trailing whitespace.
+    99.59%     0.00%  [.] 0xffffffffffffffff                                                                                                                                                                                                                                                                                     -      -            
docs/verification/results/can-export-optimization-2026-10-08/profiles/actualmillion-profile/perf-cumulative.txt:13: trailing whitespace.
+    58.99%     1.24%  [.] dir_simulator::output::stream::prepare                                                                                                                                                                                                                                                                 -      -            
docs/verification/results/can-export-optimization-2026-10-08/profiles/actualmillion-profile/perf-cumulative.txt:14: trailing whitespace.
+    58.99%     0.00%  [.] dir_simulator::output::export                                                                                                                                                                                                                                                                          -      -            
docs/verification/results/can-export-optimization-2026-10-08/profiles/actualmillion-profile/perf-cumulative.txt:15: trailing whitespace.
+    58.99%     0.00%  [.] dir_simulator::run::run_with_diagnostics                                                                                                                                                                                                                                                               -      -            
docs/verification/results/can-export-optimization-2026-10-08/profiles/actualmillion-profile/perf-cumulative.txt:16: trailing whitespace.
+    58.59%     0.00%  [.] dir_simulator::run::run_config_with_registry                                                                                                                                                                                                                                                           -      -            
docs/verification/results/can-export-optimization-2026-10-08/profiles/actualmillion-profile/perf-cumulative.txt:17: trailing whitespace.
+    47.48%     0.00%  [.] dir_simulator::run::run_config                                                                                                                                                                                                                                                                         -      -            
docs/verification/results/can-export-optimization-2026-10-08/profiles/actualmillion-profile/perf-cumulative.txt:18: trailing whitespace.
+    46.15%     0.00%  [.] dir_simulator::main                                                                                                                                                                                                                                                                                    -      -            
docs/verification/results/can-export-optimization-2026-10-08/profiles/actualmillion-profile/perf-cumulative.txt:19: trailing whitespace.
+    44.83%     0.28%  [.] dir_simulator::output::disk_sort::Sorter::push                                                                                                                                                                                                                                                         -      -            
docs/verification/results/can-export-optimization-2026-10-08/profiles/actualmillion-profile/perf-cumulative.txt:20: trailing whitespace.
+    40.60%     2.09%  [.] dir_simulator::runtime::engine::simulate                                                                                                                                                                                                                                                               -      -            
docs/verification/results/can-export-optimization-2026-10-08/profiles/actualmillion-profile/perf-cumulative.txt:21: trailing whitespace.
+    40.60%     0.00%  [.] dir_simulator::runtime::simulate_builtin                                                                                                                                                                                                                                                               -      -            
docs/verification/results/can-export-optimization-2026-10-08/profiles/actualmillion-profile/perf-cumulative.txt:22: trailing whitespace.
+    38.72%     0.00%  [.] dir_simulator::output::disk_sort::Sorter::flush                                                                                                                                                                                                                                                        -      -            
docs/verification/results/can-export-optimization-2026-10-08/profiles/actualmillion-profile/perf-cumulative.txt:23: trailing whitespace.
+    22.75%     0.12%  [.] dir_simulator::output::stream::contribution                                                                                                                                                                                                                                                            -      -            
docs/verification/results/can-export-optimization-2026-10-08/profiles/actualmillion-profile/perf-cumulative.txt:24: trailing whitespace.
+    16.92%     4.16%  [.] cfree                                                                                                                                                                                                                                                                                                  -      -            
docs/verification/results/can-export-optimization-2026-10-08/profiles/actualmillion-profile/perf-cumulative.txt:25: trailing whitespace.
+    15.59%     2.86%  [.] malloc                                                                                                                                                                                                                                                                                                 -      -            
docs/verification/results/can-export-optimization-2026-10-08/profiles/actualmillion-profile/perf-cumulative.txt:26: trailing whitespace.
+    15.00%     0.00%  [.] dir_simulator::runtime::registered::simulate                                                                                                                                                                                                                                                           -      -            
docs/verification/results/can-export-optimization-2026-10-08/profiles/actualmillion-profile/perf-cumulative.txt:27: trailing whitespace.
+    13.71%     2.22%  [.] dir_simulator::runtime::engine::Engine::handle                                                                                                                                                                                                                                                         -      -            
docs/verification/results/can-export-optimization-2026-10-08/profiles/actualmillion-profile/perf-cumulative.txt:28: trailing whitespace.
+    11.85%     0.23%  [.] dir_simulator::runtime::engine::Engine::archive_request                                                                                                                                                                                                                                                -      -            
docs/verification/results/can-export-optimization-2026-10-08/profiles/actualmillion-profile/perf-cumulative.txt:29: trailing whitespace.
+    10.25%     0.09%  [.] dir_simulator::output::disk_sort::Sorter::write_row                                                                                                                                                                                                                                                    -      -            
docs/verification/results/can-export-optimization-2026-10-08/profiles/actualmillion-profile/perf-cumulative.txt:30: trailing whitespace.
+     9.88%     1.57%  [.] core::ptr::drop_in_place<[dir_simulator::output::disk_sort::Row]>                                                                                                                                                                                                                                      -      -            
docs/verification/results/can-export-optimization-2026-10-08/profiles/actualmillion-profile/perf-cumulative.txt:31: trailing whitespace.
+     9.06%     0.10%  [.] dir_simulator::runtime::spool::<impl dir_simulator::snapshot::common::CommonSnapshot>::spool_checkpoint                                                                                                                                                                                                -      -            
docs/verification/results/can-export-optimization-2026-10-08/profiles/actualmillion-profile/perf-cumulative.txt:32: trailing whitespace.
+     9.02%     0.94%  [.] dir_simulator::output::disk_sort::Sorter::merge                                                                                                                                                                                                                                                        -      -            
docs/verification/results/can-export-optimization-2026-10-08/profiles/actualmillion-profile/perf-cumulative.txt:33: trailing whitespace.
+     8.49%     0.00%  [.] 0x00007db2b74aae84                                                                                                                                                                                                                                                                                     -      -            
docs/verification/results/can-export-optimization-2026-10-08/profiles/actualmillion-profile/perf-cumulative.txt:34: trailing whitespace.
+     7.98%     3.37%  [.] serde_json::ser::format_escaped_str                                                                                                                                                                                                                                                                    -      -            
docs/verification/results/can-export-optimization-2026-10-08/profiles/actualmillion-profile/perf-cumulative.txt:35: trailing whitespace.
+     7.52%     0.03%  [.] core::ptr::drop_in_place<serde_json::value::Value>                                                                                                                                                                                                                                                     -      -            
docs/verification/results/can-export-optimization-2026-10-08/profiles/actualmillion-profile/perf-cumulative.txt:36: trailing whitespace.
+     7.49%     0.67%  [.] _ZN4core3ptr117drop_in_place$LT$alloc..collections..btree..map..IntoIter$LT$alloc..string..String$C$serde_json..value..Value$GT$$GT$17h534e96d460f63b44E.llvm.5586303551719632091                                                                                                                      -      -            
docs/verification/results/can-export-optimization-2026-10-08/profiles/actualmillion-profile/perf-cumulative.txt:37: trailing whitespace.
+     7.48%     0.05%  [.] _ZN5alloc7raw_vec11finish_grow17h42bb899a0e6267a8E.llvm.2359604552835732679                                                                                                                                                                                                                            -      -            
docs/verification/results/can-export-optimization-2026-10-08/profiles/actualmillion-profile/perf-cumulative.txt:38: trailing whitespace.
+     7.34%     1.35%  [.] _ZN10serde_json5value3ser81_$LT$impl$u20$serde_core..ser..Serialize$u20$for$u20$serde_json..value..Value$GT$9serialize17he6e89d63aebe78bdE.llvm.8311928859024757444                                                                                                                                    -      -            
docs/verification/results/can-export-optimization-2026-10-08/profiles/actualmillion-profile/perf-cumulative.txt:39: trailing whitespace.
+     6.82%     0.04%  [.] dir_simulator::runtime::spool::PointSpool::append                                                                                                                                                                                                                                                      -      -            
docs/verification/results/can-export-optimization-2026-10-08/profiles/actualmillion-profile/perf-cumulative.txt:40: trailing whitespace.
+     6.74%     0.12%  [.] dir_simulator::snapshot::common::_::<impl serde_core::ser::Serialize for dir_simulator::snapshot::common::Point>::serialize                                                                                                                                                                            -      -            
docs/verification/results/can-export-optimization-2026-10-08/profiles/actualmillion-profile/perf-cumulative.txt:41: trailing whitespace.
+     6.57%     6.08%  [.] _ZN100_$LT$$RF$mut$u20$serde_json..ser..Serializer$LT$W$C$F$GT$$u20$as$u20$serde_core..ser..Serializer$GT$13serialize_str17h5da1ae437f5a08a5E.llvm.8311928859024757444                                                                                                                                 -      -            
docs/verification/results/can-export-optimization-2026-10-08/profiles/actualmillion-profile/perf-cumulative.txt:42: trailing whitespace.
+     6.00%     0.00%  [.] core::ptr::drop_in_place<std::io::buffered::bufwriter::BufWriter<std::fs::File>>                                                                                                                                                                                                                       -      -            
docs/verification/results/can-export-optimization-2026-10-08/profiles/actualmillion-profile/perf-cumulative.txt:43: trailing whitespace.
+     5.78%     0.49%  [.] alloc::collections::btree::map::BTreeMap<K,V,A>::insert                                                                                                                                                                                                                                                -      -            
docs/verification/results/can-export-optimization-2026-10-08/profiles/actualmillion-profile/perf-cumulative.txt:44: trailing whitespace.
+     5.41%     0.00%  [.] serde_core::ser::SerializeMap::serialize_entry                                                                                                                                                                                                                                                         -      -            
docs/verification/results/can-export-optimization-2026-10-08/profiles/actualmillion-profile/perf-cumulative.txt:45: trailing whitespace.
+     5.36%     0.20%  [.] _ZN10serde_json5value3ser81_$LT$impl$u20$serde_core..ser..Serialize$u20$for$u20$serde_json..value..Value$GT$9serialize17ha7c644a91789ab7aE.llvm.8311928859024757444                                                                                                                                    -      -            
docs/verification/results/can-export-optimization-2026-10-08/profiles/actualmillion-profile/perf-cumulative.txt:46: trailing whitespace.
+     5.35%     0.15%  [.] _ZN13dir_simulator6output9disk_sort9RunReader8next_row17h4a0880cda17e6af5E.llvm.16607043180752822961                                                                                                                                                                                                   -      -            
docs/verification/results/can-export-optimization-2026-10-08/profiles/actualmillion-profile/perf-cumulative.txt:47: trailing whitespace.
+     4.95%     0.22%  [.] core::slice::sort::stable::drift::sort                                                                                                                                                                                                                                                                 -      -            
docs/verification/results/can-export-optimization-2026-10-08/profiles/actualmillion-profile/perf-cumulative.txt:48: trailing whitespace.
+     4.95%     0.00%  [.] core::slice::sort::stable::driftsort_main                                                                                                                                                                                                                                                              -      -            
docs/verification/results/can-export-optimization-2026-10-08/profiles/actualmillion-profile/perf-cumulative.txt:49: trailing whitespace.
+     4.84%     0.13%  [.] alloc::raw_vec::RawVecInner<A>::reserve::do_reserve_and_handle                                                                                                                                                                                                                                         -      -            
docs/verification/results/can-export-optimization-2026-10-08/profiles/actualmillion-profile/perf-cumulative.txt:50: trailing whitespace.
+     4.65%     0.05%  [.] realloc                                                                                                                                                                                                                                                                                                -      -            
docs/verification/results/can-export-optimization-2026-10-08/profiles/actualmillion-profile/perf-cumulative.txt:51: trailing whitespace.
+     4.64%     0.09%  [.] serde_json::de::from_trait                                                                                                                                                                                                                                                                             -      -            
docs/verification/results/can-export-optimization-2026-10-08/profiles/actualmillion-profile/perf-cumulative.txt:52: trailing whitespace.
+     4.55%     0.46%  [.] <&mut serde_json::de::Deserializer<R> as serde_core::de::Deserializer>::deserialize_struct                                                                                                                                                                                                             -      -            
docs/verification/results/can-export-optimization-2026-10-08/profiles/actualmillion-profile/perf-cumulative.txt:53: trailing whitespace.
+     4.53%     0.00%  [.] 0x00007db2b74ad124                                                                                                                                                                                                                                                                                     -      -            
docs/verification/results/can-export-optimization-2026-10-08/profiles/actualmillion-profile/perf-cumulative.txt:54: trailing whitespace.
+     4.52%     0.60%  [.] <alloc::string::String as core::clone::Clone>::clone                                                                                                                                                                                                                                                   -      -            
docs/verification/results/can-export-optimization-2026-10-08/profiles/actualmillion-profile/perf-cumulative.txt:55: trailing whitespace.
+     4.44%     2.05%  [.] alloc::collections::btree::map::entry::VacantEntry<K,V,A>::insert_entry                                                                                                                                                                                                                                -      -            
docs/verification/results/can-export-optimization-2026-10-08/profiles/actualmillion-profile/perf-cumulative.txt:56: trailing whitespace.
+     4.34%     0.04%  [.] dir_simulator::runtime::can_archive::CanArchive::append                                                                                                                                                                                                                                                -      -            
docs/verification/results/can-export-optimization-2026-10-08/profiles/actualmillion-profile/perf-cumulative.txt:57: trailing whitespace.
+     4.33%     0.27%  [.] <alloc::vec::Vec<T> as alloc::vec::spec_from_iter::SpecFromIter<T,I>>::from_iter                                                                                                                                                                                                                       -      -            
docs/verification/results/can-export-optimization-2026-10-08/profiles/actualmillion-profile/perf-cumulative.txt:58: trailing whitespace.
+     3.99%     0.96%  [.] _ZN5alloc11collections5btree3map25IntoIter$LT$K$C$V$C$A$GT$10dying_next17h721c75f26a24fd18E.llvm.5586303551719632091                                                                                                                                                                                   -      -            
docs/verification/results/can-export-optimization-2026-10-08/profiles/actualmillion-profile/perf-cumulative.txt:59: trailing whitespace.
+     3.62%     0.00%  [.] 0x00007db2b74ac2b4                                                                                                                                                                                                                                                                                     -      -            
docs/verification/results/can-export-optimization-2026-10-08/profiles/actualmillion-profile/perf-cumulative.txt:60: trailing whitespace.
+     3.52%     0.06%  [.] serde_core::ser::SerializeMap::serialize_entry                                                                                                                                                                                                                                                         -      -            
docs/verification/results/can-export-optimization-2026-10-08/profiles/actualmillion-profile/perf-cumulative.txt:61: trailing whitespace.
+     3.45%     0.06%  [.] dir_simulator::snapshot::can::_::<impl serde_core::ser::Serialize for dir_simulator::snapshot::can::Receiver>::serialize                                                                                                                                                                               -      -            
docs/verification/results/can-export-optimization-2026-10-08/profiles/actualmillion-profile/perf-cumulative.txt:62: trailing whitespace.
+     3.41%     0.00%  [.] 0x00007db2b74abb6f                                                                                                                                                                                                                                                                                     -      -            
docs/verification/results/can-export-optimization-2026-10-08/profiles/actualmillion-profile/perf-cumulative.txt:63: trailing whitespace.
+     3.24%     0.60%  [.] _ZN98_$LT$$RF$mut$u20$serde_json..de..Deserializer$LT$R$GT$$u20$as$u20$serde_core..de..Deserializer$GT$15deserialize_any17hfa62e63b86197278E.llvm.2896660671304784589                                                                                                                                  -      -            
docs/verification/results/can-export-optimization-2026-10-08/profiles/actualmillion-profile/perf-cumulative.txt:64: trailing whitespace.
+     3.15%     3.15%  [.] 0x00000000000a9bdd                                                                                                                                                                                                                                                                                     -      -            
docs/verification/results/can-export-optimization-2026-10-08/profiles/actualmillion-profile/perf-cumulative.txt:65: trailing whitespace.
+     3.15%     0.00%  [.] 0x00007db2b74a9bdd                                                                                                                                                                                                                                                                                     -      -            
docs/verification/results/can-export-optimization-2026-10-08/profiles/actualmillion-profile/perf-cumulative.txt:66: trailing whitespace.
+     3.09%     0.35%  [.] <serde_json::value::de::<impl serde_core::de::Deserialize for serde_json::value::Value>::deserialize::ValueVisitor as serde_core::de::Visitor>::visit_map                                                                                                                                              -      -            
docs/verification/results/can-export-optimization-2026-10-08/profiles/actualmillion-profile/perf-cumulative.txt:67: trailing whitespace.
+     2.93%     2.93%  [.] 0x00000000000a9be3                                                                                                                                                                                                                                                                                     -      -            
docs/verification/results/can-export-optimization-2026-10-08/profiles/actualmillion-profile/perf-cumulative.txt:68: trailing whitespace.
+     2.93%     0.00%  [.] 0x00007db2b74a9be3                                                                                                                                                                                                                                                                                     -      -            
docs/verification/results/can-export-optimization-2026-10-08/profiles/actualmillion-profile/perf-cumulative.txt:69: trailing whitespace.
+     2.78%     2.06%  [.] alloc::collections::binary_heap::BinaryHeap<T,A>::pop                                                                                                                                                                                                                                                  -      -            
docs/verification/results/can-export-optimization-2026-10-08/profiles/actualmillion-profile/perf-cumulative.txt:70: trailing whitespace.
+     2.71%     2.71%  [.] 0x00000000000ab8e6                                                                                                                                                                                                                                                                                     -      -            
docs/verification/results/can-export-optimization-2026-10-08/profiles/actualmillion-profile/perf-cumulative.txt:71: trailing whitespace.
+     2.71%     0.00%  [.] 0x00007db2b74ab8e6                                                                                                                                                                                                                                                                                     -      -            
docs/verification/results/can-export-optimization-2026-10-08/profiles/actualmillion-profile/perf-cumulative.txt:72: trailing whitespace.
+     2.61%     0.00%  [.] 0x00007db2b74a9e0a                                                                                                                                                                                                                                                                                     -      -            
docs/verification/results/can-export-optimization-2026-10-08/profiles/actualmillion-profile/perf-cumulative.txt:73: trailing whitespace.
+     2.54%     0.49%  [.] serde_core::ser::SerializeMap::serialize_entry                                                                                                                                                                                                                                                         -      -            
docs/verification/results/can-export-optimization-2026-10-08/profiles/actualmillion-profile/perf-cumulative.txt:74: trailing whitespace.
+     2.53%     2.53%  [.] <alloc::collections::btree::map::Iter<K,V> as core::iter::traits::iterator::Iterator>::next                                                                                                                                                                                                            -      -            
docs/verification/results/can-export-optimization-2026-10-08/profiles/actualmillion-profile/perf-cumulative.txt:75: trailing whitespace.
+     2.36%     2.36%  [.] 0x000000000018891d                                                                                                                                                                                                                                                                                     -      -            
docs/verification/results/can-export-optimization-2026-10-08/profiles/actualmillion-profile/perf-cumulative.txt:76: trailing whitespace.
+     2.36%     0.00%  [.] 0x00007db2b758891d                                                                                                                                                                                                                                                                                     -      -            
docs/verification/results/can-export-optimization-2026-10-08/profiles/actualmillion-profile/perf-cumulative.txt:77: trailing whitespace.
+     2.34%     0.52%  [.] dir_simulator::runtime::engine::Engine::point                                                                                                                                                                                                                                                          -      -            
docs/verification/results/can-export-optimization-2026-10-08/profiles/actualmillion-profile/perf-cumulative.txt:78: trailing whitespace.
+     2.33%     1.22%  [.] serde_core::ser::SerializeMap::serialize_entry                                                                                                                                                                                                                                                         -      -            
docs/verification/results/can-export-optimization-2026-10-08/profiles/actualmillion-profile/perf-cumulative.txt:79: trailing whitespace.
+     2.31%     0.01%  [.] dir_simulator::allocation::reserve_vec                                                                                                                                                                                                                                                                 -      -            
docs/verification/results/can-export-optimization-2026-10-08/profiles/actualmillion-profile/perf-cumulative.txt:80: trailing whitespace.
+     2.30%     2.30%  [.] 0x00000000000a9d41                                                                                                                                                                                                                                                                                     -      -            
docs/verification/results/can-export-optimization-2026-10-08/profiles/actualmillion-profile/perf-cumulative.txt:81: trailing whitespace.
+     2.30%     0.00%  [.] 0x00007db2b74a9d41                                                                                                                                                                                                                                                                                     -      -            
docs/verification/results/can-export-optimization-2026-10-08/profiles/actualmillion-profile/perf-cumulative.txt:82: trailing whitespace.
+     2.26%     1.40%  [.] core::slice::sort::stable::merge::merge                                                                                                                                                                                                                                                                -      -            
docs/verification/results/can-export-optimization-2026-10-08/profiles/actualmillion-profile/perf-cumulative.txt:83: trailing whitespace.
+     2.25%     0.00%  [.] 0x00007db2b74a9db9                                                                                                                                                                                                                                                                                     -      -            
docs/verification/results/can-export-optimization-2026-10-08/profiles/actualmillion-profile/perf-cumulative.txt:84: trailing whitespace.
+     2.13%     0.62%  [.] core::ops::function::impls::<impl core::ops::function::FnOnce<A> for &mut F>::call_once                                                                                                                                                                                                                -      -            
docs/verification/results/can-export-optimization-2026-10-08/profiles/actualmillion-profile/perf-cumulative.txt:85: trailing whitespace.
+     2.07%     0.34%  [.] serde_core::ser::SerializeMap::serialize_entry                                                                                                                                                                                                                                                         -      -            
docs/verification/results/can-export-optimization-2026-10-08/profiles/actualmillion-profile/perf-cumulative.txt:86: trailing whitespace.
+     2.04%     0.78%  [.] core::slice::sort::stable::quicksort::quicksort                                                                                                                                                                                                                                                        -      -            
docs/verification/results/can-export-optimization-2026-10-08/profiles/actualmillion-profile/perf-cumulative.txt:87: trailing whitespace.
+     1.86%     0.00%  [.] <dir_simulator::runtime::can_archive::ArchivedRequests as core::iter::traits::iterator::Iterator>::next                                                                                                                                                                                                -      -            
docs/verification/results/can-export-optimization-2026-10-08/profiles/actualmillion-profile/perf-cumulative.txt:88: trailing whitespace.
+     1.83%     1.83%  [.] 0x00000000000a9ce6                                                                                                                                                                                                                                                                                     -      -            
docs/verification/results/can-export-optimization-2026-10-08/profiles/actualmillion-profile/perf-cumulative.txt:89: trailing whitespace.
+     1.83%     0.00%  [.] 0x00007db2b74a9ce6                                                                                                                                                                                                                                                                                     -      -            
docs/verification/results/can-export-optimization-2026-10-08/profiles/actualmillion-profile/perf-cumulative.txt:90: trailing whitespace.
+     1.68%     1.68%  [.] 0x0000000000188e05                                                                                                                                                                                                                                                                                     -      -            
docs/verification/results/can-export-optimization-2026-10-08/profiles/actualmillion-profile/perf-cumulative.txt:91: trailing whitespace.
+     1.68%     0.00%  [.] 0x00007db2b7588e05                                                                                                                                                                                                                                                                                     -      -            
docs/verification/results/can-export-optimization-2026-10-08/profiles/actualmillion-profile/perf-cumulative.txt:92: trailing whitespace.
+     1.67%     1.38%  [.] dir_simulator::runtime::scheduler::<impl dir_simulator::runtime::engine::Engine>::publish                                                                                                                                                                                                              -      -            
docs/verification/results/can-export-optimization-2026-10-08/profiles/actualmillion-profile/perf-cumulative.txt:93: trailing whitespace.
+     1.65%     0.02%  [.] <&mut serde_json::de::Deserializer<R> as serde_core::de::Deserializer>::deserialize_struct                                                                                                                                                                                                             -      -            
docs/verification/results/can-export-optimization-2026-10-08/profiles/actualmillion-profile/perf-cumulative.txt:94: trailing whitespace.
+     1.65%     0.00%  [.] serde_json::de::from_trait                                                                                                                                                                                                                                                                             -      -            
docs/verification/results/can-export-optimization-2026-10-08/profiles/actualmillion-profile/perf-cumulative.txt:95: trailing whitespace.
+     1.58%     1.58%  [.] <u64 as itoa::Unsigned>::fmt                                                                                                                                                                                                                                                                           -      -            
docs/verification/results/can-export-optimization-2026-10-08/profiles/actualmillion-profile/perf-cumulative.txt:96: trailing whitespace.
+     1.54%     0.16%  [.] dir_simulator::runtime::can_archive::Active<T>::extend                                                                                                                                                                                                                                                 -      -            
docs/verification/results/can-export-optimization-2026-10-08/profiles/actualmillion-profile/perf-cumulative.txt:97: trailing whitespace.
+     1.50%     0.52%  [.] serde_core::ser::SerializeMap::serialize_entry                                                                                                                                                                                                                                                         -      -            
docs/verification/results/can-export-optimization-2026-10-08/profiles/actualmillion-profile/perf-cumulative.txt:98: trailing whitespace.
+     1.42%     0.01%  [.] <&mut serde_json::de::Deserializer<R> as serde_core::de::Deserializer>::deserialize_seq                                                                                                                                                                                                                -      -            
docs/verification/results/can-export-optimization-2026-10-08/profiles/actualmillion-profile/perf-cumulative.txt:99: trailing whitespace.
+     1.40%     0.12%  [.] <serde_core::de::impls::<impl serde_core::de::Deserialize for alloc::vec::Vec<T>>::deserialize::VecVisitor<T> as serde_core::de::Visitor>::visit_seq                                                                                                                                                   -      -            
docs/verification/results/can-export-optimization-2026-10-08/profiles/actualmillion-profile/perf-cumulative.txt:100: trailing whitespace.
+     1.39%     1.39%  [.] 0x00000000000ab8b5                                                                                                                                                                                                                                                                                     -      -            
docs/verification/results/can-export-optimization-2026-10-08/profiles/actualmillion-profile/perf-cumulative.txt:101: trailing whitespace.
+     1.39%     0.00%  [.] 0x00007db2b74ab8b5                                                                                                                                                                                                                                                                                     -      -            
docs/verification/results/can-export-optimization-2026-10-08/profiles/actualmillion-profile/perf-cumulative.txt:102: trailing whitespace.
+     1.38%     0.90%  [.] alloc::collections::btree::map::entry::VacantEntry<K,V,A>::insert_entry                                                                                                                                                                                                                                -      -            
docs/verification/results/can-export-optimization-2026-10-08/profiles/actualmillion-profile/perf-cumulative.txt:103: trailing whitespace.
+     1.35%     0.28%  [.] alloc::collections::btree::map::entry::OccupiedEntry<K,V,A>::remove_kv                                                                                                                                                                                                                                 -      -            
docs/verification/results/can-export-optimization-2026-10-08/profiles/actualmillion-profile/perf-cumulative.txt:104: trailing whitespace.
+     1.34%     0.20%  [.] serde_core::ser::SerializeMap::serialize_entry                                                                                                                                                                                                                                                         -      -            
docs/verification/results/can-export-optimization-2026-10-08/profiles/actualmillion-profile/perf-cumulative.txt:105: trailing whitespace.
+     1.27%     0.13%  [.] serde_core::ser::SerializeMap::serialize_entry                                                                                                                                                                                                                                                         -      -            
docs/verification/results/can-export-optimization-2026-10-08/profiles/actualmillion-profile/perf-cumulative.txt:106: trailing whitespace.
+     1.19%     1.19%  [.] 0x00000000000a9bc9                                                                                                                                                                                                                                                                                     -      -            
docs/verification/results/can-export-optimization-2026-10-08/profiles/actualmillion-profile/perf-cumulative.txt:107: trailing whitespace.
+     1.19%     0.00%  [.] 0x00007db2b74a9bc9                                                                                                                                                                                                                                                                                     -      -            
docs/verification/results/can-export-optimization-2026-10-08/profiles/actualmillion-profile/perf-cumulative.txt:108: trailing whitespace.
+     1.18%     1.18%  [.] 0x0000000000188d80                                                                                                                                                                                                                                                                                     -      -            
docs/verification/results/can-export-optimization-2026-10-08/profiles/actualmillion-profile/perf-cumulative.txt:109: trailing whitespace.
+     1.18%     0.00%  [.] 0x00007db2b7588d80                                                                                                                                                                                                                                                                                     -      -            
docs/verification/results/can-export-optimization-2026-10-08/profiles/actualmillion-profile/perf-cumulative.txt:110: trailing whitespace.
+     1.14%     0.03%  [.] core::ptr::drop_in_place<dir_simulator::snapshot::common::Point>                                                                                                                                                                                                                                       -      -            
docs/verification/results/can-export-optimization-2026-10-08/profiles/actualmillion-profile/perf-cumulative.txt:111: trailing whitespace.
+     1.05%     0.47%  [.] serde_core::ser::SerializeMap::serialize_entry                                                                                                                                                                                                                                                         -      -            
docs/verification/results/can-export-optimization-2026-10-08/profiles/actualmillion-profile/perf-cumulative.txt:112: trailing whitespace.
+     1.05%     0.05%  [.] alloc::collections::btree::remove::<impl alloc::collections::btree::node::Handle<alloc::collections::btree::node::NodeRef<alloc::collections::btree::node::marker::Mut,K,V,alloc::collections::btree::node::marker::LeafOrInternal>,alloc::collections::btree::node::marker::KV>>::remove_kv_tracking  -      -            
docs/verification/results/can-export-optimization-2026-10-08/profiles/actualmillion-profile/perf-cumulative.txt:113: trailing whitespace.
+     1.01%     1.01%  [.] 0x00000000000abf50                                                                                                                                                                                                                                                                                     -      -            
docs/verification/results/can-export-optimization-2026-10-08/profiles/actualmillion-profile/perf-cumulative.txt:114: trailing whitespace.
+     1.01%     0.00%  [.] 0x00007db2b74abf50                                                                                                                                                                                                                                                                                     -      -            
docs/verification/results/can-export-optimization-2026-10-08/profiles/actualmillion-profile/perf-cumulative.txt:115: trailing whitespace.
+     1.00%     0.40%  [.] alloc::collections::btree::remove::<impl alloc::collections::btree::node::Handle<alloc::collections::btree::node::NodeRef<alloc::collections::btree::node::marker::Mut,K,V,alloc::collections::btree::node::marker::Leaf>,alloc::collections::btree::node::marker::KV>>::remove_leaf_kv                -      -            
docs/verification/results/can-export-optimization-2026-10-08/profiles/actualmillion-profile/perf-cumulative.txt:116: trailing whitespace.
+     0.91%     0.91%  [.] _ZN69_$LT$core..cmp..Reverse$LT$T$GT$$u20$as$u20$core..cmp..PartialOrd$GT$2le17h7293bc8d1d24b724E.llvm.3738227957022101406                                                                                                                                                                             -      -            
docs/verification/results/can-export-optimization-2026-10-08/profiles/actualmillion-profile/perf-cumulative.txt:117: trailing whitespace.
+     0.87%     0.12%  [.] <serde_json::de::SeqAccess<R> as serde_core::de::SeqAccess>::next_element_seed                                                                                                                                                                                                                         -      -            
docs/verification/results/can-export-optimization-2026-10-08/profiles/actualmillion-profile/perf-cumulative.txt:118: trailing whitespace.
+     0.86%     0.85%  [.] <serde_json::read::StrRead as serde_json::read::Read>::parse_str                                                                                                                                                                                                                                       -      -            
docs/verification/results/can-export-optimization-2026-10-08/profiles/actualmillion-profile/perf-cumulative.txt:119: trailing whitespace.
+     0.76%     0.06%  [.] std::io::append_to_string                                                                                                                                                                                                                                                                              -      -            
docs/verification/results/can-export-optimization-2026-10-08/profiles/actualmillion-profile/perf-cumulative.txt:120: trailing whitespace.
+     0.74%     0.32%  [.] alloc::collections::btree::map::BTreeMap<K,V,A>::entry                                                                                                                                                                                                                                                 -      -            
docs/verification/results/can-export-optimization-2026-10-08/profiles/actualmillion-profile/perf-cumulative.txt:121: trailing whitespace.
+     0.72%     0.06%  [.] core::ptr::drop_in_place<dir_simulator::runtime::can_archive::ArchivedRequest>                                                                                                                                                                                                                         -      -            
docs/verification/results/can-export-optimization-2026-10-08/profiles/actualmillion-profile/perf-cumulative.txt:122: trailing whitespace.
+     0.64%     0.05%  [.] dir_simulator::output::model_records::request_json                                                                                                                                                                                                                                                     -      -            
docs/verification/results/can-export-optimization-2026-10-08/profiles/actualmillion-profile/perf-cumulative.txt:123: trailing whitespace.
+     0.63%     0.39%  [.] _ZN5alloc11collections5btree3map25IntoIter$LT$K$C$V$C$A$GT$10dying_next17hda67962cbf09a3ccE.llvm.5586303551719632091                                                                                                                                                                                   -      -            
docs/verification/results/can-export-optimization-2026-10-08/profiles/actualmillion-profile/perf-cumulative.txt:124: trailing whitespace.
+     0.61%     0.03%  [.] dir_simulator::snapshot::can::_::<impl serde_core::ser::Serialize for dir_simulator::snapshot::can::Request>::serialize                                                                                                                                                                                -      -            
docs/verification/results/can-export-optimization-2026-10-08/profiles/actualmillion-profile/perf-cumulative.txt:125: trailing whitespace.
+     0.60%     0.06%  [.] alloc::fmt::format::format_inner                                                                                                                                                                                                                                                                       -      -            
docs/verification/results/can-export-optimization-2026-10-08/profiles/actualmillion-profile/perf-cumulative.txt:126: trailing whitespace.
+     0.59%     0.11%  [.] serde_core::ser::SerializeMap::serialize_entry                                                                                                                                                                                                                                                         -      -            
docs/verification/results/can-export-optimization-2026-10-08/profiles/actualmillion-profile/perf-cumulative.txt:127: trailing whitespace.
+     0.56%     0.03%  [.] <&mut serde_json::de::Deserializer<R> as serde_core::de::Deserializer>::deserialize_string                                                                                                                                                                                                             -      -            
docs/verification/results/can-export-optimization-2026-10-08/profiles/actualmillion-profile/perf-cumulative.txt:128: trailing whitespace.
+     0.55%     0.08%  [.] core::fmt::write                                                                                                                                                                                                                                                                                       -      -            
docs/verification/results/can-export-optimization-2026-10-08/profiles/actualmillion-profile/perf-cumulative.txt:129: trailing whitespace.
+     0.53%     0.38%  [.] alloc::collections::btree::node::Handle<alloc::collections::btree::node::NodeRef<alloc::collections::btree::node::marker::Mut,K,V,alloc::collections::btree::node::marker::Leaf>,alloc::collections::btree::node::marker::Edge>::insert_recursing                                                      -      -            
docs/verification/results/can-export-optimization-2026-10-08/profiles/actualmillion-profile/perf-cumulative.txt:130: trailing whitespace.
+     0.51%     0.51%  [.] 0x00000000000ab2d7                                                                                                                                                                                                                                                                                     -      -            
docs/verification/results/can-export-optimization-2026-10-08/profiles/actualmillion-profile/perf-cumulative.txt:131: trailing whitespace.
+     0.51%     0.00%  [.] 0x00007db2b74ab2d7                                                                                                                                                                                                                                                                                     -      -            
docs/verification/results/can-export-optimization-2026-10-08/profiles/actualmillion-profile/perf-flat.txt:12: trailing whitespace.
+     6.08%  [.] _ZN100_$LT$$RF$mut$u20$serde_json..ser..Serializer$LT$W$C$F$GT$$u20$as$u20$serde_core..ser..Serializer$GT$13serialize_str17h5da1ae437f5a08a5E.llvm.8311928859024757444                                                                                                                                 -      -            
docs/verification/results/can-export-optimization-2026-10-08/profiles/actualmillion-profile/perf-flat.txt:13: trailing whitespace.
+     4.16%  [.] cfree                                                                                                                                                                                                                                                                                                  -      -            
docs/verification/results/can-export-optimization-2026-10-08/profiles/actualmillion-profile/perf-flat.txt:14: trailing whitespace.
+     3.37%  [.] serde_json::ser::format_escaped_str                                                                                                                                                                                                                                                                    -      -            
docs/verification/results/can-export-optimization-2026-10-08/profiles/actualmillion-profile/perf-flat.txt:15: trailing whitespace.
+     3.15%  [.] 0x00000000000a9bdd                                                                                                                                                                                                                                                                                     -      -            
docs/verification/results/can-export-optimization-2026-10-08/profiles/actualmillion-profile/perf-flat.txt:16: trailing whitespace.
+     2.93%  [.] 0x00000000000a9be3                                                                                                                                                                                                                                                                                     -      -            
docs/verification/results/can-export-optimization-2026-10-08/profiles/actualmillion-profile/perf-flat.txt:17: trailing whitespace.
+     2.86%  [.] malloc                                                                                                                                                                                                                                                                                                 -      -            
docs/verification/results/can-export-optimization-2026-10-08/profiles/actualmillion-profile/perf-flat.txt:18: trailing whitespace.
+     2.71%  [.] 0x00000000000ab8e6                                                                                                                                                                                                                                                                                     -      -            
docs/verification/results/can-export-optimization-2026-10-08/profiles/actualmillion-profile/perf-flat.txt:19: trailing whitespace.
+     2.53%  [.] <alloc::collections::btree::map::Iter<K,V> as core::iter::traits::iterator::Iterator>::next                                                                                                                                                                                                            -      -            
docs/verification/results/can-export-optimization-2026-10-08/profiles/actualmillion-profile/perf-flat.txt:20: trailing whitespace.
+     2.36%  [.] 0x000000000018891d                                                                                                                                                                                                                                                                                     -      -            
docs/verification/results/can-export-optimization-2026-10-08/profiles/actualmillion-profile/perf-flat.txt:21: trailing whitespace.
+     2.30%  [.] 0x00000000000a9d41                                                                                                                                                                                                                                                                                     -      -            
docs/verification/results/can-export-optimization-2026-10-08/profiles/actualmillion-profile/perf-flat.txt:22: trailing whitespace.
+     2.22%  [.] dir_simulator::runtime::engine::Engine::handle                                                                                                                                                                                                                                                         -      -            
docs/verification/results/can-export-optimization-2026-10-08/profiles/actualmillion-profile/perf-flat.txt:23: trailing whitespace.
+     2.09%  [.] dir_simulator::runtime::engine::simulate                                                                                                                                                                                                                                                               -      -            
docs/verification/results/can-export-optimization-2026-10-08/profiles/actualmillion-profile/perf-flat.txt:24: trailing whitespace.
+     2.06%  [.] alloc::collections::binary_heap::BinaryHeap<T,A>::pop                                                                                                                                                                                                                                                  -      -            
docs/verification/results/can-export-optimization-2026-10-08/profiles/actualmillion-profile/perf-flat.txt:25: trailing whitespace.
+     2.05%  [.] alloc::collections::btree::map::entry::VacantEntry<K,V,A>::insert_entry                                                                                                                                                                                                                                -      -            
docs/verification/results/can-export-optimization-2026-10-08/profiles/actualmillion-profile/perf-flat.txt:26: trailing whitespace.
+     1.83%  [.] 0x00000000000a9ce6                                                                                                                                                                                                                                                                                     -      -            
docs/verification/results/can-export-optimization-2026-10-08/profiles/actualmillion-profile/perf-flat.txt:27: trailing whitespace.
+     1.68%  [.] 0x0000000000188e05                                                                                                                                                                                                                                                                                     -      -            
docs/verification/results/can-export-optimization-2026-10-08/profiles/actualmillion-profile/perf-flat.txt:28: trailing whitespace.
+     1.58%  [.] <u64 as itoa::Unsigned>::fmt                                                                                                                                                                                                                                                                           -      -            
docs/verification/results/can-export-optimization-2026-10-08/profiles/actualmillion-profile/perf-flat.txt:29: trailing whitespace.
+     1.57%  [.] core::ptr::drop_in_place<[dir_simulator::output::disk_sort::Row]>                                                                                                                                                                                                                                      -      -            
docs/verification/results/can-export-optimization-2026-10-08/profiles/actualmillion-profile/perf-flat.txt:30: trailing whitespace.
+     1.40%  [.] core::slice::sort::stable::merge::merge                                                                                                                                                                                                                                                                -      -            
docs/verification/results/can-export-optimization-2026-10-08/profiles/actualmillion-profile/perf-flat.txt:31: trailing whitespace.
+     1.39%  [.] 0x00000000000ab8b5                                                                                                                                                                                                                                                                                     -      -            
docs/verification/results/can-export-optimization-2026-10-08/profiles/actualmillion-profile/perf-flat.txt:32: trailing whitespace.
+     1.38%  [.] dir_simulator::runtime::scheduler::<impl dir_simulator::runtime::engine::Engine>::publish                                                                                                                                                                                                              -      -            
docs/verification/results/can-export-optimization-2026-10-08/profiles/actualmillion-profile/perf-flat.txt:33: trailing whitespace.
+     1.35%  [.] _ZN10serde_json5value3ser81_$LT$impl$u20$serde_core..ser..Serialize$u20$for$u20$serde_json..value..Value$GT$9serialize17he6e89d63aebe78bdE.llvm.8311928859024757444                                                                                                                                    -      -            
docs/verification/results/can-export-optimization-2026-10-08/profiles/actualmillion-profile/perf-flat.txt:34: trailing whitespace.
+     1.24%  [.] dir_simulator::output::stream::prepare                                                                                                                                                                                                                                                                 -      -            
docs/verification/results/can-export-optimization-2026-10-08/profiles/actualmillion-profile/perf-flat.txt:35: trailing whitespace.
+     1.22%  [.] serde_core::ser::SerializeMap::serialize_entry                                                                                                                                                                                                                                                         -      -            
docs/verification/results/can-export-optimization-2026-10-08/profiles/actualmillion-profile/perf-flat.txt:36: trailing whitespace.
+     1.19%  [.] 0x00000000000a9bc9                                                                                                                                                                                                                                                                                     -      -            
docs/verification/results/can-export-optimization-2026-10-08/profiles/actualmillion-profile/perf-flat.txt:37: trailing whitespace.
+     1.18%  [.] 0x0000000000188d80                                                                                                                                                                                                                                                                                     -      -            
docs/verification/results/can-export-optimization-2026-10-08/profiles/actualmillion-profile/perf-flat.txt:38: trailing whitespace.
+     1.01%  [.] 0x00000000000abf50                                                                                                                                                                                                                                                                                     -      -            
docs/verification/results/can-export-optimization-2026-10-08/profiles/actualmillion-profile/perf-flat.txt:39: trailing whitespace.
+     0.96%  [.] _ZN5alloc11collections5btree3map25IntoIter$LT$K$C$V$C$A$GT$10dying_next17h721c75f26a24fd18E.llvm.5586303551719632091                                                                                                                                                                                   -      -            
docs/verification/results/can-export-optimization-2026-10-08/profiles/actualmillion-profile/perf-flat.txt:40: trailing whitespace.
+     0.94%  [.] dir_simulator::output::disk_sort::Sorter::merge                                                                                                                                                                                                                                                        -      -            
docs/verification/results/can-export-optimization-2026-10-08/profiles/actualmillion-profile/perf-flat.txt:41: trailing whitespace.
+     0.91%  [.] _ZN69_$LT$core..cmp..Reverse$LT$T$GT$$u20$as$u20$core..cmp..PartialOrd$GT$2le17h7293bc8d1d24b724E.llvm.3738227957022101406                                                                                                                                                                             -      -            
docs/verification/results/can-export-optimization-2026-10-08/profiles/actualmillion-profile/perf-flat.txt:42: trailing whitespace.
+     0.90%  [.] alloc::collections::btree::map::entry::VacantEntry<K,V,A>::insert_entry                                                                                                                                                                                                                                -      -            
docs/verification/results/can-export-optimization-2026-10-08/profiles/actualmillion-profile/perf-flat.txt:43: trailing whitespace.
+     0.85%  [.] <serde_json::read::StrRead as serde_json::read::Read>::parse_str                                                                                                                                                                                                                                       -      -            
docs/verification/results/can-export-optimization-2026-10-08/profiles/actualmillion-profile/perf-flat.txt:44: trailing whitespace.
+     0.78%  [.] core::slice::sort::stable::quicksort::quicksort                                                                                                                                                                                                                                                        -      -            
docs/verification/results/can-export-optimization-2026-10-08/profiles/actualmillion-profile/perf-flat.txt:45: trailing whitespace.
+     0.67%  [.] _ZN4core3ptr117drop_in_place$LT$alloc..collections..btree..map..IntoIter$LT$alloc..string..String$C$serde_json..value..Value$GT$$GT$17h534e96d460f63b44E.llvm.5586303551719632091                                                                                                                      -      -            
docs/verification/results/can-export-optimization-2026-10-08/profiles/actualmillion-profile/perf-flat.txt:46: trailing whitespace.
+     0.62%  [.] core::ops::function::impls::<impl core::ops::function::FnOnce<A> for &mut F>::call_once                                                                                                                                                                                                                -      -            
docs/verification/results/can-export-optimization-2026-10-08/profiles/actualmillion-profile/perf-flat.txt:47: trailing whitespace.
+     0.60%  [.] <alloc::string::String as core::clone::Clone>::clone                                                                                                                                                                                                                                                   -      -            
docs/verification/results/can-export-optimization-2026-10-08/profiles/actualmillion-profile/perf-flat.txt:48: trailing whitespace.
+     0.60%  [.] _ZN98_$LT$$RF$mut$u20$serde_json..de..Deserializer$LT$R$GT$$u20$as$u20$serde_core..de..Deserializer$GT$15deserialize_any17hfa62e63b86197278E.llvm.2896660671304784589                                                                                                                                  -      -            
docs/verification/results/can-export-optimization-2026-10-08/profiles/actualmillion-profile/perf-flat.txt:49: trailing whitespace.
+     0.52%  [.] dir_simulator::runtime::engine::Engine::point                                                                                                                                                                                                                                                          -      -            
docs/verification/results/can-export-optimization-2026-10-08/profiles/actualmillion-profile/perf-flat.txt:50: trailing whitespace.
+     0.52%  [.] serde_core::ser::SerializeMap::serialize_entry                                                                                                                                                                                                                                                         -      -            
docs/verification/results/can-export-optimization-2026-10-08/profiles/actualmillion-profile/perf-flat.txt:51: trailing whitespace.
+     0.51%  [.] 0x00000000000ab2d7                                                                                                                                                                                                                                                                                     -      -            
docs/verification/results/can-export-optimization-2026-10-08/profiles/baseline-perf-cumulative.txt:12: trailing whitespace.
+    99.60%     0.00%  [.] 0xffffffffffffffff                                                                                                                                                                                                                                                                                                                                -      -            
docs/verification/results/can-export-optimization-2026-10-08/profiles/baseline-perf-cumulative.txt:13: trailing whitespace.
+    97.96%     0.00%  [.] dir_simulator::output::export                                                                                                                                                                                                                                                                                                                     -      -            
docs/verification/results/can-export-optimization-2026-10-08/profiles/baseline-perf-cumulative.txt:14: trailing whitespace.
+    97.73%     0.00%  [.] dir_simulator::run::run_with_diagnostics                                                                                                                                                                                                                                                                                                          -      -            
docs/verification/results/can-export-optimization-2026-10-08/profiles/baseline-perf-cumulative.txt:15: trailing whitespace.
+    93.13%     0.00%  [.] dir_simulator::run::run_config_with_registry                                                                                                                                                                                                                                                                                                      -      -            
docs/verification/results/can-export-optimization-2026-10-08/profiles/baseline-perf-cumulative.txt:16: trailing whitespace.
+    71.59%     0.19%  [.] dir_simulator::output::stream::prepare                                                                                                                                                                                                                                                                                                            -      -            
docs/verification/results/can-export-optimization-2026-10-08/profiles/baseline-perf-cumulative.txt:17: trailing whitespace.
+    50.62%     0.00%  [.] dir_simulator::run::run_config                                                                                                                                                                                                                                                                                                                    -      -            
docs/verification/results/can-export-optimization-2026-10-08/profiles/baseline-perf-cumulative.txt:18: trailing whitespace.
+    44.22%     0.00%  [.] dir_simulator::main                                                                                                                                                                                                                                                                                                                               -      -            
docs/verification/results/can-export-optimization-2026-10-08/profiles/baseline-perf-cumulative.txt:19: trailing whitespace.
+    37.10%     0.12%  [.] dir_simulator::output::disk_sort::Sorter::push                                                                                                                                                                                                                                                                                                    -      -            
docs/verification/results/can-export-optimization-2026-10-08/profiles/baseline-perf-cumulative.txt:20: trailing whitespace.
+    36.72%     0.12%  [.] dir_simulator::output::stream::put_record                                                                                                                                                                                                                                                                                                         -      -            
docs/verification/results/can-export-optimization-2026-10-08/profiles/baseline-perf-cumulative.txt:21: trailing whitespace.
+    33.55%     0.99%  [.] dir_simulator::output::disk_sort::Sorter::merge                                                                                                                                                                                                                                                                                                   -      -            
docs/verification/results/can-export-optimization-2026-10-08/profiles/baseline-perf-cumulative.txt:22: trailing whitespace.
+    33.55%     0.00%  [.] dir_simulator::output::disk_sort::Sorter::flush                                                                                                                                                                                                                                                                                                   -      -            
docs/verification/results/can-export-optimization-2026-10-08/profiles/baseline-perf-cumulative.txt:23: trailing whitespace.
+    28.48%     0.19%  [.] _ZN13dir_simulator6output9disk_sort9RunReader8next_row17h4a0880cda17e6af5E.llvm.18259509388022549390                                                                                                                                                                                                                                              -      -            
docs/verification/results/can-export-optimization-2026-10-08/profiles/baseline-perf-cumulative.txt:24: trailing whitespace.
+    26.55%     0.28%  [.] serde_json::de::from_trait                                                                                                                                                                                                                                                                                                                        -      -            
docs/verification/results/can-export-optimization-2026-10-08/profiles/baseline-perf-cumulative.txt:25: trailing whitespace.
+    26.54%     0.00%  [.] dir_simulator::output::publish::stream                                                                                                                                                                                                                                                                                                            -      -            
docs/verification/results/can-export-optimization-2026-10-08/profiles/baseline-perf-cumulative.txt:26: trailing whitespace.
+    26.27%     1.07%  [.] <&mut serde_json::de::Deserializer<R> as serde_core::de::Deserializer>::deserialize_struct                                                                                                                                                                                                                                                        -      -            
docs/verification/results/can-export-optimization-2026-10-08/profiles/baseline-perf-cumulative.txt:27: trailing whitespace.
+    24.98%     0.06%  [.] dir_simulator::output::stream::windows                                                                                                                                                                                                                                                                                                            -      -            
docs/verification/results/can-export-optimization-2026-10-08/profiles/baseline-perf-cumulative.txt:28: trailing whitespace.
+    22.34%     0.00%  [.] dir_simulator::output::disk_sort::Sorter::finish                                                                                                                                                                                                                                                                                                  -      -            
docs/verification/results/can-export-optimization-2026-10-08/profiles/baseline-perf-cumulative.txt:29: trailing whitespace.
+    21.29%     2.93%  [.] _ZN10serde_json5value2de82_$LT$impl$u20$serde_core..de..Deserialize$u20$for$u20$serde_json..value..Value$GT$11deserialize17hbe9717d560688bc4E.llvm.7451018182141906940                                                                                                                                                                            -      -            
docs/verification/results/can-export-optimization-2026-10-08/profiles/baseline-perf-cumulative.txt:30: trailing whitespace.
+    20.99%     2.57%  [.] <serde_json::value::de::<impl serde_core::de::Deserialize for serde_json::value::Value>::deserialize::ValueVisitor as serde_core::de::Visitor>::visit_map                                                                                                                                                                                         -      -            
docs/verification/results/can-export-optimization-2026-10-08/profiles/baseline-perf-cumulative.txt:31: trailing whitespace.
+    17.03%     0.00%  [.] dir_simulator::output::json::write_stream_result                                                                                                                                                                                                                                                                                                  -      -            
docs/verification/results/can-export-optimization-2026-10-08/profiles/baseline-perf-cumulative.txt:32: trailing whitespace.
+    16.90%     3.60%  [.] cfree                                                                                                                                                                                                                                                                                                                                             -      -            
docs/verification/results/can-export-optimization-2026-10-08/profiles/baseline-perf-cumulative.txt:33: trailing whitespace.
+    15.53%     3.02%  [.] alloc::collections::btree::map::BTreeMap<K,V,A>::insert                                                                                                                                                                                                                                                                                           -      -            
docs/verification/results/can-export-optimization-2026-10-08/profiles/baseline-perf-cumulative.txt:34: trailing whitespace.
+    15.28%     0.07%  [.] dir_simulator::output::json::write_array_fallible                                                                                                                                                                                                                                                                                                 -      -            
docs/verification/results/can-export-optimization-2026-10-08/profiles/baseline-perf-cumulative.txt:35: trailing whitespace.
+    14.17%     0.03%  [.] dir_simulator::output::stream::points                                                                                                                                                                                                                                                                                                             -      -            
docs/verification/results/can-export-optimization-2026-10-08/profiles/baseline-perf-cumulative.txt:36: trailing whitespace.
+    13.34%     0.00%  [.] dir_simulator::output::stream::emit_point_group                                                                                                                                                                                                                                                                                                   -      -            
docs/verification/results/can-export-optimization-2026-10-08/profiles/baseline-perf-cumulative.txt:37: trailing whitespace.
+    11.08%     1.94%  [.] _ZN4core3ptr117drop_in_place$LT$alloc..collections..btree..map..IntoIter$LT$alloc..string..String$C$serde_json..value..Value$GT$$GT$17h534e96d460f63b44E.llvm.6320572476720494663                                                                                                                                                                 -      -            
docs/verification/results/can-export-optimization-2026-10-08/profiles/baseline-perf-cumulative.txt:38: trailing whitespace.
+    11.05%     0.04%  [.] _ZN4core3ptr45drop_in_place$LT$serde_json..value..Value$GT$17hf06cfd76a8113f3bE.llvm.18259509388022549390                                                                                                                                                                                                                                         -      -            
docs/verification/results/can-export-optimization-2026-10-08/profiles/baseline-perf-cumulative.txt:39: trailing whitespace.
+    10.69%     0.60%  [.] dir_simulator::output::disk_sort::Sorter::write_row                                                                                                                                                                                                                                                                                               -      -            
docs/verification/results/can-export-optimization-2026-10-08/profiles/baseline-perf-cumulative.txt:40: trailing whitespace.
+     9.96%     4.06%  [.] malloc                                                                                                                                                                                                                                                                                                                                            -      -            
docs/verification/results/can-export-optimization-2026-10-08/profiles/baseline-perf-cumulative.txt:41: trailing whitespace.
+     9.50%     0.25%  [.] dir_simulator::output::csv::write_stream                                                                                                                                                                                                                                                                                                          -      -            
docs/verification/results/can-export-optimization-2026-10-08/profiles/baseline-perf-cumulative.txt:42: trailing whitespace.
+     9.43%     6.06%  [.] alloc::collections::btree::map::entry::VacantEntry<K,V,A>::insert_entry                                                                                                                                                                                                                                                                           -      -            
docs/verification/results/can-export-optimization-2026-10-08/profiles/baseline-perf-cumulative.txt:43: trailing whitespace.
+     9.39%     0.26%  [.] dir_simulator::output::json::canonical                                                                                                                                                                                                                                                                                                            -      -            
docs/verification/results/can-export-optimization-2026-10-08/profiles/baseline-perf-cumulative.txt:44: trailing whitespace.
+     8.72%     2.10%  [.] serde_json::value::ser::<impl serde_core::ser::Serialize for serde_json::value::Value>::serialize                                                                                                                                                                                                                                                 -      -            
docs/verification/results/can-export-optimization-2026-10-08/profiles/baseline-perf-cumulative.txt:45: trailing whitespace.
+     7.25%     0.09%  [.] <alloc::vec::Vec<T> as alloc::vec::spec_from_iter::SpecFromIter<T,I>>::from_iter                                                                                                                                                                                                                                                                  -      -            
docs/verification/results/can-export-optimization-2026-10-08/profiles/baseline-perf-cumulative.txt:46: trailing whitespace.
+     6.97%     0.12%  [.] core::ops::function::impls::<impl core::ops::function::FnOnce<A> for &mut F>::call_once                                                                                                                                                                                                                                                           -      -            
docs/verification/results/can-export-optimization-2026-10-08/profiles/baseline-perf-cumulative.txt:47: trailing whitespace.
+     6.87%     0.00%  [.] 0x00007286b2aaae84                                                                                                                                                                                                                                                                                                                                -      -            
docs/verification/results/can-export-optimization-2026-10-08/profiles/baseline-perf-cumulative.txt:48: trailing whitespace.
+     6.68%     0.00%  [.] core::ptr::drop_in_place<std::io::buffered::bufwriter::BufWriter<std::fs::File>>                                                                                                                                                                                                                                                                  -      -            
docs/verification/results/can-export-optimization-2026-10-08/profiles/baseline-perf-cumulative.txt:49: trailing whitespace.
+     6.43%     0.29%  [.] dir_simulator::output::json::record_value                                                                                                                                                                                                                                                                                                         -      -            
docs/verification/results/can-export-optimization-2026-10-08/profiles/baseline-perf-cumulative.txt:50: trailing whitespace.
+     6.28%     0.47%  [.] core::ptr::drop_in_place<[dir_simulator::output::disk_sort::Row]>                                                                                                                                                                                                                                                                                 -      -            
docs/verification/results/can-export-optimization-2026-10-08/profiles/baseline-perf-cumulative.txt:51: trailing whitespace.
+     5.24%     4.93%  [.] _ZN100_$LT$$RF$mut$u20$serde_json..ser..Serializer$LT$W$C$F$GT$$u20$as$u20$serde_core..ser..Serializer$GT$13serialize_str17h5da1ae437f5a08a5E.llvm.18259509388022549390                                                                                                                                                                           -      -            
docs/verification/results/can-export-optimization-2026-10-08/profiles/baseline-perf-cumulative.txt:52: trailing whitespace.
+     4.50%     0.43%  [.] alloc::fmt::format::format_inner                                                                                                                                                                                                                                                                                                                  -      -            
docs/verification/results/can-export-optimization-2026-10-08/profiles/baseline-perf-cumulative.txt:53: trailing whitespace.
+     4.40%     2.96%  [.] _ZN96_$LT$alloc..collections..btree..map..BTreeMap$LT$K$C$V$C$A$GT$$u20$as$u20$core..clone..Clone$GT$5clone13clone_subtree17hb1c5493de0a5eefbE.llvm.6320572476720494663                                                                                                                                                                           -      -            
docs/verification/results/can-export-optimization-2026-10-08/profiles/baseline-perf-cumulative.txt:54: trailing whitespace.
+     4.30%     0.04%  [.] dir_simulator::output::stream::contribution                                                                                                                                                                                                                                                                                                       -      -            
docs/verification/results/can-export-optimization-2026-10-08/profiles/baseline-perf-cumulative.txt:55: trailing whitespace.
+     4.05%     0.43%  [.] core::fmt::write                                                                                                                                                                                                                                                                                                                                  -      -            
docs/verification/results/can-export-optimization-2026-10-08/profiles/baseline-perf-cumulative.txt:56: trailing whitespace.
+     4.02%     0.68%  [.] realloc                                                                                                                                                                                                                                                                                                                                           -      -            
docs/verification/results/can-export-optimization-2026-10-08/profiles/baseline-perf-cumulative.txt:57: trailing whitespace.
+     3.31%     1.77%  [.] _ZN13dir_simulator6output4json9canonical6string17hdb89ac91129f7d3aE.llvm.18259509388022549390                                                                                                                                                                                                                                                     -      -            
docs/verification/results/can-export-optimization-2026-10-08/profiles/baseline-perf-cumulative.txt:58: trailing whitespace.
+     3.19%     0.34%  [.] _ZN10serde_json5value3ser81_$LT$impl$u20$serde_core..ser..Serialize$u20$for$u20$serde_json..value..Value$GT$9serialize17ha7c644a91789ab7aE.llvm.18259509388022549390                                                                                                                                                                              -      -            
docs/verification/results/can-export-optimization-2026-10-08/profiles/baseline-perf-cumulative.txt:59: trailing whitespace.
+     2.93%     1.96%  [.] _ZN5alloc11collections5btree3map25IntoIter$LT$K$C$V$C$A$GT$10dying_next17h47e8cb0964c3f0adE.llvm.6320572476720494663                                                                                                                                                                                                                              -      -            
docs/verification/results/can-export-optimization-2026-10-08/profiles/baseline-perf-cumulative.txt:60: trailing whitespace.
+     2.93%     0.09%  [.] <&mut serde_json::de::Deserializer<R> as serde_core::de::Deserializer>::deserialize_seq                                                                                                                                                                                                                                                           -      -            
docs/verification/results/can-export-optimization-2026-10-08/profiles/baseline-perf-cumulative.txt:61: trailing whitespace.
+     2.79%     1.03%  [.] serde_json::ser::format_escaped_str                                                                                                                                                                                                                                                                                                               -      -            
docs/verification/results/can-export-optimization-2026-10-08/profiles/baseline-perf-cumulative.txt:62: trailing whitespace.
+     2.79%     0.28%  [.] <serde_core::de::impls::<impl serde_core::de::Deserialize for alloc::vec::Vec<T>>::deserialize::VecVisitor<T> as serde_core::de::Visitor>::visit_seq                                                                                                                                                                                              -      -            
docs/verification/results/can-export-optimization-2026-10-08/profiles/baseline-perf-cumulative.txt:63: trailing whitespace.
+     2.75%     1.74%  [.] alloc::collections::btree::node::Handle<alloc::collections::btree::node::NodeRef<alloc::collections::btree::node::marker::Mut,K,V,alloc::collections::btree::node::marker::Leaf>,alloc::collections::btree::node::marker::Edge>::insert_recursing                                                                                                 -      -            
docs/verification/results/can-export-optimization-2026-10-08/profiles/baseline-perf-cumulative.txt:64: trailing whitespace.
+     2.72%     2.71%  [.] <serde_json::read::StrRead as serde_json::read::Read>::parse_str                                                                                                                                                                                                                                                                                  -      -            
docs/verification/results/can-export-optimization-2026-10-08/profiles/baseline-perf-cumulative.txt:65: trailing whitespace.
+     2.66%     0.41%  [.] <serde_json::de::MapAccess<R> as serde_core::de::MapAccess>::next_key_seed                                                                                                                                                                                                                                                                        -      -            
docs/verification/results/can-export-optimization-2026-10-08/profiles/baseline-perf-cumulative.txt:66: trailing whitespace.
+     2.65%     2.65%  [.] <alloc::collections::btree::map::Iter<K,V> as core::iter::traits::iterator::Iterator>::next                                                                                                                                                                                                                                                       -      -            
docs/verification/results/can-export-optimization-2026-10-08/profiles/baseline-perf-cumulative.txt:67: trailing whitespace.
+     2.59%     0.00%  [.] core::slice::sort::stable::driftsort_main                                                                                                                                                                                                                                                                                                         -      -            
docs/verification/results/can-export-optimization-2026-10-08/profiles/baseline-perf-cumulative.txt:68: trailing whitespace.
+     2.49%     0.26%  [.] core::slice::sort::stable::drift::sort                                                                                                                                                                                                                                                                                                            -      -            
docs/verification/results/can-export-optimization-2026-10-08/profiles/baseline-perf-cumulative.txt:69: trailing whitespace.
+     2.47%     0.46%  [.] <alloc::string::String as core::fmt::Write>::write_str                                                                                                                                                                                                                                                                                            -      -            
docs/verification/results/can-export-optimization-2026-10-08/profiles/baseline-perf-cumulative.txt:70: trailing whitespace.
+     2.46%     0.21%  [.] alloc::raw_vec::finish_grow                                                                                                                                                                                                                                                                                                                       -      -            
docs/verification/results/can-export-optimization-2026-10-08/profiles/baseline-perf-cumulative.txt:71: trailing whitespace.
+     2.43%     0.03%  [.] _ZN5alloc7raw_vec11finish_grow17h42bb899a0e6267a8E.llvm.3531307699372881411                                                                                                                                                                                                                                                                       -      -            
docs/verification/results/can-export-optimization-2026-10-08/profiles/baseline-perf-cumulative.txt:72: trailing whitespace.
+     2.34%     0.13%  [.] alloc::raw_vec::RawVecInner<A>::reserve::do_reserve_and_handle                                                                                                                                                                                                                                                                                    -      -            
docs/verification/results/can-export-optimization-2026-10-08/profiles/baseline-perf-cumulative.txt:73: trailing whitespace.
+     2.32%     0.00%  [.] 0x00007286b2aad124                                                                                                                                                                                                                                                                                                                                -      -            
docs/verification/results/can-export-optimization-2026-10-08/profiles/baseline-perf-cumulative.txt:74: trailing whitespace.
+     2.18%     2.18%  [.] 0x00000000000a9d41                                                                                                                                                                                                                                                                                                                                -      -            
docs/verification/results/can-export-optimization-2026-10-08/profiles/baseline-perf-cumulative.txt:75: trailing whitespace.
+     2.18%     0.00%  [.] 0x00007286b2aa9d41                                                                                                                                                                                                                                                                                                                                -      -            
docs/verification/results/can-export-optimization-2026-10-08/profiles/baseline-perf-cumulative.txt:76: trailing whitespace.
+     2.06%     0.00%  [.] 0x00007286b2aac2b4                                                                                                                                                                                                                                                                                                                                -      -            
docs/verification/results/can-export-optimization-2026-10-08/profiles/baseline-perf-cumulative.txt:77: trailing whitespace.
+     1.96%     0.29%  [.] <&mut serde_json::de::Deserializer<R> as serde_core::de::Deserializer>::deserialize_string                                                                                                                                                                                                                                                        -      -            
docs/verification/results/can-export-optimization-2026-10-08/profiles/baseline-perf-cumulative.txt:78: trailing whitespace.
+     1.87%     0.00%  [.] 0x00007286b2aa9db9                                                                                                                                                                                                                                                                                                                                -      -            
docs/verification/results/can-export-optimization-2026-10-08/profiles/baseline-perf-cumulative.txt:79: trailing whitespace.
+     1.84%     0.25%  [.] std::io::append_to_string                                                                                                                                                                                                                                                                                                                         -      -            
docs/verification/results/can-export-optimization-2026-10-08/profiles/baseline-perf-cumulative.txt:80: trailing whitespace.
+     1.81%     0.47%  [.] <alloc::string::String as core::clone::Clone>::clone                                                                                                                                                                                                                                                                                              -      -            
docs/verification/results/can-export-optimization-2026-10-08/profiles/baseline-perf-cumulative.txt:81: trailing whitespace.
+     1.77%     1.77%  [.] 0x000000000018891d                                                                                                                                                                                                                                                                                                                                -      -            
docs/verification/results/can-export-optimization-2026-10-08/profiles/baseline-perf-cumulative.txt:82: trailing whitespace.
+     1.77%     0.00%  [.] 0x00007286b2b8891d                                                                                                                                                                                                                                                                                                                                -      -            
docs/verification/results/can-export-optimization-2026-10-08/profiles/baseline-perf-cumulative.txt:83: trailing whitespace.
+     1.75%     1.75%  [.] 0x00000000000a9bdd                                                                                                                                                                                                                                                                                                                                -      -            
docs/verification/results/can-export-optimization-2026-10-08/profiles/baseline-perf-cumulative.txt:84: trailing whitespace.
+     1.75%     0.00%  [.] 0x00007286b2aa9bdd                                                                                                                                                                                                                                                                                                                                -      -            
docs/verification/results/can-export-optimization-2026-10-08/profiles/baseline-perf-cumulative.txt:85: trailing whitespace.
+     1.68%     0.03%  [.] dir_simulator::output::json::write_array_fallible                                                                                                                                                                                                                                                                                                 -      -            
docs/verification/results/can-export-optimization-2026-10-08/profiles/baseline-perf-cumulative.txt:86: trailing whitespace.
+     1.66%     0.35%  [.] alloc::raw_vec::RawVecInner<A>::reserve::do_reserve_and_handle                                                                                                                                                                                                                                                                                    -      -            
docs/verification/results/can-export-optimization-2026-10-08/profiles/baseline-perf-cumulative.txt:87: trailing whitespace.
+     1.56%     1.56%  [.] 0x00000000000a9be3                                                                                                                                                                                                                                                                                                                                -      -            
docs/verification/results/can-export-optimization-2026-10-08/profiles/baseline-perf-cumulative.txt:88: trailing whitespace.
+     1.56%     0.43%  [.] alloc::raw_vec::RawVec<T,A>::grow_one                                                                                                                                                                                                                                                                                                             -      -            
docs/verification/results/can-export-optimization-2026-10-08/profiles/baseline-perf-cumulative.txt:89: trailing whitespace.
+     1.56%     0.00%  [.] 0x00007286b2aa9be3                                                                                                                                                                                                                                                                                                                                -      -            
docs/verification/results/can-export-optimization-2026-10-08/profiles/baseline-perf-cumulative.txt:90: trailing whitespace.
+     1.37%     0.32%  [.] serde_core::de::Visitor::visit_borrowed_str                                                                                                                                                                                                                                                                                                       -      -            
docs/verification/results/can-export-optimization-2026-10-08/profiles/baseline-perf-cumulative.txt:91: trailing whitespace.
+     1.35%     0.60%  [.] core::slice::sort::stable::quicksort::quicksort                                                                                                                                                                                                                                                                                                   -      -            
docs/verification/results/can-export-optimization-2026-10-08/profiles/baseline-perf-cumulative.txt:92: trailing whitespace.
+     1.34%     0.63%  [.] <str as serde_json::value::index::Index>::index_into                                                                                                                                                                                                                                                                                              -      -            
docs/verification/results/can-export-optimization-2026-10-08/profiles/baseline-perf-cumulative.txt:93: trailing whitespace.
+     1.22%     1.22%  [.] 0x00000000000ab8e6                                                                                                                                                                                                                                                                                                                                -      -            
docs/verification/results/can-export-optimization-2026-10-08/profiles/baseline-perf-cumulative.txt:94: trailing whitespace.
+     1.22%     0.00%  [.] 0x00007286b2aab8e6                                                                                                                                                                                                                                                                                                                                -      -            
docs/verification/results/can-export-optimization-2026-10-08/profiles/baseline-perf-cumulative.txt:95: trailing whitespace.
+     1.10%     1.10%  [.] 0x00000000000ab2dc                                                                                                                                                                                                                                                                                                                                -      -            
docs/verification/results/can-export-optimization-2026-10-08/profiles/baseline-perf-cumulative.txt:96: trailing whitespace.
+     1.10%     0.00%  [.] 0x00007286b2aab2dc                                                                                                                                                                                                                                                                                                                                -      -            
docs/verification/results/can-export-optimization-2026-10-08/profiles/baseline-perf-cumulative.txt:97: trailing whitespace.
+     1.03%     1.03%  [.] 0x00000000000a9ce6                                                                                                                                                                                                                                                                                                                                -      -            
docs/verification/results/can-export-optimization-2026-10-08/profiles/baseline-perf-cumulative.txt:98: trailing whitespace.
+     1.03%     0.00%  [.] 0x00007286b2aa9ce6                                                                                                                                                                                                                                                                                                                                -      -            
docs/verification/results/can-export-optimization-2026-10-08/profiles/baseline-perf-cumulative.txt:99: trailing whitespace.
+     1.00%     1.00%  [.] 0x0000000000188620                                                                                                                                                                                                                                                                                                                                -      -            
docs/verification/results/can-export-optimization-2026-10-08/profiles/baseline-perf-cumulative.txt:100: trailing whitespace.
+     1.00%     0.00%  [.] 0x00007286b2b88620                                                                                                                                                                                                                                                                                                                                -      -            
docs/verification/results/can-export-optimization-2026-10-08/profiles/baseline-perf-cumulative.txt:101: trailing whitespace.
+     0.97%     0.07%  [.] alloc::raw_vec::RawVec<T,A>::grow_one                                                                                                                                                                                                                                                                                                             -      -            
docs/verification/results/can-export-optimization-2026-10-08/profiles/baseline-perf-cumulative.txt:102: trailing whitespace.
+     0.96%     0.04%  [.] <alloc::collections::btree::map::BTreeMap<K,V> as core::iter::traits::collect::FromIterator<(K,V)>>::from_iter                                                                                                                                                                                                                                    -      -            
docs/verification/results/can-export-optimization-2026-10-08/profiles/baseline-perf-cumulative.txt:103: trailing whitespace.
+     0.94%     0.94%  [.] core::slice::memchr::memchr_aligned                                                                                                                                                                                                                                                                                                               -      -            
docs/verification/results/can-export-optimization-2026-10-08/profiles/baseline-perf-cumulative.txt:104: trailing whitespace.
+     0.90%     0.90%  [.] 0x00000000000a9bc9                                                                                                                                                                                                                                                                                                                                -      -            
docs/verification/results/can-export-optimization-2026-10-08/profiles/baseline-perf-cumulative.txt:105: trailing whitespace.
+     0.90%     0.04%  [.] alloc::raw_vec::finish_grow                                                                                                                                                                                                                                                                                                                       -      -            
docs/verification/results/can-export-optimization-2026-10-08/profiles/baseline-perf-cumulative.txt:106: trailing whitespace.
+     0.90%     0.00%  [.] 0x00007286b2aa9bc9                                                                                                                                                                                                                                                                                                                                -      -            
docs/verification/results/can-export-optimization-2026-10-08/profiles/baseline-perf-cumulative.txt:107: trailing whitespace.
+     0.88%     0.88%  [.] 0x0000000000188d80                                                                                                                                                                                                                                                                                                                                -      -            
docs/verification/results/can-export-optimization-2026-10-08/profiles/baseline-perf-cumulative.txt:108: trailing whitespace.
+     0.88%     0.00%  [.] 0x00007286b2b88d80                                                                                                                                                                                                                                                                                                                                -      -            
docs/verification/results/can-export-optimization-2026-10-08/profiles/baseline-perf-cumulative.txt:109: trailing whitespace.
+     0.84%     0.51%  [.] <alloc::vec::Vec<T,A> as core::clone::Clone>::clone                                                                                                                                                                                                                                                                                               -      -            
docs/verification/results/can-export-optimization-2026-10-08/profiles/baseline-perf-cumulative.txt:110: trailing whitespace.
+     0.84%     0.01%  [.] dir_simulator::runtime::engine::simulate                                                                                                                                                                                                                                                                                                          -      -            
docs/verification/results/can-export-optimization-2026-10-08/profiles/baseline-perf-cumulative.txt:111: trailing whitespace.
+     0.84%     0.00%  [.] dir_simulator::runtime::registered::simulate                                                                                                                                                                                                                                                                                                      -      -            
docs/verification/results/can-export-optimization-2026-10-08/profiles/baseline-perf-cumulative.txt:112: trailing whitespace.
+     0.84%     0.00%  [.] dir_simulator::runtime::simulate_builtin                                                                                                                                                                                                                                                                                                          -      -            
docs/verification/results/can-export-optimization-2026-10-08/profiles/baseline-perf-cumulative.txt:113: trailing whitespace.
+     0.82%     0.82%  [.] 0x0000000000188700                                                                                                                                                                                                                                                                                                                                -      -            
docs/verification/results/can-export-optimization-2026-10-08/profiles/baseline-perf-cumulative.txt:114: trailing whitespace.
+     0.82%     0.00%  [.] 0x00007286b2b88700                                                                                                                                                                                                                                                                                                                                -      -            
docs/verification/results/can-export-optimization-2026-10-08/profiles/baseline-perf-cumulative.txt:115: trailing whitespace.
+     0.81%     0.81%  [.] 0x0000000000188708                                                                                                                                                                                                                                                                                                                                -      -            
docs/verification/results/can-export-optimization-2026-10-08/profiles/baseline-perf-cumulative.txt:116: trailing whitespace.
+     0.81%     0.00%  [.] 0x00007286b2b88708                                                                                                                                                                                                                                                                                                                                -      -            
docs/verification/results/can-export-optimization-2026-10-08/profiles/baseline-perf-cumulative.txt:117: trailing whitespace.
+     0.79%     0.00%  [.] 0x00007286b2aa9e0a                                                                                                                                                                                                                                                                                                                                -      -            
docs/verification/results/can-export-optimization-2026-10-08/profiles/baseline-perf-cumulative.txt:118: trailing whitespace.
+     0.75%     0.01%  [.] <alloc::collections::btree::map::BTreeMap<K,V,A> as core::ops::drop::Drop>::drop                                                                                                                                                                                                                                                                  -      -            
docs/verification/results/can-export-optimization-2026-10-08/profiles/baseline-perf-cumulative.txt:119: trailing whitespace.
+     0.72%     0.72%  [.] __rust_dealloc                                                                                                                                                                                                                                                                                                                                    -      -            
docs/verification/results/can-export-optimization-2026-10-08/profiles/baseline-perf-cumulative.txt:120: trailing whitespace.
+     0.69%     0.69%  [.] sha2::sha256::x86::digest_blocks                                                                                                                                                                                                                                                                                                                  -      -            
docs/verification/results/can-export-optimization-2026-10-08/profiles/baseline-perf-cumulative.txt:121: trailing whitespace.
+     0.69%     0.00%  [.] <dir_simulator::output::publish::HashWriter as std::io::Write>::write                                                                                                                                                                                                                                                                             -      -            
docs/verification/results/can-export-optimization-2026-10-08/profiles/baseline-perf-cumulative.txt:122: trailing whitespace.
+     0.69%     0.00%  [.] std::io::buffered::bufwriter::BufWriter<W>::write_all_cold                                                                                                                                                                                                                                                                                        -      -            
docs/verification/results/can-export-optimization-2026-10-08/profiles/baseline-perf-cumulative.txt:123: trailing whitespace.
+     0.68%     0.68%  [.] 0x00000000000ab250                                                                                                                                                                                                                                                                                                                                -      -            
docs/verification/results/can-export-optimization-2026-10-08/profiles/baseline-perf-cumulative.txt:124: trailing whitespace.
+     0.68%     0.00%  [.] _ZN3std2io8buffered9bufwriter18BufWriter$LT$W$GT$9flush_buf17h15c683f3d0dea5cbE.llvm.5027371424173900679                                                                                                                                                                                                                                          -      -            
docs/verification/results/can-export-optimization-2026-10-08/profiles/baseline-perf-cumulative.txt:125: trailing whitespace.
+     0.68%     0.00%  [.] 0x00007286b2aab250                                                                                                                                                                                                                                                                                                                                -      -            
docs/verification/results/can-export-optimization-2026-10-08/profiles/baseline-perf-cumulative.txt:126: trailing whitespace.
+     0.65%     0.09%  [.] core::fmt::Formatter::pad_integral                                                                                                                                                                                                                                                                                                                -      -            
docs/verification/results/can-export-optimization-2026-10-08/profiles/baseline-perf-cumulative.txt:127: trailing whitespace.
+     0.65%     0.01%  [.] dir_simulator::output::json::number_wire                                                                                                                                                                                                                                                                                                          -      -            
docs/verification/results/can-export-optimization-2026-10-08/profiles/baseline-perf-cumulative.txt:128: trailing whitespace.
+     0.63%     0.63%  [.] 0x00000000000ab8b5                                                                                                                                                                                                                                                                                                                                -      -            
docs/verification/results/can-export-optimization-2026-10-08/profiles/baseline-perf-cumulative.txt:129: trailing whitespace.
+     0.63%     0.00%  [.] 0x00007286b2aab8b5                                                                                                                                                                                                                                                                                                                                -      -            
docs/verification/results/can-export-optimization-2026-10-08/profiles/baseline-perf-cumulative.txt:130: trailing whitespace.
+     0.62%     0.15%  [.] dir_simulator::output::json::opt_d                                                                                                                                                                                                                                                                                                                -      -            
docs/verification/results/can-export-optimization-2026-10-08/profiles/baseline-perf-cumulative.txt:131: trailing whitespace.
+     0.62%     0.10%  [.] dir_simulator::output::stream::window_rows                                                                                                                                                                                                                                                                                                        -      -            
docs/verification/results/can-export-optimization-2026-10-08/profiles/baseline-perf-cumulative.txt:132: trailing whitespace.
+     0.62%     0.01%  [.] dir_simulator::output::json::write_bytes                                                                                                                                                                                                                                                                                                          -      -            
docs/verification/results/can-export-optimization-2026-10-08/profiles/baseline-perf-cumulative.txt:133: trailing whitespace.
+     0.60%     0.60%  [.] _ZN80_$LT$serde_json..de..MapAccess$LT$R$GT$$u20$as$u20$serde_core..de..MapAccess$GT$13next_key_seed12has_next_key17h6cbe871b0e9927c5E.llvm.7451018182141906940                                                                                                                                                                                   -      -            
docs/verification/results/can-export-optimization-2026-10-08/profiles/baseline-perf-cumulative.txt:134: trailing whitespace.
+     0.60%     0.04%  [.] core::fmt::num::<impl core::fmt::LowerHex for isize>::fmt                                                                                                                                                                                                                                                                                         -      -            
docs/verification/results/can-export-optimization-2026-10-08/profiles/baseline-perf-cumulative.txt:135: trailing whitespace.
+     0.57%     0.09%  [.] alloc::collections::btree::node::Handle<alloc::collections::btree::node::NodeRef<alloc::collections::btree::node::marker::Mut,K,V,alloc::collections::btree::node::marker::Leaf>,alloc::collections::btree::node::marker::KV>::split                                                                                                              -      -            
docs/verification/results/can-export-optimization-2026-10-08/profiles/baseline-perf-cumulative.txt:136: trailing whitespace.
+     0.57%     0.03%  [.] _ZN58_$LT$alloc..string..String$u20$as$u20$core..fmt..Write$GT$9write_str17h4fe72517577b2fb5E.llvm.18259509388022549390                                                                                                                                                                                                                           -      -            
docs/verification/results/can-export-optimization-2026-10-08/profiles/baseline-perf-cumulative.txt:137: trailing whitespace.
+     0.56%     0.56%  [.] 0x00000000000ab300                                                                                                                                                                                                                                                                                                                                -      -            
docs/verification/results/can-export-optimization-2026-10-08/profiles/baseline-perf-cumulative.txt:138: trailing whitespace.
+     0.56%     0.00%  [.] 0x00007286b2aab300                                                                                                                                                                                                                                                                                                                                -      -            
docs/verification/results/can-export-optimization-2026-10-08/profiles/baseline-perf-cumulative.txt:139: trailing whitespace.
+     0.54%     0.10%  [.] core::fmt::num::imp::<impl core::fmt::Display for usize>::fmt                                                                                                                                                                                                                                                                                     -      -            
docs/verification/results/can-export-optimization-2026-10-08/profiles/baseline-perf-cumulative.txt:140: trailing whitespace.
+     0.50%     0.28%  [.] core::slice::sort::stable::merge::merge                                                                                                                                                                                                                                                                                                           -      -            
docs/verification/results/can-export-optimization-2026-10-08/profiles/baseline-perf-cumulative.txt:141: trailing whitespace.
+     0.50%     0.26%  [.] alloc::str::join_generic_copy                                                                                                                                                                                                                                                                                                                     -      -            
docs/verification/results/can-export-optimization-2026-10-08/profiles/baseline-perf-flat.txt:12: trailing whitespace.
+     6.06%  [.] alloc::collections::btree::map::entry::VacantEntry<K,V,A>::insert_entry                                                                                                                                                                                                                                                                           -      -            
docs/verification/results/can-export-optimization-2026-10-08/profiles/baseline-perf-flat.txt:13: trailing whitespace.
+     4.93%  [.] _ZN100_$LT$$RF$mut$u20$serde_json..ser..Serializer$LT$W$C$F$GT$$u20$as$u20$serde_core..ser..Serializer$GT$13serialize_str17h5da1ae437f5a08a5E.llvm.18259509388022549390                                                                                                                                                                           -      -            
docs/verification/results/can-export-optimization-2026-10-08/profiles/baseline-perf-flat.txt:14: trailing whitespace.
+     4.06%  [.] malloc                                                                                                                                                                                                                                                                                                                                            -      -            
docs/verification/results/can-export-optimization-2026-10-08/profiles/baseline-perf-flat.txt:15: trailing whitespace.
+     3.60%  [.] cfree                                                                                                                                                                                                                                                                                                                                             -      -            
docs/verification/results/can-export-optimization-2026-10-08/profiles/baseline-perf-flat.txt:16: trailing whitespace.
+     3.02%  [.] alloc::collections::btree::map::BTreeMap<K,V,A>::insert                                                                                                                                                                                                                                                                                           -      -            
docs/verification/results/can-export-optimization-2026-10-08/profiles/baseline-perf-flat.txt:17: trailing whitespace.
+     2.96%  [.] _ZN96_$LT$alloc..collections..btree..map..BTreeMap$LT$K$C$V$C$A$GT$$u20$as$u20$core..clone..Clone$GT$5clone13clone_subtree17hb1c5493de0a5eefbE.llvm.6320572476720494663                                                                                                                                                                           -      -            
docs/verification/results/can-export-optimization-2026-10-08/profiles/baseline-perf-flat.txt:18: trailing whitespace.
+     2.93%  [.] _ZN10serde_json5value2de82_$LT$impl$u20$serde_core..de..Deserialize$u20$for$u20$serde_json..value..Value$GT$11deserialize17hbe9717d560688bc4E.llvm.7451018182141906940                                                                                                                                                                            -      -            
docs/verification/results/can-export-optimization-2026-10-08/profiles/baseline-perf-flat.txt:19: trailing whitespace.
+     2.71%  [.] <serde_json::read::StrRead as serde_json::read::Read>::parse_str                                                                                                                                                                                                                                                                                  -      -            
docs/verification/results/can-export-optimization-2026-10-08/profiles/baseline-perf-flat.txt:20: trailing whitespace.
+     2.65%  [.] <alloc::collections::btree::map::Iter<K,V> as core::iter::traits::iterator::Iterator>::next                                                                                                                                                                                                                                                       -      -            
docs/verification/results/can-export-optimization-2026-10-08/profiles/baseline-perf-flat.txt:21: trailing whitespace.
+     2.57%  [.] <serde_json::value::de::<impl serde_core::de::Deserialize for serde_json::value::Value>::deserialize::ValueVisitor as serde_core::de::Visitor>::visit_map                                                                                                                                                                                         -      -            
docs/verification/results/can-export-optimization-2026-10-08/profiles/baseline-perf-flat.txt:22: trailing whitespace.
+     2.18%  [.] 0x00000000000a9d41                                                                                                                                                                                                                                                                                                                                -      -            
docs/verification/results/can-export-optimization-2026-10-08/profiles/baseline-perf-flat.txt:23: trailing whitespace.
+     2.10%  [.] serde_json::value::ser::<impl serde_core::ser::Serialize for serde_json::value::Value>::serialize                                                                                                                                                                                                                                                 -      -            
docs/verification/results/can-export-optimization-2026-10-08/profiles/baseline-perf-flat.txt:24: trailing whitespace.
+     1.96%  [.] _ZN5alloc11collections5btree3map25IntoIter$LT$K$C$V$C$A$GT$10dying_next17h47e8cb0964c3f0adE.llvm.6320572476720494663                                                                                                                                                                                                                              -      -            
docs/verification/results/can-export-optimization-2026-10-08/profiles/baseline-perf-flat.txt:25: trailing whitespace.
+     1.94%  [.] _ZN4core3ptr117drop_in_place$LT$alloc..collections..btree..map..IntoIter$LT$alloc..string..String$C$serde_json..value..Value$GT$$GT$17h534e96d460f63b44E.llvm.6320572476720494663                                                                                                                                                                 -      -            
docs/verification/results/can-export-optimization-2026-10-08/profiles/baseline-perf-flat.txt:26: trailing whitespace.
+     1.77%  [.] _ZN13dir_simulator6output4json9canonical6string17hdb89ac91129f7d3aE.llvm.18259509388022549390                                                                                                                                                                                                                                                     -      -            
docs/verification/results/can-export-optimization-2026-10-08/profiles/baseline-perf-flat.txt:27: trailing whitespace.
+     1.77%  [.] 0x000000000018891d                                                                                                                                                                                                                                                                                                                                -      -            
docs/verification/results/can-export-optimization-2026-10-08/profiles/baseline-perf-flat.txt:28: trailing whitespace.
+     1.75%  [.] 0x00000000000a9bdd                                                                                                                                                                                                                                                                                                                                -      -            
docs/verification/results/can-export-optimization-2026-10-08/profiles/baseline-perf-flat.txt:29: trailing whitespace.
+     1.74%  [.] alloc::collections::btree::node::Handle<alloc::collections::btree::node::NodeRef<alloc::collections::btree::node::marker::Mut,K,V,alloc::collections::btree::node::marker::Leaf>,alloc::collections::btree::node::marker::Edge>::insert_recursing                                                                                                 -      -            
docs/verification/results/can-export-optimization-2026-10-08/profiles/baseline-perf-flat.txt:30: trailing whitespace.
+     1.56%  [.] 0x00000000000a9be3                                                                                                                                                                                                                                                                                                                                -      -            
docs/verification/results/can-export-optimization-2026-10-08/profiles/baseline-perf-flat.txt:31: trailing whitespace.
+     1.22%  [.] 0x00000000000ab8e6                                                                                                                                                                                                                                                                                                                                -      -            
docs/verification/results/can-export-optimization-2026-10-08/profiles/baseline-perf-flat.txt:32: trailing whitespace.
+     1.10%  [.] 0x00000000000ab2dc                                                                                                                                                                                                                                                                                                                                -      -            
docs/verification/results/can-export-optimization-2026-10-08/profiles/baseline-perf-flat.txt:33: trailing whitespace.
+     1.07%  [.] <&mut serde_json::de::Deserializer<R> as serde_core::de::Deserializer>::deserialize_struct                                                                                                                                                                                                                                                        -      -            
docs/verification/results/can-export-optimization-2026-10-08/profiles/baseline-perf-flat.txt:34: trailing whitespace.
+     1.03%  [.] serde_json::ser::format_escaped_str                                                                                                                                                                                                                                                                                                               -      -            
docs/verification/results/can-export-optimization-2026-10-08/profiles/baseline-perf-flat.txt:35: trailing whitespace.
+     1.03%  [.] 0x00000000000a9ce6                                                                                                                                                                                                                                                                                                                                -      -            
docs/verification/results/can-export-optimization-2026-10-08/profiles/baseline-perf-flat.txt:36: trailing whitespace.
+     1.00%  [.] 0x0000000000188620                                                                                                                                                                                                                                                                                                                                -      -            
docs/verification/results/can-export-optimization-2026-10-08/profiles/baseline-perf-flat.txt:37: trailing whitespace.
+     0.99%  [.] dir_simulator::output::disk_sort::Sorter::merge                                                                                                                                                                                                                                                                                                   -      -            
docs/verification/results/can-export-optimization-2026-10-08/profiles/baseline-perf-flat.txt:38: trailing whitespace.
+     0.94%  [.] core::slice::memchr::memchr_aligned                                                                                                                                                                                                                                                                                                               -      -            
docs/verification/results/can-export-optimization-2026-10-08/profiles/baseline-perf-flat.txt:39: trailing whitespace.
+     0.90%  [.] 0x00000000000a9bc9                                                                                                                                                                                                                                                                                                                                -      -            
docs/verification/results/can-export-optimization-2026-10-08/profiles/baseline-perf-flat.txt:40: trailing whitespace.
+     0.88%  [.] 0x0000000000188d80                                                                                                                                                                                                                                                                                                                                -      -            
docs/verification/results/can-export-optimization-2026-10-08/profiles/baseline-perf-flat.txt:41: trailing whitespace.
+     0.82%  [.] 0x0000000000188700                                                                                                                                                                                                                                                                                                                                -      -            
docs/verification/results/can-export-optimization-2026-10-08/profiles/baseline-perf-flat.txt:42: trailing whitespace.
+     0.81%  [.] 0x0000000000188708                                                                                                                                                                                                                                                                                                                                -      -            
docs/verification/results/can-export-optimization-2026-10-08/profiles/baseline-perf-flat.txt:43: trailing whitespace.
+     0.72%  [.] __rust_dealloc                                                                                                                                                                                                                                                                                                                                    -      -            
docs/verification/results/can-export-optimization-2026-10-08/profiles/baseline-perf-flat.txt:44: trailing whitespace.
+     0.69%  [.] sha2::sha256::x86::digest_blocks                                                                                                                                                                                                                                                                                                                  -      -            
docs/verification/results/can-export-optimization-2026-10-08/profiles/baseline-perf-flat.txt:45: trailing whitespace.
+     0.68%  [.] realloc                                                                                                                                                                                                                                                                                                                                           -      -            
docs/verification/results/can-export-optimization-2026-10-08/profiles/baseline-perf-flat.txt:46: trailing whitespace.
+     0.68%  [.] 0x00000000000ab250                                                                                                                                                                                                                                                                                                                                -      -            
docs/verification/results/can-export-optimization-2026-10-08/profiles/baseline-perf-flat.txt:47: trailing whitespace.
+     0.63%  [.] <str as serde_json::value::index::Index>::index_into                                                                                                                                                                                                                                                                                              -      -            
docs/verification/results/can-export-optimization-2026-10-08/profiles/baseline-perf-flat.txt:48: trailing whitespace.
+     0.63%  [.] 0x00000000000ab8b5                                                                                                                                                                                                                                                                                                                                -      -            
docs/verification/results/can-export-optimization-2026-10-08/profiles/baseline-perf-flat.txt:49: trailing whitespace.
+     0.60%  [.] _ZN80_$LT$serde_json..de..MapAccess$LT$R$GT$$u20$as$u20$serde_core..de..MapAccess$GT$13next_key_seed12has_next_key17h6cbe871b0e9927c5E.llvm.7451018182141906940                                                                                                                                                                                   -      -            
docs/verification/results/can-export-optimization-2026-10-08/profiles/baseline-perf-flat.txt:50: trailing whitespace.
+     0.60%  [.] core::slice::sort::stable::quicksort::quicksort                                                                                                                                                                                                                                                                                                   -      -            
docs/verification/results/can-export-optimization-2026-10-08/profiles/baseline-perf-flat.txt:51: trailing whitespace.
+     0.60%  [.] dir_simulator::output::disk_sort::Sorter::write_row                                                                                                                                                                                                                                                                                               -      -            
docs/verification/results/can-export-optimization-2026-10-08/profiles/baseline-perf-flat.txt:52: trailing whitespace.
+     0.56%  [.] 0x00000000000ab300                                                                                                                                                                                                                                                                                                                                -      -            
docs/verification/results/can-export-optimization-2026-10-08/profiles/baseline-perf-flat.txt:53: trailing whitespace.
+     0.51%  [.] <alloc::vec::Vec<T,A> as core::clone::Clone>::clone                                                                                                                                                                                                                                                                                               -      -            
docs/verification/results/can-export-optimization-2026-10-08/profiles/optimized-perf-cumulative.txt:12: trailing whitespace.
+    99.76%     0.00%  [.] 0xffffffffffffffff                                                                                                                                                                                                                                 -      -            
docs/verification/results/can-export-optimization-2026-10-08/profiles/optimized-perf-cumulative.txt:13: trailing whitespace.
+    97.80%     0.00%  [.] dir_simulator::output::export                                                                                                                                                                                                                      -      -            
docs/verification/results/can-export-optimization-2026-10-08/profiles/optimized-perf-cumulative.txt:14: trailing whitespace.
+    97.48%     0.00%  [.] dir_simulator::run::run_with_diagnostics                                                                                                                                                                                                           -      -            
docs/verification/results/can-export-optimization-2026-10-08/profiles/optimized-perf-cumulative.txt:15: trailing whitespace.
+    92.83%     0.00%  [.] dir_simulator::run::run_config_with_registry                                                                                                                                                                                                       -      -            
docs/verification/results/can-export-optimization-2026-10-08/profiles/optimized-perf-cumulative.txt:16: trailing whitespace.
+    73.72%     0.19%  [.] dir_simulator::output::stream::prepare                                                                                                                                                                                                             -      -            
docs/verification/results/can-export-optimization-2026-10-08/profiles/optimized-perf-cumulative.txt:17: trailing whitespace.
+    45.97%     0.00%  [.] dir_simulator::run::run_config                                                                                                                                                                                                                     -      -            
docs/verification/results/can-export-optimization-2026-10-08/profiles/optimized-perf-cumulative.txt:18: trailing whitespace.
+    41.42%     0.00%  [.] dir_simulator::main                                                                                                                                                                                                                                -      -            
docs/verification/results/can-export-optimization-2026-10-08/profiles/optimized-perf-cumulative.txt:19: trailing whitespace.
+    39.53%     0.05%  [.] dir_simulator::output::stream::put_record                                                                                                                                                                                                          -      -            
docs/verification/results/can-export-optimization-2026-10-08/profiles/optimized-perf-cumulative.txt:20: trailing whitespace.
+    39.31%     0.08%  [.] dir_simulator::output::disk_sort::Sorter::push                                                                                                                                                                                                     -      -            
docs/verification/results/can-export-optimization-2026-10-08/profiles/optimized-perf-cumulative.txt:21: trailing whitespace.
+    35.71%     0.00%  [.] dir_simulator::output::disk_sort::Sorter::flush                                                                                                                                                                                                    -      -            
docs/verification/results/can-export-optimization-2026-10-08/profiles/optimized-perf-cumulative.txt:22: trailing whitespace.
+    32.50%     0.29%  [.] _ZN13dir_simulator6output9disk_sort9RunReader8next_row17h4a0880cda17e6af5E.llvm.16607043180752822961                                                                                                                                               -      -            
docs/verification/results/can-export-optimization-2026-10-08/profiles/optimized-perf-cumulative.txt:23: trailing whitespace.
+    30.57%     0.30%  [.] serde_json::de::from_trait                                                                                                                                                                                                                         -      -            
docs/verification/results/can-export-optimization-2026-10-08/profiles/optimized-perf-cumulative.txt:24: trailing whitespace.
+    30.27%     1.05%  [.] <&mut serde_json::de::Deserializer<R> as serde_core::de::Deserializer>::deserialize_struct                                                                                                                                                         -      -            
docs/verification/results/can-export-optimization-2026-10-08/profiles/optimized-perf-cumulative.txt:25: trailing whitespace.
+    29.31%     1.01%  [.] dir_simulator::output::disk_sort::Sorter::merge                                                                                                                                                                                                    -      -            
docs/verification/results/can-export-optimization-2026-10-08/profiles/optimized-perf-cumulative.txt:26: trailing whitespace.
+    26.69%     0.17%  [.] dir_simulator::output::stream::windows                                                                                                                                                                                                             -      -            
docs/verification/results/can-export-optimization-2026-10-08/profiles/optimized-perf-cumulative.txt:27: trailing whitespace.
+    25.45%     3.03%  [.] _ZN98_$LT$$RF$mut$u20$serde_json..de..Deserializer$LT$R$GT$$u20$as$u20$serde_core..de..Deserializer$GT$15deserialize_any17hfa62e63b86197278E.llvm.2896660671304784589                                                                              -      -            
docs/verification/results/can-export-optimization-2026-10-08/profiles/optimized-perf-cumulative.txt:28: trailing whitespace.
+    25.08%     2.75%  [.] <serde_json::value::de::<impl serde_core::de::Deserialize for serde_json::value::Value>::deserialize::ValueVisitor as serde_core::de::Visitor>::visit_map                                                                                          -      -            
docs/verification/results/can-export-optimization-2026-10-08/profiles/optimized-perf-cumulative.txt:29: trailing whitespace.
+    24.17%     0.00%  [.] dir_simulator::output::publish::stream                                                                                                                                                                                                             -      -            
docs/verification/results/can-export-optimization-2026-10-08/profiles/optimized-perf-cumulative.txt:30: trailing whitespace.
+    19.91%     0.00%  [.] dir_simulator::output::disk_sort::Sorter::finish                                                                                                                                                                                                   -      -            
docs/verification/results/can-export-optimization-2026-10-08/profiles/optimized-perf-cumulative.txt:31: trailing whitespace.
+    19.45%     4.07%  [.] alloc::collections::btree::map::BTreeMap<K,V,A>::insert                                                                                                                                                                                            -      -            
docs/verification/results/can-export-optimization-2026-10-08/profiles/optimized-perf-cumulative.txt:32: trailing whitespace.
+    15.92%     3.65%  [.] cfree                                                                                                                                                                                                                                              -      -            
docs/verification/results/can-export-optimization-2026-10-08/profiles/optimized-perf-cumulative.txt:33: trailing whitespace.
+    15.57%     0.00%  [.] dir_simulator::output::stream::points                                                                                                                                                                                                              -      -            
docs/verification/results/can-export-optimization-2026-10-08/profiles/optimized-perf-cumulative.txt:34: trailing whitespace.
+    14.60%     0.00%  [.] dir_simulator::output::stream::emit_point_group                                                                                                                                                                                                    -      -            
docs/verification/results/can-export-optimization-2026-10-08/profiles/optimized-perf-cumulative.txt:35: trailing whitespace.
+    12.88%     0.17%  [.] dir_simulator::output::disk_sort::Sorter::write_row                                                                                                                                                                                                -      -            
docs/verification/results/can-export-optimization-2026-10-08/profiles/optimized-perf-cumulative.txt:36: trailing whitespace.
+    12.74%     0.00%  [.] dir_simulator::output::json::write_stream_result                                                                                                                                                                                                   -      -            
docs/verification/results/can-export-optimization-2026-10-08/profiles/optimized-perf-cumulative.txt:37: trailing whitespace.
+    11.51%     0.14%  [.] dir_simulator::output::json::write_array_fallible                                                                                                                                                                                                  -      -            
docs/verification/results/can-export-optimization-2026-10-08/profiles/optimized-perf-cumulative.txt:38: trailing whitespace.
+    11.42%     0.30%  [.] dir_simulator::output::csv::write_stream                                                                                                                                                                                                           -      -            
docs/verification/results/can-export-optimization-2026-10-08/profiles/optimized-perf-cumulative.txt:39: trailing whitespace.
+    11.26%     6.66%  [.] alloc::collections::btree::map::entry::VacantEntry<K,V,A>::insert_entry                                                                                                                                                                            -      -            
docs/verification/results/can-export-optimization-2026-10-08/profiles/optimized-perf-cumulative.txt:40: trailing whitespace.
+    10.21%     2.08%  [.] _ZN10serde_json5value3ser81_$LT$impl$u20$serde_core..ser..Serialize$u20$for$u20$serde_json..value..Value$GT$9serialize17he6e89d63aebe78bdE.llvm.8311928859024757444                                                                                -      -            
docs/verification/results/can-export-optimization-2026-10-08/profiles/optimized-perf-cumulative.txt:41: trailing whitespace.
+     9.77%     3.53%  [.] malloc                                                                                                                                                                                                                                             -      -            
docs/verification/results/can-export-optimization-2026-10-08/profiles/optimized-perf-cumulative.txt:42: trailing whitespace.
+     9.70%     1.61%  [.] _ZN4core3ptr117drop_in_place$LT$alloc..collections..btree..map..IntoIter$LT$alloc..string..String$C$serde_json..value..Value$GT$$GT$17h534e96d460f63b44E.llvm.5586303551719632091                                                                  -      -            
docs/verification/results/can-export-optimization-2026-10-08/profiles/optimized-perf-cumulative.txt:43: trailing whitespace.
+     8.20%     0.00%  [.] 0x00007e87d24aae84                                                                                                                                                                                                                                 -      -            
docs/verification/results/can-export-optimization-2026-10-08/profiles/optimized-perf-cumulative.txt:44: trailing whitespace.
+     8.11%     0.07%  [.] core::ptr::drop_in_place<serde_json::value::Value>                                                                                                                                                                                                 -      -            
docs/verification/results/can-export-optimization-2026-10-08/profiles/optimized-perf-cumulative.txt:45: trailing whitespace.
+     7.96%     0.46%  [.] dir_simulator::output::json::record_value                                                                                                                                                                                                          -      -            
docs/verification/results/can-export-optimization-2026-10-08/profiles/optimized-perf-cumulative.txt:46: trailing whitespace.
+     7.93%     0.00%  [.] core::ptr::drop_in_place<std::io::buffered::bufwriter::BufWriter<std::fs::File>>                                                                                                                                                                   -      -            
docs/verification/results/can-export-optimization-2026-10-08/profiles/optimized-perf-cumulative.txt:47: trailing whitespace.
+     7.33%     0.79%  [.] core::ptr::drop_in_place<[dir_simulator::output::disk_sort::Row]>                                                                                                                                                                                  -      -            
docs/verification/results/can-export-optimization-2026-10-08/profiles/optimized-perf-cumulative.txt:48: trailing whitespace.
+     6.62%     5.85%  [.] _ZN100_$LT$$RF$mut$u20$serde_json..ser..Serializer$LT$W$C$F$GT$$u20$as$u20$serde_core..ser..Serializer$GT$13serialize_str17h5da1ae437f5a08a5E.llvm.8311928859024757444                                                                             -      -            
docs/verification/results/can-export-optimization-2026-10-08/profiles/optimized-perf-cumulative.txt:49: trailing whitespace.
+     4.87%     0.00%  [.] dir_simulator::output::stream::contribution                                                                                                                                                                                                        -      -            
docs/verification/results/can-export-optimization-2026-10-08/profiles/optimized-perf-cumulative.txt:50: trailing whitespace.
+     4.80%     0.02%  [.] dir_simulator::output::json::write_value                                                                                                                                                                                                           -      -            
docs/verification/results/can-export-optimization-2026-10-08/profiles/optimized-perf-cumulative.txt:51: trailing whitespace.
+     4.14%     0.46%  [.] _ZN13dir_simulator6output4json9canonical6append17hea7e91c404494456E.llvm.2896660671304784589                                                                                                                                                       -      -            
docs/verification/results/can-export-optimization-2026-10-08/profiles/optimized-perf-cumulative.txt:52: trailing whitespace.
+     3.82%     0.24%  [.] realloc                                                                                                                                                                                                                                            -      -            
docs/verification/results/can-export-optimization-2026-10-08/profiles/optimized-perf-cumulative.txt:53: trailing whitespace.
+     3.75%     2.35%  [.] alloc::collections::btree::node::Handle<alloc::collections::btree::node::NodeRef<alloc::collections::btree::node::marker::Mut,K,V,alloc::collections::btree::node::marker::Leaf>,alloc::collections::btree::node::marker::Edge>::insert_recursing  -      -            
docs/verification/results/can-export-optimization-2026-10-08/profiles/optimized-perf-cumulative.txt:54: trailing whitespace.
+     3.55%     0.46%  [.] <serde_json::de::MapAccess<R> as serde_core::de::MapAccess>::next_key_seed                                                                                                                                                                         -      -            
docs/verification/results/can-export-optimization-2026-10-08/profiles/optimized-perf-cumulative.txt:55: trailing whitespace.
+     3.24%     0.00%  [.] serde_core::ser::SerializeMap::serialize_entry                                                                                                                                                                                                     -      -            
docs/verification/results/can-export-optimization-2026-10-08/profiles/optimized-perf-cumulative.txt:56: trailing whitespace.
+     3.21%     0.29%  [.] _ZN10serde_json5value3ser81_$LT$impl$u20$serde_core..ser..Serialize$u20$for$u20$serde_json..value..Value$GT$9serialize17ha7c644a91789ab7aE.llvm.8311928859024757444                                                                                -      -            
docs/verification/results/can-export-optimization-2026-10-08/profiles/optimized-perf-cumulative.txt:57: trailing whitespace.
+     3.18%     3.18%  [.] <serde_json::read::StrRead as serde_json::read::Read>::parse_str                                                                                                                                                                                   -      -            
docs/verification/results/can-export-optimization-2026-10-08/profiles/optimized-perf-cumulative.txt:58: trailing whitespace.
+     3.16%     3.16%  [.] 0x00000000000a9d41                                                                                                                                                                                                                                 -      -            
docs/verification/results/can-export-optimization-2026-10-08/profiles/optimized-perf-cumulative.txt:59: trailing whitespace.
+     3.16%     0.00%  [.] 0x00007e87d24a9d41                                                                                                                                                                                                                                 -      -            
docs/verification/results/can-export-optimization-2026-10-08/profiles/optimized-perf-cumulative.txt:60: trailing whitespace.
+     3.09%     3.09%  [.] <alloc::collections::btree::map::Iter<K,V> as core::iter::traits::iterator::Iterator>::next                                                                                                                                                        -      -            
docs/verification/results/can-export-optimization-2026-10-08/profiles/optimized-perf-cumulative.txt:61: trailing whitespace.
+     3.08%     0.03%  [.] _ZN5alloc7raw_vec11finish_grow17h42bb899a0e6267a8E.llvm.2359604552835732679                                                                                                                                                                        -      -            
docs/verification/results/can-export-optimization-2026-10-08/profiles/optimized-perf-cumulative.txt:62: trailing whitespace.
+     3.03%     2.23%  [.] _ZN5alloc11collections5btree3map25IntoIter$LT$K$C$V$C$A$GT$10dying_next17h721c75f26a24fd18E.llvm.5586303551719632091                                                                                                                               -      -            
docs/verification/results/can-export-optimization-2026-10-08/profiles/optimized-perf-cumulative.txt:63: trailing whitespace.
+     3.03%     0.93%  [.] serde_json::ser::format_escaped_str                                                                                                                                                                                                                -      -            
docs/verification/results/can-export-optimization-2026-10-08/profiles/optimized-perf-cumulative.txt:64: trailing whitespace.
+     2.96%     0.03%  [.] <&mut serde_json::de::Deserializer<R> as serde_core::de::Deserializer>::deserialize_seq                                                                                                                                                            -      -            
docs/verification/results/can-export-optimization-2026-10-08/profiles/optimized-perf-cumulative.txt:65: trailing whitespace.
+     2.91%     0.24%  [.] <serde_core::de::impls::<impl serde_core::de::Deserialize for alloc::vec::Vec<T>>::deserialize::VecVisitor<T> as serde_core::de::Visitor>::visit_seq                                                                                               -      -            
docs/verification/results/can-export-optimization-2026-10-08/profiles/optimized-perf-cumulative.txt:66: trailing whitespace.
+     2.91%     0.00%  [.] 0x00007e87d24ad124                                                                                                                                                                                                                                 -      -            
docs/verification/results/can-export-optimization-2026-10-08/profiles/optimized-perf-cumulative.txt:67: trailing whitespace.
+     2.89%     0.12%  [.] alloc::raw_vec::RawVecInner<A>::reserve::do_reserve_and_handle                                                                                                                                                                                     -      -            
docs/verification/results/can-export-optimization-2026-10-08/profiles/optimized-perf-cumulative.txt:68: trailing whitespace.
+     2.81%     0.00%  [.] 0x00007e87d24ac2b4                                                                                                                                                                                                                                 -      -            
docs/verification/results/can-export-optimization-2026-10-08/profiles/optimized-perf-cumulative.txt:69: trailing whitespace.
+     2.75%     0.00%  [.] core::slice::sort::stable::driftsort_main                                                                                                                                                                                                          -      -            
docs/verification/results/can-export-optimization-2026-10-08/profiles/optimized-perf-cumulative.txt:70: trailing whitespace.
+     2.64%     0.34%  [.] core::slice::sort::stable::drift::sort                                                                                                                                                                                                             -      -            
docs/verification/results/can-export-optimization-2026-10-08/profiles/optimized-perf-cumulative.txt:71: trailing whitespace.
+     2.26%     2.26%  [.] 0x000000000018891d                                                                                                                                                                                                                                 -      -            
docs/verification/results/can-export-optimization-2026-10-08/profiles/optimized-perf-cumulative.txt:72: trailing whitespace.
+     2.26%     0.00%  [.] 0x00007e87d258891d                                                                                                                                                                                                                                 -      -            
docs/verification/results/can-export-optimization-2026-10-08/profiles/optimized-perf-cumulative.txt:73: trailing whitespace.
+     2.04%     0.90%  [.] <str as serde_json::value::index::Index>::index_into                                                                                                                                                                                               -      -            
docs/verification/results/can-export-optimization-2026-10-08/profiles/optimized-perf-cumulative.txt:74: trailing whitespace.
+     1.99%     1.99%  [.] 0x00000000000a9be3                                                                                                                                                                                                                                 -      -            
docs/verification/results/can-export-optimization-2026-10-08/profiles/optimized-perf-cumulative.txt:75: trailing whitespace.
+     1.99%     0.25%  [.] <&mut serde_json::de::Deserializer<R> as serde_core::de::Deserializer>::deserialize_string                                                                                                                                                         -      -            
docs/verification/results/can-export-optimization-2026-10-08/profiles/optimized-perf-cumulative.txt:76: trailing whitespace.
+     1.99%     0.00%  [.] 0x00007e87d24a9be3                                                                                                                                                                                                                                 -      -            
docs/verification/results/can-export-optimization-2026-10-08/profiles/optimized-perf-cumulative.txt:77: trailing whitespace.
+     1.93%     1.93%  [.] 0x00000000000a9bdd                                                                                                                                                                                                                                 -      -            
docs/verification/results/can-export-optimization-2026-10-08/profiles/optimized-perf-cumulative.txt:78: trailing whitespace.
+     1.93%     0.00%  [.] 0x00007e87d24a9bdd                                                                                                                                                                                                                                 -      -            
docs/verification/results/can-export-optimization-2026-10-08/profiles/optimized-perf-cumulative.txt:79: trailing whitespace.
+     1.93%     0.00%  [.] 0x00007e87d24a9db9                                                                                                                                                                                                                                 -      -            
docs/verification/results/can-export-optimization-2026-10-08/profiles/optimized-perf-cumulative.txt:80: trailing whitespace.
+     1.86%     0.54%  [.] serde_core::ser::SerializeMap::serialize_entry                                                                                                                                                                                                     -      -            
docs/verification/results/can-export-optimization-2026-10-08/profiles/optimized-perf-cumulative.txt:81: trailing whitespace.
+     1.81%     1.15%  [.] dir_simulator::output::json::canonical::string                                                                                                                                                                                                     -      -            
docs/verification/results/can-export-optimization-2026-10-08/profiles/optimized-perf-cumulative.txt:82: trailing whitespace.
+     1.72%     0.20%  [.] std::io::append_to_string                                                                                                                                                                                                                          -      -            
docs/verification/results/can-export-optimization-2026-10-08/profiles/optimized-perf-cumulative.txt:83: trailing whitespace.
+     1.71%     0.08%  [.] _ZN4core3ptr45drop_in_place$LT$serde_json..value..Value$GT$17hf06cfd76a8113f3bE.llvm.2896660671304784589                                                                                                                                           -      -            
docs/verification/results/can-export-optimization-2026-10-08/profiles/optimized-perf-cumulative.txt:84: trailing whitespace.
+     1.42%     1.42%  [.] 0x0000000000188620                                                                                                                                                                                                                                 -      -            
docs/verification/results/can-export-optimization-2026-10-08/profiles/optimized-perf-cumulative.txt:85: trailing whitespace.
+     1.42%     0.00%  [.] 0x00007e87d2588620                                                                                                                                                                                                                                 -      -            
docs/verification/results/can-export-optimization-2026-10-08/profiles/optimized-perf-cumulative.txt:86: trailing whitespace.
+     1.35%     0.52%  [.] core::slice::sort::stable::quicksort::quicksort                                                                                                                                                                                                    -      -            
docs/verification/results/can-export-optimization-2026-10-08/profiles/optimized-perf-cumulative.txt:87: trailing whitespace.
+     1.25%     0.14%  [.] alloc::fmt::format::format_inner                                                                                                                                                                                                                   -      -            
docs/verification/results/can-export-optimization-2026-10-08/profiles/optimized-perf-cumulative.txt:88: trailing whitespace.
+     1.20%     1.20%  [.] 0x00000000000a9bc9                                                                                                                                                                                                                                 -      -            
docs/verification/results/can-export-optimization-2026-10-08/profiles/optimized-perf-cumulative.txt:89: trailing whitespace.
+     1.20%     0.00%  [.] 0x00007e87d24a9bc9                                                                                                                                                                                                                                 -      -            
docs/verification/results/can-export-optimization-2026-10-08/profiles/optimized-perf-cumulative.txt:90: trailing whitespace.
+     1.18%     1.18%  [.] 0x00000000000ab8e6                                                                                                                                                                                                                                 -      -            
docs/verification/results/can-export-optimization-2026-10-08/profiles/optimized-perf-cumulative.txt:91: trailing whitespace.
+     1.18%     0.03%  [.] dir_simulator::output::json::write_array_fallible                                                                                                                                                                                                  -      -            
docs/verification/results/can-export-optimization-2026-10-08/profiles/optimized-perf-cumulative.txt:92: trailing whitespace.
+     1.18%     0.00%  [.] 0x00007e87d24ab8e6                                                                                                                                                                                                                                 -      -            
docs/verification/results/can-export-optimization-2026-10-08/profiles/optimized-perf-cumulative.txt:93: trailing whitespace.
+     1.17%     0.07%  [.] dir_simulator::runtime::engine::simulate                                                                                                                                                                                                           -      -            
docs/verification/results/can-export-optimization-2026-10-08/profiles/optimized-perf-cumulative.txt:94: trailing whitespace.
+     1.17%     0.00%  [.] dir_simulator::runtime::simulate_builtin                                                                                                                                                                                                           -      -            
docs/verification/results/can-export-optimization-2026-10-08/profiles/optimized-perf-cumulative.txt:95: trailing whitespace.
+     1.13%     0.20%  [.] serde_core::de::Visitor::visit_borrowed_str                                                                                                                                                                                                        -      -            
docs/verification/results/can-export-optimization-2026-10-08/profiles/optimized-perf-cumulative.txt:96: trailing whitespace.
+     1.13%     0.08%  [.] core::fmt::write                                                                                                                                                                                                                                   -      -            
docs/verification/results/can-export-optimization-2026-10-08/profiles/optimized-perf-cumulative.txt:97: trailing whitespace.
+     1.13%     0.05%  [.] alloc::raw_vec::RawVec<T,A>::grow_one                                                                                                                                                                                                              -      -            
docs/verification/results/can-export-optimization-2026-10-08/profiles/optimized-perf-cumulative.txt:98: trailing whitespace.
+     1.10%     0.08%  [.] <alloc::collections::btree::map::BTreeMap<K,V> as core::iter::traits::collect::FromIterator<(K,V)>>::from_iter                                                                                                                                     -      -            
docs/verification/results/can-export-optimization-2026-10-08/profiles/optimized-perf-cumulative.txt:99: trailing whitespace.
+     1.08%     0.05%  [.] alloc::raw_vec::finish_grow                                                                                                                                                                                                                        -      -            
docs/verification/results/can-export-optimization-2026-10-08/profiles/optimized-perf-cumulative.txt:100: trailing whitespace.
+     1.05%     0.20%  [.] alloc::raw_vec::finish_grow                                                                                                                                                                                                                        -      -            
docs/verification/results/can-export-optimization-2026-10-08/profiles/optimized-perf-cumulative.txt:101: trailing whitespace.
+     1.01%     1.01%  [.] core::slice::memchr::memchr_aligned                                                                                                                                                                                                                -      -            
docs/verification/results/can-export-optimization-2026-10-08/profiles/optimized-perf-cumulative.txt:102: trailing whitespace.
+     0.98%     0.00%  [.] 0x00007e87d24a9e0a                                                                                                                                                                                                                                 -      -            
docs/verification/results/can-export-optimization-2026-10-08/profiles/optimized-perf-cumulative.txt:103: trailing whitespace.
+     0.95%     0.19%  [.] alloc::raw_vec::RawVec<T,A>::grow_one                                                                                                                                                                                                              -      -            
docs/verification/results/can-export-optimization-2026-10-08/profiles/optimized-perf-cumulative.txt:104: trailing whitespace.
+     0.90%     0.90%  [.] 0x0000000000188700                                                                                                                                                                                                                                 -      -            
docs/verification/results/can-export-optimization-2026-10-08/profiles/optimized-perf-cumulative.txt:105: trailing whitespace.
+     0.90%     0.00%  [.] 0x00007e87d2588700                                                                                                                                                                                                                                 -      -            
docs/verification/results/can-export-optimization-2026-10-08/profiles/optimized-perf-cumulative.txt:106: trailing whitespace.
+     0.85%     0.85%  [.] 0x00000000000ab8b5                                                                                                                                                                                                                                 -      -            
docs/verification/results/can-export-optimization-2026-10-08/profiles/optimized-perf-cumulative.txt:107: trailing whitespace.
+     0.85%     0.03%  [.] alloc::collections::btree::node::Handle<alloc::collections::btree::node::NodeRef<alloc::collections::btree::node::marker::Mut,K,V,alloc::collections::btree::node::marker::Leaf>,alloc::collections::btree::node::marker::KV>::split               -      -            
docs/verification/results/can-export-optimization-2026-10-08/profiles/optimized-perf-cumulative.txt:108: trailing whitespace.
+     0.85%     0.00%  [.] 0x00007e87d24ab8b5                                                                                                                                                                                                                                 -      -            
docs/verification/results/can-export-optimization-2026-10-08/profiles/optimized-perf-cumulative.txt:109: trailing whitespace.
+     0.81%     0.81%  [.] 0x00000000000a9ce6                                                                                                                                                                                                                                 -      -            
docs/verification/results/can-export-optimization-2026-10-08/profiles/optimized-perf-cumulative.txt:110: trailing whitespace.
+     0.81%     0.81%  [.] 0x0000000000188d80                                                                                                                                                                                                                                 -      -            
docs/verification/results/can-export-optimization-2026-10-08/profiles/optimized-perf-cumulative.txt:111: trailing whitespace.
+     0.81%     0.00%  [.] 0x00007e87d24a9ce6                                                                                                                                                                                                                                 -      -            
docs/verification/results/can-export-optimization-2026-10-08/profiles/optimized-perf-cumulative.txt:112: trailing whitespace.
+     0.81%     0.00%  [.] 0x00007e87d2588d80                                                                                                                                                                                                                                 -      -            
docs/verification/results/can-export-optimization-2026-10-08/profiles/optimized-perf-cumulative.txt:113: trailing whitespace.
+     0.73%     0.73%  [.] 0x0000000000188708                                                                                                                                                                                                                                 -      -            
docs/verification/results/can-export-optimization-2026-10-08/profiles/optimized-perf-cumulative.txt:114: trailing whitespace.
+     0.73%     0.07%  [.] _ZN58_$LT$alloc..string..String$u20$as$u20$core..fmt..Write$GT$9write_str17h4fe72517577b2fb5E.llvm.2896660671304784589                                                                                                                             -      -            
docs/verification/results/can-export-optimization-2026-10-08/profiles/optimized-perf-cumulative.txt:115: trailing whitespace.
+     0.73%     0.00%  [.] 0x00007e87d2588708                                                                                                                                                                                                                                 -      -            
docs/verification/results/can-export-optimization-2026-10-08/profiles/optimized-perf-cumulative.txt:116: trailing whitespace.
+     0.69%     0.08%  [.] dir_simulator::output::stream::window_rows                                                                                                                                                                                                         -      -            
docs/verification/results/can-export-optimization-2026-10-08/profiles/optimized-perf-cumulative.txt:117: trailing whitespace.
+     0.68%     0.00%  [.] <dir_simulator::output::publish::HashWriter as std::io::Write>::write                                                                                                                                                                              -      -            
docs/verification/results/can-export-optimization-2026-10-08/profiles/optimized-perf-cumulative.txt:118: trailing whitespace.
+     0.68%     0.00%  [.] _ZN3std2io8buffered9bufwriter18BufWriter$LT$W$GT$9flush_buf17h15c683f3d0dea5cbE.llvm.2896660671304784589                                                                                                                                           -      -            
docs/verification/results/can-export-optimization-2026-10-08/profiles/optimized-perf-cumulative.txt:119: trailing whitespace.
+     0.68%     0.00%  [.] std::io::buffered::bufwriter::BufWriter<W>::write_all_cold                                                                                                                                                                                         -      -            
docs/verification/results/can-export-optimization-2026-10-08/profiles/optimized-perf-cumulative.txt:120: trailing whitespace.
+     0.66%     0.66%  [.] sha2::sha256::x86::digest_blocks                                                                                                                                                                                                                   -      -            
docs/verification/results/can-export-optimization-2026-10-08/profiles/optimized-perf-cumulative.txt:121: trailing whitespace.
+     0.64%     0.64%  [.] 0x00000000000ab2dc                                                                                                                                                                                                                                 -      -            
docs/verification/results/can-export-optimization-2026-10-08/profiles/optimized-perf-cumulative.txt:122: trailing whitespace.
+     0.64%     0.00%  [.] <dir_simulator::runtime::spool::DiskPoints as core::iter::traits::iterator::Iterator>::next                                                                                                                                                        -      -            
docs/verification/results/can-export-optimization-2026-10-08/profiles/optimized-perf-cumulative.txt:123: trailing whitespace.
+     0.64%     0.00%  [.] <dir_simulator::runtime::spool::Points as core::iter::traits::iterator::Iterator>::next                                                                                                                                                            -      -            
docs/verification/results/can-export-optimization-2026-10-08/profiles/optimized-perf-cumulative.txt:124: trailing whitespace.
+     0.64%     0.00%  [.] 0x00007e87d24ab2dc                                                                                                                                                                                                                                 -      -            
docs/verification/results/can-export-optimization-2026-10-08/profiles/optimized-perf-cumulative.txt:125: trailing whitespace.
+     0.63%     0.20%  [.] dir_simulator::output::json::opt_d                                                                                                                                                                                                                 -      -            
docs/verification/results/can-export-optimization-2026-10-08/profiles/optimized-perf-cumulative.txt:126: trailing whitespace.
+     0.63%     0.00%  [.] dir_simulator::output::json::write_bytes                                                                                                                                                                                                           -      -            
docs/verification/results/can-export-optimization-2026-10-08/profiles/optimized-perf-cumulative.txt:127: trailing whitespace.
+     0.61%     0.07%  [.] dir_simulator::output::json::number_wire                                                                                                                                                                                                           -      -            
docs/verification/results/can-export-optimization-2026-10-08/profiles/optimized-perf-cumulative.txt:128: trailing whitespace.
+     0.57%     0.29%  [.] core::slice::sort::stable::merge::merge                                                                                                                                                                                                            -      -            
docs/verification/results/can-export-optimization-2026-10-08/profiles/optimized-perf-cumulative.txt:129: trailing whitespace.
+     0.57%     0.08%  [.] serde_core::ser::SerializeMap::serialize_entry                                                                                                                                                                                                     -      -            
docs/verification/results/can-export-optimization-2026-10-08/profiles/optimized-perf-cumulative.txt:130: trailing whitespace.
+     0.56%     0.56%  [.] _ZN80_$LT$serde_json..de..MapAccess$LT$R$GT$$u20$as$u20$serde_core..de..MapAccess$GT$13next_key_seed12has_next_key17h6cbe871b0e9927c5E.llvm.2896660671304784589                                                                                    -      -            
docs/verification/results/can-export-optimization-2026-10-08/profiles/optimized-perf-cumulative.txt:131: trailing whitespace.
+     0.56%     0.56%  [.] __rust_dealloc                                                                                                                                                                                                                                     -      -            
docs/verification/results/can-export-optimization-2026-10-08/profiles/optimized-perf-cumulative.txt:132: trailing whitespace.
+     0.54%     0.08%  [.] core::fmt::Formatter::pad_integral                                                                                                                                                                                                                 -      -            
docs/verification/results/can-export-optimization-2026-10-08/profiles/optimized-perf-cumulative.txt:133: trailing whitespace.
+     0.52%     0.00%  [.] serde_json::de::from_trait                                                                                                                                                                                                                         -      -            
docs/verification/results/can-export-optimization-2026-10-08/profiles/optimized-perf-cumulative.txt:134: trailing whitespace.
+     0.51%     0.02%  [.] core::fmt::num::imp::<impl core::fmt::Display for usize>::fmt                                                                                                                                                                                      -      -            
docs/verification/results/can-export-optimization-2026-10-08/profiles/optimized-perf-flat.txt:12: trailing whitespace.
+     6.66%  [.] alloc::collections::btree::map::entry::VacantEntry<K,V,A>::insert_entry                                                                                                                                                                            -      -            
docs/verification/results/can-export-optimization-2026-10-08/profiles/optimized-perf-flat.txt:13: trailing whitespace.
+     5.85%  [.] _ZN100_$LT$$RF$mut$u20$serde_json..ser..Serializer$LT$W$C$F$GT$$u20$as$u20$serde_core..ser..Serializer$GT$13serialize_str17h5da1ae437f5a08a5E.llvm.8311928859024757444                                                                             -      -            
docs/verification/results/can-export-optimization-2026-10-08/profiles/optimized-perf-flat.txt:14: trailing whitespace.
+     4.07%  [.] alloc::collections::btree::map::BTreeMap<K,V,A>::insert                                                                                                                                                                                            -      -            
docs/verification/results/can-export-optimization-2026-10-08/profiles/optimized-perf-flat.txt:15: trailing whitespace.
+     3.65%  [.] cfree                                                                                                                                                                                                                                              -      -            
docs/verification/results/can-export-optimization-2026-10-08/profiles/optimized-perf-flat.txt:16: trailing whitespace.
+     3.53%  [.] malloc                                                                                                                                                                                                                                             -      -            
docs/verification/results/can-export-optimization-2026-10-08/profiles/optimized-perf-flat.txt:17: trailing whitespace.
+     3.18%  [.] <serde_json::read::StrRead as serde_json::read::Read>::parse_str                                                                                                                                                                                   -      -            
docs/verification/results/can-export-optimization-2026-10-08/profiles/optimized-perf-flat.txt:18: trailing whitespace.
+     3.16%  [.] 0x00000000000a9d41                                                                                                                                                                                                                                 -      -            
docs/verification/results/can-export-optimization-2026-10-08/profiles/optimized-perf-flat.txt:19: trailing whitespace.
+     3.09%  [.] <alloc::collections::btree::map::Iter<K,V> as core::iter::traits::iterator::Iterator>::next                                                                                                                                                        -      -            
docs/verification/results/can-export-optimization-2026-10-08/profiles/optimized-perf-flat.txt:20: trailing whitespace.
+     3.03%  [.] _ZN98_$LT$$RF$mut$u20$serde_json..de..Deserializer$LT$R$GT$$u20$as$u20$serde_core..de..Deserializer$GT$15deserialize_any17hfa62e63b86197278E.llvm.2896660671304784589                                                                              -      -            
docs/verification/results/can-export-optimization-2026-10-08/profiles/optimized-perf-flat.txt:21: trailing whitespace.
+     2.75%  [.] <serde_json::value::de::<impl serde_core::de::Deserialize for serde_json::value::Value>::deserialize::ValueVisitor as serde_core::de::Visitor>::visit_map                                                                                          -      -            
docs/verification/results/can-export-optimization-2026-10-08/profiles/optimized-perf-flat.txt:22: trailing whitespace.
+     2.35%  [.] alloc::collections::btree::node::Handle<alloc::collections::btree::node::NodeRef<alloc::collections::btree::node::marker::Mut,K,V,alloc::collections::btree::node::marker::Leaf>,alloc::collections::btree::node::marker::Edge>::insert_recursing  -      -            
docs/verification/results/can-export-optimization-2026-10-08/profiles/optimized-perf-flat.txt:23: trailing whitespace.
+     2.26%  [.] 0x000000000018891d                                                                                                                                                                                                                                 -      -            
docs/verification/results/can-export-optimization-2026-10-08/profiles/optimized-perf-flat.txt:24: trailing whitespace.
+     2.23%  [.] _ZN5alloc11collections5btree3map25IntoIter$LT$K$C$V$C$A$GT$10dying_next17h721c75f26a24fd18E.llvm.5586303551719632091                                                                                                                               -      -            
docs/verification/results/can-export-optimization-2026-10-08/profiles/optimized-perf-flat.txt:25: trailing whitespace.
+     2.08%  [.] _ZN10serde_json5value3ser81_$LT$impl$u20$serde_core..ser..Serialize$u20$for$u20$serde_json..value..Value$GT$9serialize17he6e89d63aebe78bdE.llvm.8311928859024757444                                                                                -      -            
docs/verification/results/can-export-optimization-2026-10-08/profiles/optimized-perf-flat.txt:26: trailing whitespace.
+     1.99%  [.] 0x00000000000a9be3                                                                                                                                                                                                                                 -      -            
docs/verification/results/can-export-optimization-2026-10-08/profiles/optimized-perf-flat.txt:27: trailing whitespace.
+     1.93%  [.] 0x00000000000a9bdd                                                                                                                                                                                                                                 -      -            
docs/verification/results/can-export-optimization-2026-10-08/profiles/optimized-perf-flat.txt:28: trailing whitespace.
+     1.61%  [.] _ZN4core3ptr117drop_in_place$LT$alloc..collections..btree..map..IntoIter$LT$alloc..string..String$C$serde_json..value..Value$GT$$GT$17h534e96d460f63b44E.llvm.5586303551719632091                                                                  -      -            
docs/verification/results/can-export-optimization-2026-10-08/profiles/optimized-perf-flat.txt:29: trailing whitespace.
+     1.42%  [.] 0x0000000000188620                                                                                                                                                                                                                                 -      -            
docs/verification/results/can-export-optimization-2026-10-08/profiles/optimized-perf-flat.txt:30: trailing whitespace.
+     1.20%  [.] 0x00000000000a9bc9                                                                                                                                                                                                                                 -      -            
docs/verification/results/can-export-optimization-2026-10-08/profiles/optimized-perf-flat.txt:31: trailing whitespace.
+     1.18%  [.] 0x00000000000ab8e6                                                                                                                                                                                                                                 -      -            
docs/verification/results/can-export-optimization-2026-10-08/profiles/optimized-perf-flat.txt:32: trailing whitespace.
+     1.15%  [.] dir_simulator::output::json::canonical::string                                                                                                                                                                                                     -      -            
docs/verification/results/can-export-optimization-2026-10-08/profiles/optimized-perf-flat.txt:33: trailing whitespace.
+     1.05%  [.] <&mut serde_json::de::Deserializer<R> as serde_core::de::Deserializer>::deserialize_struct                                                                                                                                                         -      -            
docs/verification/results/can-export-optimization-2026-10-08/profiles/optimized-perf-flat.txt:34: trailing whitespace.
+     1.01%  [.] core::slice::memchr::memchr_aligned                                                                                                                                                                                                                -      -            
docs/verification/results/can-export-optimization-2026-10-08/profiles/optimized-perf-flat.txt:35: trailing whitespace.
+     1.01%  [.] dir_simulator::output::disk_sort::Sorter::merge                                                                                                                                                                                                    -      -            
docs/verification/results/can-export-optimization-2026-10-08/profiles/optimized-perf-flat.txt:36: trailing whitespace.
+     0.93%  [.] serde_json::ser::format_escaped_str                                                                                                                                                                                                                -      -            
docs/verification/results/can-export-optimization-2026-10-08/profiles/optimized-perf-flat.txt:37: trailing whitespace.
+     0.90%  [.] <str as serde_json::value::index::Index>::index_into                                                                                                                                                                                               -      -            
docs/verification/results/can-export-optimization-2026-10-08/profiles/optimized-perf-flat.txt:38: trailing whitespace.
+     0.90%  [.] 0x0000000000188700                                                                                                                                                                                                                                 -      -            
docs/verification/results/can-export-optimization-2026-10-08/profiles/optimized-perf-flat.txt:39: trailing whitespace.
+     0.85%  [.] 0x00000000000ab8b5                                                                                                                                                                                                                                 -      -            
docs/verification/results/can-export-optimization-2026-10-08/profiles/optimized-perf-flat.txt:40: trailing whitespace.
+     0.81%  [.] 0x00000000000a9ce6                                                                                                                                                                                                                                 -      -            
docs/verification/results/can-export-optimization-2026-10-08/profiles/optimized-perf-flat.txt:41: trailing whitespace.
+     0.81%  [.] 0x0000000000188d80                                                                                                                                                                                                                                 -      -            
docs/verification/results/can-export-optimization-2026-10-08/profiles/optimized-perf-flat.txt:42: trailing whitespace.
+     0.79%  [.] core::ptr::drop_in_place<[dir_simulator::output::disk_sort::Row]>                                                                                                                                                                                  -      -            
docs/verification/results/can-export-optimization-2026-10-08/profiles/optimized-perf-flat.txt:43: trailing whitespace.
+     0.73%  [.] 0x0000000000188708                                                                                                                                                                                                                                 -      -            
docs/verification/results/can-export-optimization-2026-10-08/profiles/optimized-perf-flat.txt:44: trailing whitespace.
+     0.66%  [.] sha2::sha256::x86::digest_blocks                                                                                                                                                                                                                   -      -            
docs/verification/results/can-export-optimization-2026-10-08/profiles/optimized-perf-flat.txt:45: trailing whitespace.
+     0.64%  [.] 0x00000000000ab2dc                                                                                                                                                                                                                                 -      -            
docs/verification/results/can-export-optimization-2026-10-08/profiles/optimized-perf-flat.txt:46: trailing whitespace.
+     0.56%  [.] _ZN80_$LT$serde_json..de..MapAccess$LT$R$GT$$u20$as$u20$serde_core..de..MapAccess$GT$13next_key_seed12has_next_key17h6cbe871b0e9927c5E.llvm.2896660671304784589                                                                                    -      -            
docs/verification/results/can-export-optimization-2026-10-08/profiles/optimized-perf-flat.txt:47: trailing whitespace.
+     0.56%  [.] __rust_dealloc                                                                                                                                                                                                                                     -      -            
docs/verification/results/can-export-optimization-2026-10-08/profiles/optimized-perf-flat.txt:48: trailing whitespace.
+     0.54%  [.] serde_core::ser::SerializeMap::serialize_entry                                                                                                                                                                                                     -      -            
docs/verification/results/can-export-optimization-2026-10-08/profiles/optimized-perf-flat.txt:49: trailing whitespace.
+     0.52%  [.] core::slice::sort::stable::quicksort::quicksort                                                                                                                                                                                                    -      -            
docs/verification/results/can-million-integrated-2026-10-08/document-review/0.patch:4: trailing whitespace.
+ 
docs/verification/results/can-million-integrated-2026-10-08/document-review/0.patch:6: trailing whitespace.
+ 
docs/verification/results/can-million-integrated-2026-10-08/document-review/0.patch:9: trailing whitespace.
+ 
docs/verification/results/can-million-integrated-2026-10-08/document-review/0.patch:11: trailing whitespace.
+ 
docs/verification/results/can-million-integrated-2026-10-08/document-review/0.patch:22: trailing whitespace.
+ 
docs/verification/results/can-million-integrated-2026-10-08/document-review/0.patch:24: trailing whitespace.
+ 
docs/verification/results/can-million-integrated-2026-10-08/document-review/0.patch:42: trailing whitespace.
+ 
docs/verification/results/can-million-integrated-2026-10-08/document-review/0.patch:51: trailing whitespace.
+ 
docs/verification/results/can-million-integrated-2026-10-08/document-review/1.patch:4: trailing whitespace.
+ 
docs/verification/results/can-million-integrated-2026-10-08/document-review/1.patch:6: trailing whitespace.
+ 
docs/verification/results/can-million-integrated-2026-10-08/document-review/1.patch:9: trailing whitespace.
+ 
docs/verification/results/can-million-integrated-2026-10-08/document-review/1.patch:11: trailing whitespace.
+ 
docs/verification/results/can-million-integrated-2026-10-08/document-review/1.patch:13: trailing whitespace.
+ 
docs/verification/results/can-million-integrated-2026-10-08/document-review/1.patch:15: trailing whitespace.
+ 
docs/verification/results/can-million-integrated-2026-10-08/document-review/1.patch:19: trailing whitespace.
+ 
docs/verification/results/can-million-integrated-2026-10-08/document-review/1.patch:22: trailing whitespace.
+ 
docs/verification/results/can-million-integrated-2026-10-08/document-review/1.patch:24: trailing whitespace.
+ 
docs/verification/results/can-million-integrated-2026-10-08/document-review/1.patch:27: trailing whitespace.
+ 
docs/verification/results/can-million-integrated-2026-10-08/gates/2.log:713: new blank line at EOF.
docs/verification/results/can-output-candidates-2026-10-08/gates/baseline/latest/2-test.log:692: new blank line at EOF.
docs/verification/results/can-output-candidates-2026-10-08/gates/candidate1/latest/2-test.log:699: new blank line at EOF.
docs/verification/results/can-output-candidates-2026-10-08/gates/candidate2/latest/2-test.log:697: new blank line at EOF.
docs/verification/results/can-output-candidates-2026-10-08/gates/candidate3/latest/2-test.log:693: new blank line at EOF.
docs/verification/results/can-output-candidates-2026-10-08/gates/candidate4/latest/2-test.log:695: new blank line at EOF.
docs/verification/results/can-output-candidates-2026-10-08/gates/candidate5/latest/2-test.log:693: new blank line at EOF.
docs/verification/results/can-output-candidates-2026-10-08/patches/candidate1/crates/dir-simulator/src/output/disk_sort.rs.patch:19: trailing whitespace.
+ 
docs/verification/results/can-output-candidates-2026-10-08/patches/candidate1/crates/dir-simulator/src/output/disk_sort.rs.patch:25: trailing whitespace.
+ 
docs/verification/results/can-output-candidates-2026-10-08/patches/candidate1/crates/dir-simulator/src/output/disk_sort.rs.patch:506: trailing whitespace.
+ 
docs/verification/results/can-output-candidates-2026-10-08/patches/candidate2/crates/dir-simulator/src/output/stream.rs.patch:14: trailing whitespace.
+ 
docs/verification/results/can-output-candidates-2026-10-08/patches/candidate2/crates/dir-simulator/src/output/stream.rs.patch:52: trailing whitespace.
+ 
docs/verification/results/can-output-candidates-2026-10-08/patches/candidate3/crates/dir-simulator/src/output/csv.rs.patch:6: trailing whitespace.
+ 
docs/verification/results/can-output-candidates-2026-10-08/patches/candidate3/crates/dir-simulator/src/output/json.rs.patch:8: trailing whitespace.
+ 
docs/verification/results/can-output-candidates-2026-10-08/patches/candidate3/crates/dir-simulator/src/output/json.rs.patch:23: trailing whitespace.
+ 
docs/verification/results/can-output-candidates-2026-10-08/patches/candidate4/crates/dir-simulator/src/output/stream.rs.patch:14: trailing whitespace.
+ 
docs/verification/results/can-output-candidates-2026-10-08/patches/candidate4/crates/dir-simulator/src/output/stream.rs.patch:193: trailing whitespace.
+ 
docs/verification/results/can-output-candidates-2026-10-08/patches/candidate5/crates/dir-simulator/src/output/stream.rs.patch:6: trailing whitespace.
+ 
docs/verification/results/can-output-integrated-2026-10-08/gates/baseline/2.log:692: new blank line at EOF.
docs/verification/results/can-output-integrated-2026-10-08/gates/integrated/20261008T063901/2.log:713: new blank line at EOF.
docs/verification/results/can-output-integrated-2026-10-08/source-changes/integrated.patch:407: trailing whitespace.
+ 
docs/verification/results/can-output-integrated-2026-10-08/source-changes/integrated.patch:525: trailing whitespace.
+ 
docs/verification/results/can-output-integrated-2026-10-08/source-changes/integrated.patch:531: trailing whitespace.
+ 
docs/verification/results/can-output-integrated-2026-10-08/source-changes/integrated.patch:1197: trailing whitespace.
+ 
docs/verification/results/can-output-integrated-2026-10-08/source-changes/integrated.patch:1824: trailing whitespace.
+ 
docs/verification/results/can-output-integrated-2026-10-08/source-changes/integrated.patch:1839: trailing whitespace.
+ 
docs/verification/results/can-output-integrated-2026-10-08/source-changes/integrated.patch:1998: trailing whitespace.
+ 
docs/verification/results/can-output-integrated-2026-10-08/source-changes/integrated.patch:2109: trailing whitespace.
+ 
docs/verification/results/can-output-integrated-2026-10-08/source-changes/integrated.patch:2302: trailing whitespace.
+ 
docs/verification/results/can-output-integrated-2026-10-08/source-changes/integrated.patch:2341: trailing whitespace.
+ 
