2026-10-10T11:47:18.8074773Z Current runner version: '2.337.0'
2026-10-10T11:47:18.8095554Z ##[group]Runner Image Provisioner
2026-10-10T11:47:18.8096228Z Hosted Compute Agent
2026-10-10T11:47:18.8096733Z Version: 20261002.596
2026-10-10T11:47:18.8097218Z Commit: c3d12f3313a95f25162a1503be624f3b0617f8c0
2026-10-10T11:47:18.8097778Z Build Date: 2026-10-02T22:28:27Z
2026-10-10T11:47:18.8098341Z Worker ID: {0aec1519-480b-43a1-bc6c-dfacbf0bb9ee}
2026-10-10T11:47:18.8098883Z Region: centralus
2026-10-10T11:47:18.8099335Z Cloud: Azure
2026-10-10T11:47:18.8100019Z ##[endgroup]
2026-10-10T11:47:18.8101082Z ##[group]Operating System
2026-10-10T11:47:18.8101587Z Ubuntu
2026-10-10T11:47:18.8101984Z 24.04.5
2026-10-10T11:47:18.8102394Z LTS
2026-10-10T11:47:18.8102783Z ##[endgroup]
2026-10-10T11:47:18.8103188Z ##[group]Runner Image
2026-10-10T11:47:18.8103696Z Image: ubuntu-24.04
2026-10-10T11:47:18.8104172Z Version: 20261004.327.1
2026-10-10T11:47:18.8105278Z Included Software: https://github.com/actions/runner-images/blob/ubuntu24/20261004.327/images/ubuntu/Ubuntu2404-Readme.md
2026-10-10T11:47:18.8106480Z Image Release: https://github.com/actions/runner-images/releases/tag/ubuntu24%2F20261004.327
2026-10-10T11:47:18.8107271Z ##[endgroup]
2026-10-10T11:47:18.8108126Z ##[group]GITHUB_TOKEN Permissions
2026-10-10T11:47:18.8110260Z Contents: read
2026-10-10T11:47:18.8110751Z Metadata: read
2026-10-10T11:47:18.8111229Z ##[endgroup]
2026-10-10T11:47:18.8112898Z Secret source: Actions
2026-10-10T11:47:18.8113599Z Cache mode: write
2026-10-10T11:47:18.8114139Z Prepare workflow directory
2026-10-10T11:47:18.8384638Z Prepare all required actions
2026-10-10T11:47:18.8426109Z Getting action download info
2026-10-10T11:47:19.0624978Z Download action repository 'actions/checkout@d23441a48e516b6c34aea4fa41551a30e30af803' (SHA:d23441a48e516b6c34aea4fa41551a30e30af803)
2026-10-10T11:47:19.2467671Z Complete job name: Rust ledger identity regression
2026-10-10T11:47:19.3122237Z ##[group]Run actions/checkout@d23441a48e516b6c34aea4fa41551a30e30af803
2026-10-10T11:47:19.3123216Z with:
2026-10-10T11:47:19.3123826Z   ref: 831ef221200670c79d5bfa8ccc9d1f7d7efdbbca
2026-10-10T11:47:19.3124461Z   persist-credentials: false
2026-10-10T11:47:19.3124909Z   set-safe-directory: false
2026-10-10T11:47:19.3125408Z   repository: hideki-ozu/DIR-Simulator
2026-10-10T11:47:19.3128606Z   token: ***
2026-10-10T11:47:19.3129021Z   ssh-strict: true
2026-10-10T11:47:19.3129775Z   ssh-user: git
2026-10-10T11:47:19.3130180Z   clean: true
2026-10-10T11:47:19.3130627Z   sparse-checkout-cone-mode: true
2026-10-10T11:47:19.3131115Z   fetch-depth: 1
2026-10-10T11:47:19.3131524Z   fetch-tags: false
2026-10-10T11:47:19.3131950Z   show-progress: true
2026-10-10T11:47:19.3132427Z   lfs: false
2026-10-10T11:47:19.3132834Z   submodules: false
2026-10-10T11:47:19.3133281Z   allow-unsafe-pr-checkout: false
2026-10-10T11:47:19.3133917Z ##[endgroup]
2026-10-10T11:47:19.4012264Z Syncing repository: hideki-ozu/DIR-Simulator
2026-10-10T11:47:19.4014648Z ##[group]Getting Git version info
2026-10-10T11:47:19.4015712Z Working directory is '/home/runner/work/DIR-Simulator/DIR-Simulator'
2026-10-10T11:47:19.4017063Z [command]/usr/bin/git version
2026-10-10T11:47:19.4034255Z git version 2.55.0
2026-10-10T11:47:19.4049844Z ##[endgroup]
2026-10-10T11:47:19.4055661Z Deleting the contents of '/home/runner/work/DIR-Simulator/DIR-Simulator'
2026-10-10T11:47:19.4058035Z ##[group]Determining repository object format
2026-10-10T11:47:19.4059706Z ##[endgroup]
2026-10-10T11:47:19.4060793Z ##[group]Initializing the repository
2026-10-10T11:47:19.4064065Z [command]/usr/bin/git init /home/runner/work/DIR-Simulator/DIR-Simulator
2026-10-10T11:47:19.4169745Z hint: Using 'master' as the name for the initial branch. This default branch name
2026-10-10T11:47:19.4171003Z hint: will change to "main" in Git 3.0. To configure the initial branch name
2026-10-10T11:47:19.4172144Z hint: to use in all of your new repositories, which will suppress this warning,
2026-10-10T11:47:19.4173130Z hint: call:
2026-10-10T11:47:19.4173842Z hint:
2026-10-10T11:47:19.4174802Z hint: 	git config --global init.defaultBranch <name>
2026-10-10T11:47:19.4175654Z hint:
2026-10-10T11:47:19.4176338Z hint: Names commonly chosen instead of 'master' are 'main', 'trunk' and
2026-10-10T11:47:19.4177445Z hint: 'development'. The just-created branch can be renamed via this command:
2026-10-10T11:47:19.4178462Z hint:
2026-10-10T11:47:19.4179082Z hint: 	git branch -m <name>
2026-10-10T11:47:19.4179924Z hint:
2026-10-10T11:47:19.4180683Z hint: Disable this message with "git config set advice.defaultBranchName false"
2026-10-10T11:47:19.4182228Z Initialized empty Git repository in /home/runner/work/DIR-Simulator/DIR-Simulator/.git/
2026-10-10T11:47:19.4183876Z [command]/usr/bin/git remote add origin https://github.com/hideki-ozu/DIR-Simulator
2026-10-10T11:47:19.4232565Z ##[endgroup]
2026-10-10T11:47:19.4233834Z ##[group]Disabling automatic garbage collection
2026-10-10T11:47:19.4234956Z [command]/usr/bin/git config --local gc.auto 0
2026-10-10T11:47:19.4266519Z ##[endgroup]
2026-10-10T11:47:19.4267721Z ##[group]Setting up auth
2026-10-10T11:47:19.4268667Z Removing SSH command configuration
2026-10-10T11:47:19.4271198Z [command]/usr/bin/git config --local --name-only --get-regexp core\.sshCommand
2026-10-10T11:47:19.4297143Z [command]/usr/bin/git submodule foreach --recursive sh -c "git config --local --name-only --get-regexp 'core\.sshCommand' && git config --local --unset-all 'core.sshCommand' || :"
2026-10-10T11:47:19.4584936Z Removing HTTP extra header
2026-10-10T11:47:19.4591536Z [command]/usr/bin/git config --local --name-only --get-regexp http\.https\:\/\/github\.com\/\.extraheader
2026-10-10T11:47:19.4616293Z [command]/usr/bin/git submodule foreach --recursive sh -c "git config --local --name-only --get-regexp 'http\.https\:\/\/github\.com\/\.extraheader' && git config --local --unset-all 'http.https://github.com/.extraheader' || :"
2026-10-10T11:47:19.4778225Z Removing includeIf entries pointing to credentials config files
2026-10-10T11:47:19.4783826Z [command]/usr/bin/git config --local --name-only --get-regexp ^includeIf\.gitdir:
2026-10-10T11:47:19.4809060Z [command]/usr/bin/git submodule foreach --recursive git config --local --show-origin --name-only --get-regexp remote.origin.url
2026-10-10T11:47:19.4977751Z [command]/usr/bin/git config --file /home/runner/work/_temp/git-credentials-e43feae4-c276-4920-b228-2d5fe7abc7e3.config http.https://github.com/.extraheader AUTHORIZATION: basic ***
2026-10-10T11:47:19.5013534Z [command]/usr/bin/git config --local includeIf.gitdir:/home/runner/work/DIR-Simulator/DIR-Simulator/.git.path /home/runner/work/_temp/git-credentials-e43feae4-c276-4920-b228-2d5fe7abc7e3.config
2026-10-10T11:47:19.5039839Z [command]/usr/bin/git config --local includeIf.gitdir:/home/runner/work/DIR-Simulator/DIR-Simulator/.git/worktrees/*.path /home/runner/work/_temp/git-credentials-e43feae4-c276-4920-b228-2d5fe7abc7e3.config
2026-10-10T11:47:19.5070080Z [command]/usr/bin/git config --local includeIf.gitdir:/github/workspace/.git.path /github/runner_temp/git-credentials-e43feae4-c276-4920-b228-2d5fe7abc7e3.config
2026-10-10T11:47:19.5103495Z [command]/usr/bin/git config --local includeIf.gitdir:/github/workspace/.git/worktrees/*.path /github/runner_temp/git-credentials-e43feae4-c276-4920-b228-2d5fe7abc7e3.config
2026-10-10T11:47:19.5126950Z ##[endgroup]
2026-10-10T11:47:19.5127611Z ##[group]Fetching the repository
2026-10-10T11:47:19.5133614Z [command]/usr/bin/git -c protocol.version=2 fetch --no-tags --prune --no-recurse-submodules --depth=1 origin 831ef221200670c79d5bfa8ccc9d1f7d7efdbbca
2026-10-10T11:47:20.9699716Z From https://github.com/hideki-ozu/DIR-Simulator
2026-10-10T11:47:20.9701928Z  * branch            831ef221200670c79d5bfa8ccc9d1f7d7efdbbca -> FETCH_HEAD
2026-10-10T11:47:20.9710963Z [command]/usr/bin/git rev-parse --verify --quiet 831ef221200670c79d5bfa8ccc9d1f7d7efdbbca^{object}
2026-10-10T11:47:20.9734189Z 831ef221200670c79d5bfa8ccc9d1f7d7efdbbca
2026-10-10T11:47:20.9738111Z ##[endgroup]
2026-10-10T11:47:20.9740067Z ##[group]Determining the checkout info
2026-10-10T11:47:20.9742646Z ##[endgroup]
2026-10-10T11:47:20.9743817Z [command]/usr/bin/git sparse-checkout disable
2026-10-10T11:47:20.9790464Z [command]/usr/bin/git config --local --unset-all extensions.worktreeConfig
2026-10-10T11:47:20.9816988Z ##[group]Checking out the ref
2026-10-10T11:47:20.9818655Z [command]/usr/bin/git checkout --progress --force 831ef221200670c79d5bfa8ccc9d1f7d7efdbbca
2026-10-10T11:47:21.2323929Z Note: switching to '831ef221200670c79d5bfa8ccc9d1f7d7efdbbca'.
2026-10-10T11:47:21.2325456Z 
2026-10-10T11:47:21.2326166Z You are in 'detached HEAD' state. You can look around, make experimental
2026-10-10T11:47:21.2327025Z changes and commit them, and you can discard any commits you make in this
2026-10-10T11:47:21.2327835Z state without impacting any branches by switching back to a branch.
2026-10-10T11:47:21.2328478Z 
2026-10-10T11:47:21.2328861Z If you want to create a new branch to retain commits you create, you may
2026-10-10T11:47:21.2329703Z do so (now or later) by using -c with the switch command. Example:
2026-10-10T11:47:21.2330026Z 
2026-10-10T11:47:21.2330208Z   git switch -c <new-branch-name>
2026-10-10T11:47:21.2330503Z 
2026-10-10T11:47:21.2330712Z Or undo this operation with:
2026-10-10T11:47:21.2330890Z 
2026-10-10T11:47:21.2331067Z   git switch -
2026-10-10T11:47:21.2331300Z 
2026-10-10T11:47:21.2331662Z Turn off this advice by setting config variable advice.detachedHead to false
2026-10-10T11:47:21.2332031Z 
2026-10-10T11:47:21.2332315Z HEAD is now at 831ef22 test: apply rustfmt layout to registry regression assertions
2026-10-10T11:47:21.2337893Z ##[endgroup]
2026-10-10T11:47:21.2374855Z [command]/usr/bin/git log -1 --format=%H
2026-10-10T11:47:21.2395140Z 831ef221200670c79d5bfa8ccc9d1f7d7efdbbca
2026-10-10T11:47:21.2404634Z ##[group]Removing auth
2026-10-10T11:47:21.2405267Z Removing SSH command configuration
2026-10-10T11:47:21.2408043Z [command]/usr/bin/git config --local --name-only --get-regexp core\.sshCommand
2026-10-10T11:47:21.2433433Z [command]/usr/bin/git submodule foreach --recursive sh -c "git config --local --name-only --get-regexp 'core\.sshCommand' && git config --local --unset-all 'core.sshCommand' || :"
2026-10-10T11:47:21.2606690Z Removing HTTP extra header
2026-10-10T11:47:21.2610519Z [command]/usr/bin/git config --local --name-only --get-regexp http\.https\:\/\/github\.com\/\.extraheader
2026-10-10T11:47:21.2638827Z [command]/usr/bin/git submodule foreach --recursive sh -c "git config --local --name-only --get-regexp 'http\.https\:\/\/github\.com\/\.extraheader' && git config --local --unset-all 'http.https://github.com/.extraheader' || :"
2026-10-10T11:47:21.2800226Z Removing includeIf entries pointing to credentials config files
2026-10-10T11:47:21.2803822Z [command]/usr/bin/git config --local --name-only --get-regexp ^includeIf\.gitdir:
2026-10-10T11:47:21.2823464Z includeif.gitdir:/home/runner/work/DIR-Simulator/DIR-Simulator/.git.path
2026-10-10T11:47:21.2824412Z includeif.gitdir:/home/runner/work/DIR-Simulator/DIR-Simulator/.git/worktrees/*.path
2026-10-10T11:47:21.2825178Z includeif.gitdir:/github/workspace/.git.path
2026-10-10T11:47:21.2825627Z includeif.gitdir:/github/workspace/.git/worktrees/*.path
2026-10-10T11:47:21.2830431Z [command]/usr/bin/git config --local --get-all includeif.gitdir:/home/runner/work/DIR-Simulator/DIR-Simulator/.git.path
2026-10-10T11:47:21.2847146Z /home/runner/work/_temp/git-credentials-e43feae4-c276-4920-b228-2d5fe7abc7e3.config
2026-10-10T11:47:21.2854819Z [command]/usr/bin/git config --local --unset includeif.gitdir:/home/runner/work/DIR-Simulator/DIR-Simulator/.git.path /home/runner/work/_temp/git-credentials-e43feae4-c276-4920-b228-2d5fe7abc7e3.config
2026-10-10T11:47:21.2911059Z [command]/usr/bin/git config --local --get-all includeif.gitdir:/home/runner/work/DIR-Simulator/DIR-Simulator/.git/worktrees/*.path
2026-10-10T11:47:21.2928119Z /home/runner/work/_temp/git-credentials-e43feae4-c276-4920-b228-2d5fe7abc7e3.config
2026-10-10T11:47:21.2934704Z [command]/usr/bin/git config --local --unset includeif.gitdir:/home/runner/work/DIR-Simulator/DIR-Simulator/.git/worktrees/*.path /home/runner/work/_temp/git-credentials-e43feae4-c276-4920-b228-2d5fe7abc7e3.config
2026-10-10T11:47:21.2960544Z [command]/usr/bin/git config --local --get-all includeif.gitdir:/github/workspace/.git.path
2026-10-10T11:47:21.2976763Z /github/runner_temp/git-credentials-e43feae4-c276-4920-b228-2d5fe7abc7e3.config
2026-10-10T11:47:21.2991522Z [command]/usr/bin/git config --local --unset includeif.gitdir:/github/workspace/.git.path /github/runner_temp/git-credentials-e43feae4-c276-4920-b228-2d5fe7abc7e3.config
2026-10-10T11:47:21.3113586Z [command]/usr/bin/git config --local --get-all includeif.gitdir:/github/workspace/.git/worktrees/*.path
2026-10-10T11:47:21.3140100Z /github/runner_temp/git-credentials-e43feae4-c276-4920-b228-2d5fe7abc7e3.config
2026-10-10T11:47:21.3141937Z [command]/usr/bin/git config --local --unset includeif.gitdir:/github/workspace/.git/worktrees/*.path /github/runner_temp/git-credentials-e43feae4-c276-4920-b228-2d5fe7abc7e3.config
2026-10-10T11:47:21.3172814Z [command]/usr/bin/git submodule foreach --recursive git config --local --show-origin --name-only --get-regexp remote.origin.url
2026-10-10T11:47:21.3341206Z Removing credentials config '/home/runner/work/_temp/git-credentials-e43feae4-c276-4920-b228-2d5fe7abc7e3.config'
2026-10-10T11:47:21.3351945Z ##[endgroup]
2026-10-10T11:47:21.3513090Z ##[group]Run rustup toolchain install 1.85.0 --profile minimal --component rustfmt --component clippy
2026-10-10T11:47:21.3514124Z [36;1mrustup toolchain install 1.85.0 --profile minimal --component rustfmt --component clippy[0m
2026-10-10T11:47:21.3708607Z shell: /usr/bin/bash -e {0}
2026-10-10T11:47:21.3709870Z ##[endgroup]
2026-10-10T11:47:21.9696591Z info: syncing channel updates for 1.85.0-x86_64-unknown-linux-gnu
2026-10-10T11:47:22.4178028Z info: latest update on 2025-02-20 for version 1.85.0 (4d91de4e4 2025-02-17)
2026-10-10T11:47:22.4178653Z info: downloading 5 components
2026-10-10T11:47:29.5403337Z 
2026-10-10T11:47:29.5476963Z   1.85.0-x86_64-unknown-linux-gnu installed - rustc 1.85.0 (4d91de4e4 2025-02-17)
2026-10-10T11:47:29.5477426Z 
2026-10-10T11:47:29.5562351Z ##[group]Run cargo fmt --all -- --check
2026-10-10T11:47:29.5562758Z [36;1mcargo fmt --all -- --check[0m
2026-10-10T11:47:29.5563070Z [36;1mcargo test --locked --workspace[0m
2026-10-10T11:47:29.5563476Z [36;1mcargo clippy --locked --workspace --all-targets -- -D warnings[0m
2026-10-10T11:47:29.5604238Z shell: /usr/bin/bash -e {0}
2026-10-10T11:47:29.5604704Z ##[endgroup]
2026-10-10T11:47:30.5063675Z     Updating crates.io index
2026-10-10T11:47:30.7361880Z  Downloading crates ...
2026-10-10T11:47:30.7971776Z   Downloaded cpufeatures v0.2.17
2026-10-10T11:47:30.7988038Z   Downloaded chunked_transfer v1.5.0
2026-10-10T11:47:30.8093490Z   Downloaded crypto-common v0.1.7
2026-10-10T11:47:30.8114045Z   Downloaded cfg-if v1.0.5
2026-10-10T11:47:30.8121950Z   Downloaded block-buffer v0.10.4
2026-10-10T11:47:30.8151985Z   Downloaded ascii v1.1.0
2026-10-10T11:47:30.8234584Z   Downloaded bitflags v2.13.2
2026-10-10T11:47:30.8281960Z   Downloaded httpdate v1.0.3
2026-10-10T11:47:30.8289342Z   Downloaded errno v0.3.14
2026-10-10T11:47:30.8298802Z   Downloaded generic-array v0.14.7
2026-10-10T11:47:30.8353025Z   Downloaded version_check v0.9.5
2026-10-10T11:47:30.8471227Z   Downloaded digest v0.10.7
2026-10-10T11:47:30.8500654Z   Downloaded itoa v1.0.18
2026-10-10T11:47:30.8559270Z   Downloaded zmij v1.0.23
2026-10-10T11:47:30.8616329Z   Downloaded quote v1.0.47
2026-10-10T11:47:30.8633339Z   Downloaded unicode-ident v1.0.26
2026-10-10T11:47:30.8652248Z   Downloaded sha2 v0.10.9
2026-10-10T11:47:30.8729985Z   Downloaded log v0.4.34
2026-10-10T11:47:30.8833874Z   Downloaded serde_derive v1.0.229
2026-10-10T11:47:30.8858865Z   Downloaded tiny_http v0.12.0
2026-10-10T11:47:30.8889331Z   Downloaded serde v1.0.229
2026-10-10T11:47:30.8931619Z   Downloaded typenum v1.20.1
2026-10-10T11:47:30.8970425Z   Downloaded memchr v2.8.3
2026-10-10T11:47:30.9022116Z   Downloaded serde_core v1.0.229
2026-10-10T11:47:30.9043715Z   Downloaded serde_json v1.0.151
2026-10-10T11:47:30.9090369Z   Downloaded proc-macro2 v1.0.107
2026-10-10T11:47:30.9231682Z   Downloaded syn v3.0.6
2026-10-10T11:47:30.9318688Z   Downloaded rustix v0.38.44
2026-10-10T11:47:30.9617383Z   Downloaded libc v0.2.189
2026-10-10T11:47:31.0021822Z   Downloaded linux-raw-sys v0.4.15
2026-10-10T11:47:31.0790504Z    Compiling version_check v0.9.5
2026-10-10T11:47:31.0791468Z    Compiling typenum v1.20.1
2026-10-10T11:47:31.0792084Z    Compiling proc-macro2 v1.0.107
2026-10-10T11:47:31.0821015Z    Compiling quote v1.0.47
2026-10-10T11:47:31.2472182Z    Compiling generic-array v0.14.7
2026-10-10T11:47:31.4574364Z    Compiling unicode-ident v1.0.26
2026-10-10T11:47:31.5012779Z    Compiling serde_core v1.0.229
2026-10-10T11:47:31.5190163Z    Compiling zmij v1.0.23
2026-10-10T11:47:31.6991173Z    Compiling cfg-if v1.0.5
2026-10-10T11:47:31.7151128Z    Compiling cpufeatures v0.2.17
2026-10-10T11:47:31.7481506Z    Compiling serde_json v1.0.151
2026-10-10T11:47:31.9344782Z    Compiling crypto-common v0.1.7
2026-10-10T11:47:31.9865866Z    Compiling block-buffer v0.10.4
2026-10-10T11:47:32.0182128Z    Compiling syn v3.0.6
2026-10-10T11:47:32.0461175Z    Compiling digest v0.10.7
2026-10-10T11:47:32.0490742Z    Compiling serde v1.0.229
2026-10-10T11:47:32.1781038Z    Compiling sha2 v0.10.9
2026-10-10T11:47:32.2525797Z    Compiling rustix v0.38.44
2026-10-10T11:47:32.5102699Z    Compiling dir-simulator v0.1.0 (/home/runner/work/DIR-Simulator/DIR-Simulator/crates/dir-simulator)
2026-10-10T11:47:32.7677913Z    Compiling bitflags v2.13.2
2026-10-10T11:47:32.9057486Z    Compiling httpdate v1.0.3
2026-10-10T11:47:33.0541296Z    Compiling itoa v1.0.18
2026-10-10T11:47:33.1100766Z    Compiling chunked_transfer v1.5.0
2026-10-10T11:47:33.1638133Z    Compiling memchr v2.8.3
2026-10-10T11:47:33.1740597Z    Compiling ascii v1.1.0
2026-10-10T11:47:33.4861052Z    Compiling linux-raw-sys v0.4.15
2026-10-10T11:47:33.6080876Z    Compiling log v0.4.34
2026-10-10T11:47:33.7121151Z    Compiling tiny_http v0.12.0
2026-10-10T11:47:34.2031054Z    Compiling serde_derive v1.0.229
2026-10-10T11:48:29.5590651Z     Finished `test` profile [unoptimized + debuginfo] target(s) in 59.07s
2026-10-10T11:48:29.5792015Z      Running unittests src/lib.rs (target/debug/deps/dir_simulator-9b09ac6eb469f515)
2026-10-10T11:48:29.5810093Z 
2026-10-10T11:48:29.5810672Z running 322 tests
2026-10-10T11:48:29.5856004Z test allocation::tests::capacity_overflow_is_structured_and_keeps_vector_intact ... ok
2026-10-10T11:48:29.5856953Z test input::can::tests::can_instance_counts_precede_channel_override_validation ... ok
2026-10-10T11:48:29.5857753Z test input::can::tests::selected_instance_profile_mismatch_precedes_later_instance_values ... ok
2026-10-10T11:48:29.5880682Z test input::editor_api_tests::crlf_line_comments_preserve_valid_ned_and_reject_bare_carriage_returns ... ok
2026-10-10T11:48:29.5970269Z test input::editor_api_tests::deferred_directory_errors_keep_sorted_traversal_order ... ok
2026-10-10T11:48:29.6028068Z test input::editor_api_tests::existing_profile_error_precedes_time_and_root_errors ... ok
2026-10-10T11:48:29.6028970Z test input::can_ethernet::tests::source_ownership_checked_for_zero_count_and_future_time ... ok
2026-10-10T11:48:29.6050515Z test input::editor_api_tests::inspect_is_structural_and_preserves_invalid_execution_values ... ok
2026-10-10T11:48:29.6070262Z test input::editor_api_tests::semantic_invalid_values_are_parseable_but_fail_full_snapshot_prepare ... ok
2026-10-10T11:48:29.6110270Z test input::editor_api_tests::snapshot_missing_paths_never_fall_back_to_disk ... ok
2026-10-10T11:48:29.6120437Z test input::editor_api_tests::syntax_api_exposes_structure_without_model_value_validation ... ok
2026-10-10T11:48:29.6150114Z test input::can_ethernet::tests::complete_native_r01_r02_inputs_validate ... ok
2026-10-10T11:48:29.6155144Z test input::ethernet::tests::media_config_rejects_every_missing_physical_and_phy_field_without_panicking ... ok
2026-10-10T11:48:29.6240399Z test input::ethernet::tests::media_profiles_keep_phy_allowlists_disjoint ... ok
2026-10-10T11:48:29.6290320Z test input::ethernet::tests::qos_config_canonicalizes_outputs_and_all_eight_queues ... ok
2026-10-10T11:48:29.6313991Z test input::ethernet::tests::qos_burst_schedule_validates_last_offset_and_empty_count ... ok
2026-10-10T11:48:29.6324915Z test input::ethernet::tests::qos_config_duplicate_json_key_is_rejected_before_overwrite ... ok
2026-10-10T11:48:29.6352549Z test input::can_ethernet::tests::strict_rules_ownership_and_ranges_reject ... ok
2026-10-10T11:48:29.6413487Z test input::ethernet::tests::qos_fields_and_kinds_remain_rejected_by_v1 ... ok
2026-10-10T11:48:29.6600505Z test input::ethernet::tests::qos_shared_flow_requires_consistent_contract_even_empty_future_inputs ... ok
2026-10-10T11:48:29.6770297Z test input::ethernet::tests::qos_periodic_schedule_validates_nullable_bounds_and_exclusive_end ... ok
2026-10-10T11:48:29.6930810Z test input::ethernet::tests::qos_config_rejects_missing_duplicates_unknowns_and_noncanonical_capacities ... ok
2026-10-10T11:48:29.7230215Z test input::ethernet::tests::vlan_group_membership_is_static_and_old_profile_rejects_schema3 ... ok
2026-10-10T11:48:29.7260380Z test input::ethernet::tsn::tests::rejects_missing_unknown_numeric_bool_and_noncanonical_fields ... ok
2026-10-10T11:48:29.7290481Z test input::ethernet::tsn::tests::rejects_output_and_cbs_combinations_and_accepts_zero_bounds ... ok
2026-10-10T11:48:29.7291378Z test input::ethernet::tsn::tests::validates_every_future_update_and_normalizes_order ... ok
2026-10-10T11:48:29.7320253Z test input::ethernet::tsn::tests::validates_stream_tuple_gate_and_meter ... ok
2026-10-10T11:48:29.7380617Z test input::ned::tests::metadata_instances_reference_one_declaration_without_affecting_schema_or_values ... ok
2026-10-10T11:48:29.7381750Z test input::ned::tests::non_can_rules_reject_payload_mismatch_through_compound_boundary ... ok
2026-10-10T11:48:29.7440513Z test input::ned::tests::non_can_rules_resolve_values_compound_paths_and_shared_channels ... ok
2026-10-10T11:48:29.7441862Z test input::ned::tests::non_can_rules_validate_unused_declarations_and_defaults_before_overrides ... ok
2026-10-10T11:48:29.7590164Z test input::tests::all_can_fixtures_load_and_preserve_snapshots ... ok
2026-10-10T11:48:29.7700151Z test input::tests::bus_gate_names_and_same_bus_output_permutations_are_valid ... ok
2026-10-10T11:48:29.7730475Z test input::tests::bus_requires_equal_input_output_counts_and_two_controllers ... ok
2026-10-10T11:48:29.7862578Z test input::tests::compound_boundary_channels_are_independent_and_sum ... ok
2026-10-10T11:48:29.7912486Z test input::ethernet::tests::vlan_empty_future_workloads_still_validate_tag_and_source_contract ... ok
2026-10-10T11:48:29.7920365Z test input::tests::exact_units_and_extreme_decimal_precision ... ok
2026-10-10T11:48:29.8058140Z test input::tests::ini_rejects_unknown_duplicate_and_malformed_inputs ... ok
2026-10-10T11:48:29.8065458Z test input::ethernet::tests::vlan_config_rejects_invalid_memberships_tables_and_strict_fields ... ok
2026-10-10T11:48:29.8188277Z test input::tests::invalid_ned_declarations_and_wiring_are_rejected ... ok
2026-10-10T11:48:29.9069589Z test input::tests::defaults_overrides_empty_workload_and_limits ... ok
2026-10-10T11:48:30.0545451Z test input::tests::truncated_ned_returns_diagnostics_without_panicking ... ok
2026-10-10T11:48:30.1034244Z test input::tests::root_overlap_missing_files_and_symlinks_fail ... ok
2026-10-10T11:48:30.1035307Z test output::contribution_sort::tests::codec_is_fixed_and_rejects_invalid_kind ... ok
2026-10-10T11:48:30.1098344Z test output::contribution_sort::tests::pr37_contribution_reader_rejects_truncation_after_open ... ok
2026-10-10T11:48:30.1101186Z test output::contribution_sort::tests::pr37_finalized_contribution_producer_rejects_whole_row_loss ... ok
2026-10-10T11:48:30.1144729Z test output::contribution_sort::tests::pr37_fixed_rows_reject_every_partial_record_in_reader_and_merge ... ok
2026-10-10T11:48:30.1146261Z test output::contribution_sort::tests::pr37_intermediate_contribution_merge_rejects_whole_row_loss ... ok
2026-10-10T11:48:30.1420397Z test input::editor_api_tests::filesystem_and_snapshot_match_can_gateway_success_and_failure_fixtures ... ok
2026-10-10T11:48:30.1424650Z test output::disk_sort::tests::a_single_row_larger_than_chunk_has_no_new_row_size_limit ... ok
2026-10-10T11:48:30.1471068Z test output::contribution_sort::tests::same_time_order_survives_multiple_runs_and_truncation_is_reported ... ok
2026-10-10T11:48:30.1563997Z test output::disk_sort::tests::binary_multi_pass_sort_preserves_special_keys_full_values_and_stable_ties ... ok
2026-10-10T11:48:30.1565984Z test output::disk_sort::tests::binary_value_tags_and_numeric_bits_match_authored_vectors ... ok
2026-10-10T11:48:30.1721040Z test output::disk_sort::tests::binary_ordered_late_fallback_and_merge_reopen_preserve_special_values ... ok
2026-10-10T11:48:30.3747242Z test output::disk_sort::tests::corrupt_fallback_input_cleans_both_owned_directories ... ok
2026-10-10T11:48:30.3767092Z test output::disk_sort::tests::escaped_byte_keys_preserve_vector_string_order_and_roundtrip ... ok
2026-10-10T11:48:30.4046086Z test output::disk_sort::tests::direct_and_fallback_binary_lengths_use_the_producers_bound ... ok
2026-10-10T11:48:30.4052038Z test input::tests::json_duplicate_unknown_fields_and_inactive_owner_conflicts ... ok
2026-10-10T11:48:30.4064109Z test output::disk_sort::tests::malformed_payload_tags_counts_utf8_depth_and_trailing_bytes_reject ... ok
2026-10-10T11:48:30.4098506Z test output::disk_sort::tests::late_violation_replays_entire_prefix_with_stable_duplicates ... ok
2026-10-10T11:48:30.4125445Z test output::disk_sort::tests::multi_pass_sort_is_stable_and_cleans_owned_files ... ok
2026-10-10T11:48:30.4131449Z test output::disk_sort::tests::ordered_records_take_direct_path_and_merge_point_ties_first ... ok
2026-10-10T11:48:30.5257553Z test output::disk_sort::tests::merge_keeps_payload_opaque_and_failure_cleans_owned_files ... ok
2026-10-10T11:48:30.6465042Z test output::disk_sort::tests::oversized_truncated_and_inconsistent_frames_reject_before_allocation ... ok
2026-10-10T11:48:30.6565080Z test output::disk_sort::tests::pr37_binary_reader_rejects_late_shrink_beyond_prefetched_rows ... ok
2026-10-10T11:48:30.6659827Z test input::tests::workload_validates_schedule_and_frame_beyond_time_limit ... ok
2026-10-10T11:48:30.6663738Z test output::disk_sort::tests::pr37_finalized_general_and_ordered_producers_reject_whole_row_loss ... ok
2026-10-10T11:48:30.6667454Z test output::disk_sort::tests::pr37_intermediate_general_merge_rejects_whole_row_loss ... ok
2026-10-10T11:48:30.6671970Z test output::disk_sort::tests::pr37_retained_fallback_producer_rejects_whole_row_loss ... ok
2026-10-10T11:48:30.6676897Z test output::disk_sort::tests::pr37_valid_empty_and_record_boundary_eof_remain_accepted ... ok
2026-10-10T11:48:30.6683040Z test output::disk_sort::tests::truncated_run_is_reported_and_removed ... ok
2026-10-10T11:48:30.6684392Z test output::metadata::reproduction::adoption_tests::ledger_version_and_other_build_fields_must_be_identified ... ok
2026-10-10T11:48:30.6685339Z test output::metadata::reproduction::adoption_tests::missing_ledger_never_identifies_reproduction ... ok
2026-10-10T11:48:30.6736834Z test output::publish::acceptance_tests::failed_data_and_manifest_publication_preserve_external_paths ... ok
2026-10-10T11:48:30.6769659Z test output::publish::acceptance_tests::paired_writer_failure_never_publishes_either_output ... ok
2026-10-10T11:48:30.7722043Z test output::disk_sort::tests::pr37_binary_fallback_and_merge_reject_partial_headers_lengths_and_bodies ... ok
2026-10-10T11:48:30.7895274Z test output::stream::tests::borrowed_non_callback_order_matches_wire_key ... ok
2026-10-10T11:48:30.8023355Z test output::stream::tests::corrupt_archive_fails_before_manifest_publication ... ok
2026-10-10T11:48:30.8070611Z test output::stream::tests::baseline_records_use_two_ordered_streams ... ok
2026-10-10T11:48:30.8154653Z test output::stream::tests::failed_sort_reservation_cleans_runs_without_publishing_manifest ... ok
2026-10-10T11:48:30.8198094Z test output::stream::tests::topology_ids_cover_queues_and_unknown_targets_are_diagnostic ... ok
2026-10-10T11:48:30.8343542Z test output::stream::tests::unknown_archived_statistics_target_is_a_diagnostic ... ok
2026-10-10T11:48:30.8371227Z test output::tests::abnormal_boundary_points_are_summary_only ... ok
2026-10-10T11:48:30.8404367Z test output::tests::analytic_summary_and_conservation ... ok
2026-10-10T11:48:30.8433749Z test output::tests::callback_order_is_not_reservation_order_and_effects_are_unique ... ok
2026-10-10T11:48:30.8450455Z test output::tests::canonical_nested_values_preserve_exact_wire_bytes ... ok
2026-10-10T11:48:30.8673598Z test output::disk_sort::tests::pr37_every_partial_binary_frame_rejects_in_sorted_and_ordered_streams ... ok
2026-10-10T11:48:34.3035866Z test output::tests::diagnostic_time_is_failed_boundary_not_last_successful_event ... ok
2026-10-10T11:48:34.3121470Z test output::tests::direct_export_numbers_primary_and_secondary_diagnostics ... ok
2026-10-10T11:48:34.3149564Z test output::tests::in_flight_and_intermission_are_clipped ... ok
2026-10-10T11:48:34.3190268Z test output::tests::missing_gateway_lineage_is_an_output_error ... ok
2026-10-10T11:48:34.3230266Z test output::tests::metadata_hashes_raw_input_and_canonical_configuration ... ok
2026-10-10T11:48:34.3360341Z test output::tests::publication_collision_keeps_existing_file_and_omits_manifest ... ok
2026-10-10T11:48:34.3390312Z test output::tests::rational_conversion_is_single_rounding_and_checked ... ok
2026-10-10T11:48:34.3420280Z test output::tests::typed_csv_quotes_commas_quotes_cr_lf_and_preserves_unicode ... ok
2026-10-10T11:48:34.3450155Z test output::tests::typed_sort_preserves_numeric_effects_callback_groups_and_option_order ... ok
2026-10-10T11:48:34.3466353Z test output::tests::typed_writers_distinguish_zero_null_and_exact_float_spelling ... ok
2026-10-10T11:48:34.3510341Z test output::tests::typed_writers_preserve_large_integers_and_nullable_cells ... ok
2026-10-10T11:48:34.3580213Z test output::tests::windows_are_half_open_and_short_window_uses_actual_length ... ok
2026-10-10T11:48:34.3604131Z test output::tests::zero_duration_and_capacity_have_null_ratios ... ok
2026-10-10T11:48:34.3631721Z test output::tests::zero_time_peak_and_overlapping_occupancy_are_preserved ... ok
2026-10-10T11:48:34.3640893Z test output::tests::publication_hashes_and_csv_match_json_and_existing_files_survive ... ok
2026-10-10T11:48:34.3652002Z test runtime::axi::protocol::tests::strict_payload_keys_types_and_canonical_decimal ... ok
2026-10-10T11:48:34.3684935Z test runtime::axi::tests::malformed_or_mismatched_timer_preserves_initial_committed_prefix ... ok
2026-10-10T11:48:34.3710846Z test runtime::can::tests::independent_bit_vectors ... ok
2026-10-10T11:48:34.3740262Z test runtime::can::tests::priority_uses_arbitration_bits ... ok
2026-10-10T11:48:34.3762652Z test runtime::can::tests::timing_rounds_from_sof_and_checks_overflow ... ok
2026-10-10T11:48:34.3770268Z test runtime::can_archive::tests::truncated_owned_archive_reports_output_error_and_reclaims_storage ... ok
2026-10-10T11:48:34.3771281Z test run::tests::publication_failure_preserves_execution_diagnostics_without_duplicates ... ok
2026-10-10T11:48:34.3772128Z test runtime::can_ethernet::protocol::tests::every_invalid_field_and_padding ... ok
2026-10-10T11:48:34.3773048Z test runtime::can_ethernet::tests::acceptance_last_can_branch_id_failure_preserves_processing_prefix ... ok
2026-10-10T11:48:34.3774153Z test runtime::can_ethernet::tests::acceptance_last_ethernet_branch_byte_overflow_does_not_commit_first_branch ... ok
2026-10-10T11:48:34.3775072Z test runtime::can_ethernet::tests::can_controller_queue_uses_can_arbitration_priority ... ok
2026-10-10T11:48:34.3776012Z test runtime::can_ethernet::tests::conversion_upserts_preserve_milestone_times_on_retries_and_late_sof ... ok
2026-10-10T11:48:34.3776943Z test runtime::can_ethernet::protocol::tests::fixed_vectors ... ok
2026-10-10T11:48:34.3805374Z test runtime::can_ethernet::tests::fanout_buses_start_together_with_independent_wire_times ... ok
2026-10-10T11:48:34.3850346Z test runtime::can_ethernet::tests::fanout_wait_keeps_rx_and_retries_only_unadmitted_branch_at_sof ... ok
2026-10-10T11:48:34.3870370Z test runtime::can_ethernet::tests::future_native_generation_flag_without_synthesized_rows ... ok
2026-10-10T11:48:34.3910341Z test runtime::can_ethernet::tests::malformed_timer_handles_and_impossible_transition_do_not_mutate ... ok
2026-10-10T11:48:34.3940073Z test runtime::can_ethernet::tests::r01_exact_store_and_forward_and_rx_hold ... ok
2026-10-10T11:48:34.3970094Z test runtime::can_ethernet::tests::r02_exact_timing_native_can_and_terminal_completion ... ok
2026-10-10T11:48:34.3999913Z test runtime::can_ethernet::tests::rx_capacity_and_loop_hop_rule_order ... ok
2026-10-10T11:48:34.4022646Z test runtime::can_ethernet::tests::segment_denominator_freezes_and_duplicate_completion_does_not_increment ... ok
2026-10-10T11:48:34.4080500Z test runtime::can_ethernet::tests::same_batch_branch_sof_emits_each_changed_branch_once ... ok
2026-10-10T11:48:34.4100372Z test runtime::can_ethernet::tests::staged_multiple_ingress_capacity_and_error_atomicity ... ok
2026-10-10T11:48:34.4150539Z test runtime::can_ethernet::tests::shared_ethernet_port_retry_wakes_all_classes_in_stable_order ... ok
2026-10-10T11:48:34.4170418Z test runtime::can_ethernet::tests::zero_delay_admits_and_unadmittable_terminates ... ok
2026-10-10T11:48:34.4171382Z test runtime::canfd::protocol::tests::exact_required_notification_schema_and_canonical_encoding ... ok
2026-10-10T11:48:34.4172397Z test runtime::ethernet::dynamic::tests::atomic_capacity_failure_retains_state_and_epoch ... ok
2026-10-10T11:48:34.4173468Z test runtime::ethernet::dynamic::tests::control_refresh_at_expiry_and_registration_eligibility ... ok
2026-10-10T11:48:34.4174322Z test runtime::ethernet::dynamic::tests::isolated_components ... ok
2026-10-10T11:48:34.4175222Z test runtime::ethernet::dynamic::tests::known_source_mismatch_does_not_flood_and_router_unions ... ok
2026-10-10T11:48:34.4190543Z test runtime::ethernet::dynamic::tests::learning_refresh_move_capacity_and_expiry ... ok
2026-10-10T11:48:34.4216280Z test runtime::ethernet::dynamic::tests::parallel_same_cost_chooses_lexical_ports ... ok
2026-10-10T11:48:34.4217278Z test runtime::ethernet::dynamic::tests::staged_learning_lookup_observes_delta_before_commit ... ok
2026-10-10T11:48:34.4250691Z test runtime::ethernet::dynamic::tests::source_filter_static_union_router_and_ip_collision ... ok
2026-10-10T11:48:34.4251766Z test runtime::ethernet::dynamic::tests::static_shadow_and_known_ineligible_do_not_flood ... ok
2026-10-10T11:48:34.4252657Z test runtime::ethernet::dynamic::tests::strict_input_validates_future_controls_and_ip ... ok
2026-10-10T11:48:34.4253516Z test runtime::ethernet::dynamic::tests::stale_convergence_replaced_and_noop_epoch ... ok
2026-10-10T11:48:34.4254430Z test runtime::ethernet::dynamic::tests::tree_triangle_deterministic_and_break_before_make ... ok
2026-10-10T11:48:34.4257091Z test runtime::ethernet::media::tests::cancellation_preserves_unrelated_same_time_logical_changes ... ok
2026-10-10T11:48:34.4258042Z test runtime::ethernet::media::tests::independent_sha256_beb_vectors_match ... ok
2026-10-10T11:48:34.4259005Z test runtime::ethernet::media::tests::sixteen_collisions_drop_current_without_sixteenth_draw_or_seventeenth_attempt ... ok
2026-10-10T11:48:34.4260269Z test runtime::ethernet::dynamic::tests::timer_refresh_bounded_and_generation_overflow_atomic ... ok
2026-10-10T11:48:34.4261217Z test runtime::ethernet::tests::arithmetic_failure_preserves_callback_prefix ... ok
2026-10-10T11:48:34.4261988Z test runtime::ethernet::tests::broadcast_fanout_drops_only_full_output ... ok
2026-10-10T11:48:34.4262860Z test runtime::ethernet::tests::arrival_reservation_commits_with_eof_and_failure_preserves_prefix ... ok
2026-10-10T11:48:34.4263774Z test runtime::ethernet::tests::endpoint_processing_stop_retains_planned_time_only ... ok
2026-10-10T11:48:34.4264714Z test runtime::ethernet::tests::fanout_sequence_failure_preserves_all_candidates_and_reception ... ok
2026-10-10T11:48:34.4265949Z test output::disk_sort::tests::late_binary_decode_and_truncation_failures_clean_the_paired_publication_stage ... ok
2026-10-10T11:48:34.4266875Z test runtime::ethernet::tests::fdb_same_ingress_filters_without_copy ... ok
2026-10-10T11:48:34.4267720Z test runtime::ethernet::tests::generation_dispatch_validates_future_input_without_reserving_all_events ... ok
2026-10-10T11:48:34.4268656Z test runtime::ethernet::tests::fixture_preparation_rejects_invalid_inputs ... ok
2026-10-10T11:48:34.4310275Z test runtime::ethernet::tests::published_serializer_vectors ... ok
2026-10-10T11:48:34.4311246Z test runtime::ethernet::tests::processing_overflow_discards_arrival_atomically ... ok
2026-10-10T11:48:34.4400433Z test runtime::ethernet::tests::qos_capacity_bytes_counts_mac_and_excludes_active_frame ... ok
2026-10-10T11:48:34.4420128Z test runtime::ethernet::tests::qos_device_capacity_bounds_all_priority_classes ... ok
2026-10-10T11:48:34.4460161Z test runtime::ethernet::tests::qos_fanout_byte_overflow_discards_entire_batch ... ok
2026-10-10T11:48:34.4480345Z test runtime::ethernet::tests::qos_future_u128_schedule_is_not_truncated_to_u64 ... ok
2026-10-10T11:48:34.4481154Z test runtime::ethernet::tests::qos_periodic_and_burst_generation_obey_count_end_and_global_stop ... ok
2026-10-10T11:48:34.4580359Z test runtime::ethernet::tests::qos_unbounded_same_time_burst_respects_max_events_without_expansion ... ok
2026-10-10T11:48:34.4671679Z test runtime::ethernet::tests::queue_points_use_reservation_sequence_and_local_effect_order ... ok
2026-10-10T11:48:34.4704471Z test runtime::ethernet::tests::published_scenarios_and_half_open_boundaries ... ok
2026-10-10T11:48:34.4749725Z test runtime::ethernet::tests::qos_strict_priority_is_nonpreemptive_and_fifo_preserves_offer_order ... ok
2026-10-10T11:48:34.4774799Z test runtime::ethernet::tests::release_does_not_preempt_same_time_admission ... ok
2026-10-10T11:48:34.4800382Z test runtime::ethernet::tests::vlan_each_copy_owns_wire_classification_and_capacity_length ... ok
2026-10-10T11:48:34.4850609Z test runtime::ethernet::tests::source_processing_overflow_discards_generation ... ok
2026-10-10T11:48:34.4855690Z test runtime::ethernet::tests::vlan_serializer_matches_independent_crc_lengths_and_tag_vectors ... ok
2026-10-10T11:48:34.4856733Z test runtime::ethernet::tests::vlan_generate_source_ready_offer_and_complete_failures_keep_callback_prefix ... ok
2026-10-10T11:48:34.4857869Z test runtime::ethernet::tsn::tests::cbs_ifg_and_two_frame_independent_timeline ... ok
2026-10-10T11:48:34.4858700Z test runtime::ethernet::tsn::tests::cbs_lazy_freeze_and_old_timer_noop ... ok
2026-10-10T11:48:34.4859630Z test runtime::ethernet::tsn::tests::cbs_saturation_reset_fractional_recovery_and_full_u128 ... ok
2026-10-10T11:48:34.4860716Z test runtime::ethernet::tsn::tests::composed_arrivals_share_staged_meter_but_never_mutate_before_apply ... ok
2026-10-10T11:48:34.4861822Z test runtime::ethernet::tsn::tests::composed_control_selection_sof_commits_once_and_stale_wake_stays_empty ... ok
2026-10-10T11:48:34.4863060Z test runtime::ethernet::tsn::tests::every_independent_design_vector_runs_against_production_planners ... ok
2026-10-10T11:48:34.4864120Z test runtime::ethernet::tsn::tests::initial_base_never_borrows_prior_cycle_and_elapsed_skips_cycles ... ok
2026-10-10T11:48:34.4865589Z test runtime::ethernet::tsn::tests::lower_ready_class_can_send_and_fifo_head_never_bypassed ... ok
2026-10-10T11:48:34.4866864Z test runtime::ethernet::tests::vlan_zero_delay_arrival_batch_failure_keeps_arrival_uncommitted ... ok
2026-10-10T11:48:34.4872840Z test runtime::ethernet::tsn::tests::overflow_plans_are_atomic_future_wake_u128_and_no_busy_loop ... ok
2026-10-10T11:48:34.4874080Z test runtime::ethernet::tsn::tests::metadata_roundtrips_and_snapshot_json_stays_decimal ... ok
2026-10-10T11:48:34.4875416Z test runtime::ethernet::tsn::tests::partial_snapshot_keeps_unexecuted_boundary_and_records_decimal ... ok
2026-10-10T11:48:34.4876520Z test runtime::ethernet::tsn::tests::psfp_five_arrival_independent_vector_and_yellow_drop ... ok
2026-10-10T11:48:34.4878010Z test runtime::ethernet::tsn::tests::psfp_sdu_and_gate_drops_preserve_meter_last_time_and_bypass_tuple ... ok
2026-10-10T11:48:34.4879067Z test runtime::ethernet::tsn::tests::schedule_generation_overflow_and_empty_control_noop_are_atomic ... ok
2026-10-10T11:48:34.4880228Z test runtime::ethernet::tsn::tests::staged_return_to_committed_mode_emits_correcting_credit_observation ... ok
2026-10-10T11:48:34.4901448Z test runtime::ethernet::tsn::tests::tas_01_to_05_ifg_exact_fit_adjacent_and_circular ... ok
2026-10-10T11:48:34.4902607Z test runtime::ethernet::tsn::tests::psfp_red_refill_saturation_fraction_no_refund_and_discarded_delta ... ok
2026-10-10T11:48:34.4914200Z test runtime::ethernet::tsn::tests::tas_06_07_future_base_closed_and_oversized_no_periodic_tick ... ok
2026-10-10T11:48:34.4917020Z test runtime::ethernet::tsn::tests::tas_08_09_10_control_clips_all_open_invalidates_old_wake ... ok
2026-10-10T11:48:34.4918780Z test runtime::memory_ipc::protocol::tests::fixed_codec_rejects_unknown_duplicate_and_nondecimal_fields ... ok
2026-10-10T11:48:34.4987539Z test runtime::memory_ipc::tests::codec_binds_kind_node_request_generation_and_live_owner ... ok
2026-10-10T11:48:34.5200326Z test runtime::network::tests::intended_terminal_survives_ingress_rejection_without_completion ... ok
2026-10-10T11:48:34.5337447Z test runtime::ethernet::tests::vlan_group_policies_membership_and_ingress_admission_have_single_reasons ... ok
2026-10-10T11:48:34.5390369Z test runtime::registered::tests::failed_arbitration_reservation_keeps_dirty_resources_and_sequence ... ok
2026-10-10T11:48:34.5450301Z test runtime::network::tests::intended_terminal_set_uses_source_vid_and_ignores_static_misrouting ... ok
2026-10-10T11:48:34.5750160Z test runtime::registered::tests::staged_duplicate_time_generation_obeys_generator_id_then_ordinal ... ok
2026-10-10T11:48:34.5900269Z test runtime::registered::tests::staged_never_eligible_retains_queue_without_infinite_gate_ticks ... ok
2026-10-10T11:48:34.5960389Z test runtime::registered::tests::staged_effect_validation_keeps_frame_queue_and_failed_event_uncommitted ... ok
2026-10-10T11:48:34.5989942Z test runtime::registered::tests::staged_filtered_receptions_do_not_reuse_visit_ids ... ok
2026-10-10T11:48:34.6049919Z test runtime::scheduler::tests::initial_schedule_allocation_failure_is_diagnostic ... ok
2026-10-10T11:48:34.6079999Z test runtime::soc::protocol::tests::codec_exact_keys_canonical_decimal_and_phases ... ok
2026-10-10T11:48:34.6110073Z test runtime::soc::tests::checkpoint_copies_only_touched_rows_and_restores_journal_append_boundaries ... ok
2026-10-10T11:48:34.6159917Z test runtime::soc::tests::defensive_deadlock ... ok
2026-10-10T11:48:34.6220074Z test runtime::soc::tests::failed_completion_cohort_restores_rows_transfers_counters_and_reservation ... ok
2026-10-10T11:48:34.6310096Z test runtime::spool::tests::truncated_journal_is_reported_and_owned_storage_is_reclaimed ... ok
2026-10-10T11:48:34.6340008Z test runtime::spool::tests::unavailable_spool_directory_keeps_output_error_classification ... ok
2026-10-10T11:48:34.6531089Z test runtime::registered::tests::staged_publication_reservation_failure_keeps_fes_and_journal_prefix ... ok
2026-10-10T11:48:34.6540230Z test output::stream::tests::multibus_stats_slots_and_reopened_pair_match_materialized_output ... ok
2026-10-10T11:48:34.6640412Z test runtime::registered::tests::staged_sof_overflow_preserves_admitted_copy_without_planned_transmission ... ok
2026-10-10T11:48:34.6681404Z test runtime::tests::failed_arbitration_batch_preserves_all_dirty_buses ... ok
2026-10-10T11:48:34.6810033Z test runtime::tests::failed_gateway_preflight_does_not_register_children ... ok
2026-10-10T11:48:34.6980174Z test runtime::tests::simultaneous_buses_reserve_arbitration_as_one_batch ... ok
2026-10-10T11:48:34.7010040Z test runtime::timing::tests::counts_only_scoped_work_and_restores_nested_measurements ... ok
2026-10-10T11:48:34.7440312Z test runtime::tests::lineage_tracks_only_committed_requests_across_gateway_boundaries ... ok
2026-10-10T11:48:34.7730420Z test tool::ned_editor::composition::tests::all_parent_files_and_instances_are_checked_before_gate_deletion ... ok
2026-10-10T11:48:34.7870143Z test runtime::tests::archived_ledgers_preserve_gateway_holds_delayed_receivers_and_partial_prefixes ... ok
2026-10-10T11:48:34.8030347Z test tool::ned_editor::composition::tests::compound_single_and_pair_deletion_preserve_comments_and_other_source_bytes ... ok
2026-10-10T11:48:34.8316363Z test tool::ned_editor::composition::tests::bad_names_collisions_payloads_and_late_failures_leave_the_entire_model_unchanged ... ok
2026-10-10T11:48:34.8320700Z test tool::ned_editor::composition::tests::default_package_is_rejected_by_the_common_grammar ... ok
2026-10-10T11:48:34.8335764Z test tool::ned_editor::composition::tests::bus_gate_batches_and_deletions_enforce_pair_count_and_atomic_history ... ok
2026-10-10T11:48:34.8540615Z test tool::ned_editor::composition::tests::stale_and_unparseable_dependencies_prevent_proving_a_gate_unused ... ok
2026-10-10T11:48:34.8590198Z test tool::ned_editor::composition::tests::port_controller_adapts_to_can_without_changing_profile_or_settings ... ok
2026-10-10T11:48:34.8638138Z test tool::ned_editor::controller::tests::changed_payload_or_revision_invalidates_confirmation ... ok
2026-10-10T11:48:34.8774644Z test tool::ned_editor::controller::tests::destinations_require_the_current_writer_before_registry_mutation ... ok
2026-10-10T11:48:34.8954041Z test tool::ned_editor::controller::tests::dirty_reload_requires_confirmation_and_failed_reload_preserves_model ... ok
2026-10-10T11:48:34.9073436Z test tool::ned_editor::controller::tests::failed_startup_is_browsable_and_reload_can_load_after_source_appears ... ok
2026-10-10T11:48:34.9127128Z test tool::ned_editor::controller::tests::first_tab_writer_claim_requires_idle_epoch_and_preserves_replay ... ok
2026-10-10T11:48:34.9148020Z test tool::ned_editor::composition::tests::create_module_three_ports_and_inside_connections_are_atomic_drafts ... ok
2026-10-10T11:48:34.9440700Z test tool::ned_editor::controller::tests::graph_confirmations_are_bound_one_use_and_jobs_share_terminal_ledger ... ok
2026-10-10T11:48:34.9465773Z test tool::ned_editor::controller::tests::inflight_jobs_leave_get_responsive_and_reserve_sequence_until_terminal ... ok
2026-10-10T11:48:34.9592070Z test tool::ned_editor::controller::tests::invalid_save_keeps_dirty_and_creates_no_output ... ok
2026-10-10T11:48:34.9997643Z test tool::ned_editor::controller::tests::ledger_retains_a_thousand_responses_and_high_watermark_prevents_reexecution ... ok
2026-10-10T11:48:35.0045685Z test tool::ned_editor::controller::tests::malformed_auth_epoch_busy_and_revision_have_distinct_acceptance_boundaries ... ok
2026-10-10T11:48:35.0099524Z test tool::ned_editor::controller::tests::malformed_confirmation_payload_is_rejected_without_panicking_or_locking_session ... ok
2026-10-10T11:48:35.0179251Z test tool::ned_editor::controller::tests::new_command_payloads_reject_unknown_fields_and_settings_stale_confirmation ... ok
2026-10-10T11:48:35.0516646Z test tool::ned_editor::controller::tests::new_project_requires_confirmation_and_replay_preserves_one_replacement ... ok
2026-10-10T11:48:35.0613895Z test tool::ned_editor::controller::tests::ini_json_source_edits_update_settings_and_undo_without_changing_paths ... ok
2026-10-10T11:48:35.0638481Z test tool::ned_editor::controller::tests::no_config_creates_virtual_default_without_source_target ... ok
2026-10-10T11:48:35.0735786Z test tool::ned_editor::controller::tests::overwrite_requires_exact_preview_and_detects_external_change ... ok
2026-10-10T11:48:35.1503119Z test tool::ned_editor::controller::tests::protected_layout_replacement_needs_bound_ack_and_preserves_input_revision ... ok
2026-10-10T11:48:35.1608853Z test tool::ned_editor::controller::tests::recovery_protection_blocks_commands_and_destination_registration ... ok
2026-10-10T11:48:35.1681428Z test tool::ned_editor::controller::tests::commands_preserve_invalid_source_and_idempotent_terminal_results ... ok
2026-10-10T11:48:35.1743933Z test tool::ned_editor::controller::tests::save_completion_retains_new_recovery_enumeration_error ... ok
2026-10-10T11:48:35.1870052Z test tool::ned_editor::controller::tests::settings_use_bound_confirmations_async_ledger_and_instance_scope ... ok
2026-10-10T11:48:35.1927361Z test tool::ned_editor::controller::tests::source_hash_role_and_undo_redo_are_checked_without_losing_history ... ok
2026-10-10T11:48:35.2253835Z test tool::ned_editor::controller::tests::save_as_uses_snapshot_after_source_removal_and_marks_only_complete ... ok
2026-10-10T11:48:35.2257114Z test tool::ned_editor::controller::tests::strict_json_rejects_nested_duplicate_keys_and_trailing_tokens ... ok
2026-10-10T11:48:35.2783646Z test tool::ned_editor::controller::tests::startup_checks_recovery_before_missing_input_and_can_complete_without_model ... ok
2026-10-10T11:48:35.3009608Z test tool::ned_editor::controller::tests::validation_is_async_and_semantic_failure_uses_common_diagnostic ... ok
2026-10-10T11:48:35.3015540Z test tool::ned_editor::controller::tests::successful_operation_clears_controller_diagnostics_for_its_origin ... ok
2026-10-10T11:48:35.3783490Z test tool::ned_editor::controller::tests::parse_debounce_adopts_latest_input_without_revision_increment ... ok
2026-10-10T11:48:35.4217704Z test tool::ned_editor::output::tests::cached_registry_clients_preserve_each_others_registered_destinations ... ok
2026-10-10T11:48:35.4356772Z test tool::ned_editor::output::tests::completed_checkpoint_failure_can_be_finalized_without_restarting ... ok
2026-10-10T11:48:35.4560491Z test tool::ned_editor::output::tests::completed_manifest_repairs_registry_after_crash_gap ... ok
2026-10-10T11:48:35.5478042Z test tool::ned_editor::output::tests::export_uses_snapshot_after_source_deleted_and_plan_digest_is_deterministic ... ok
2026-10-10T11:48:35.5788519Z test tool::ned_editor::output::tests::directory_identity_journal_gap_can_restart_without_unknown_directory_cleanup ... ok
2026-10-10T11:48:35.5800583Z test tool::ned_editor::output::tests::export_copies_workload_valid_layout_and_multiple_ordered_ned_roots ... ok
2026-10-10T11:48:35.6440457Z test tool::ned_editor::output::tests::invalid_layout_needs_explicit_replacement_confirmation ... ok
2026-10-10T11:48:35.6735537Z test runtime::tests::archived_request_storage_tracks_live_work_not_generated_history ... ok
2026-10-10T11:48:35.6769912Z test tool::ned_editor::output::tests::malformed_retirement_allowlist_cannot_escape_private_journal ... ok
2026-10-10T11:48:35.6907872Z test tool::ned_editor::output::tests::new_target_foreign_entry_and_existing_external_changes_are_preserved ... ok
2026-10-10T11:48:35.7117126Z test tool::ned_editor::output::tests::nonreplace_publication_collision_never_clobbers_external_inode ... ok
2026-10-10T11:48:35.7722394Z test tool::ned_editor::output::tests::recovery_action_cannot_flip_and_untrusted_manifest_cannot_authorize_new_paths ... ok
2026-10-10T11:48:35.8528429Z test tool::ned_editor::output::tests::managed_save_allows_reserved_layout_creation_and_undo_to_empty_layout ... ok
2026-10-10T11:48:35.8740898Z test tool::ned_editor::output::tests::recovery_checkpoint_failure_keeps_finalization_available_for_retry ... ok
2026-10-10T11:48:35.9108576Z test tool::ned_editor::output::tests::recovery_third_party_change_stops_before_any_other_target_changes ... ok
2026-10-10T11:48:35.9975563Z test tool::ned_editor::output::tests::invalid_journal_is_protected_without_hiding_other_recoveries_or_blocking_startup ... ok
2026-10-10T11:48:36.0257098Z test tool::ned_editor::output::tests::restart_completes_partial_no_clobber_publication_using_hash_truth ... ok
2026-10-10T11:48:36.1578500Z test tool::ned_editor::output::tests::replay_of_old_completed_save_does_not_roll_back_newer_baseline ... ok
2026-10-10T11:48:36.1598677Z test tool::ned_editor::output::tests::restore_partial_source_overwrite_returns_exact_before_bytes ... ok
2026-10-10T11:48:36.1650902Z test tool::ned_editor::output::tests::restore_allows_semantically_invalid_before_content_and_preserves_invalid_utf8_layout ... ok
2026-10-10T11:48:36.1824643Z test tool::ned_editor::output::tests::same_json_input_is_planned_in_both_reference_roles ... ok
2026-10-10T11:48:36.2093283Z test tool::ned_editor::output::tests::semantic_invalid_output_creates_no_output_or_journal ... ok
2026-10-10T11:48:36.2473448Z test tool::ned_editor::output::tests::reclamation_preserves_unknown_identities_links_contents_and_unrecovered_journals ... ok
2026-10-10T11:48:36.2545979Z test tool::ned_editor::output::tests::restored_journal_with_unknown_entry_remains_visible_and_protected ... ok
2026-10-10T11:48:36.2630431Z test tool::ned_editor::output::tests::source_overwrite_requires_exact_plan_confirmation_and_preserves_ini ... ok
2026-10-10T11:48:36.2779636Z test tool::ned_editor::output::tests::source_symlink_hardlink_and_permission_changes_are_conflicts ... ok
2026-10-10T11:48:36.3449885Z test tool::ned_editor::output::tests::successful_recovery_clears_marker_when_completion_journal_was_not_persisted ... ok
2026-10-10T11:48:36.4299176Z test tool::ned_editor::output::tests::successful_saves_reclaim_all_private_backups_immediately ... ok
2026-10-10T11:48:36.4318847Z test tool::ned_editor::output::tests::stage_identity_journal_gap_can_restart_complete_or_restore_without_unknown_cleanup ... ok
2026-10-10T11:48:36.4370509Z test tool::ned_editor::output::tests::unknown_orphan_and_symlinked_journal_roots_are_never_collected ... ok
2026-10-10T11:48:36.4400593Z test tool::ned_editor::settings::tests::empty_project_has_no_stale_overrides_and_remains_an_editable_draft ... ok
2026-10-10T11:48:36.4557909Z test tool::ned_editor::settings::tests::gateway_settings_can_be_removed_after_the_module_instance_was_deleted ... ok
2026-10-10T11:48:36.4622715Z test tool::ned_editor::settings::tests::gateway_and_workload_forms_reject_invalid_ownership_and_preserve_other_settings ... ok
2026-10-10T11:48:36.4764738Z test tool::ned_editor::settings::tests::instance_parameters_validate_common_rules_and_undo_preserves_type_defaults ... ok
2026-10-10T11:48:36.4840904Z test tool::ned_editor::settings::tests::json_identifiers_accept_ned_reserved_words_and_disabled_generators ... ok
2026-10-10T11:48:36.4930632Z test tool::ned_editor::settings::tests::malformed_or_unknown_json_is_never_silently_replaced_by_forms ... ok
2026-10-10T11:48:36.5090581Z test tool::ned_editor::settings::tests::missing_workload_file_is_added_virtually_and_undo_restores_input_set ... ok
2026-10-10T11:48:36.5094398Z test tool::ned_editor::settings::tests::unrepresentable_route_ports_never_get_silently_normalized_by_a_form ... ok
2026-10-10T11:48:36.5197480Z test tool::ned_editor::settings::tests::workload_forms_accept_explicit_and_periodic_and_reject_invalid_frames ... ok
2026-10-10T11:48:36.5289980Z test tool::ned_editor::template::tests::gateway_reference_is_exposed_and_prepares_complete_routing ... ok
2026-10-10T11:48:36.5577275Z test tool::ned_editor::template::tests::invalid_names_templates_and_relative_cwd_are_rejected ... ok
2026-10-10T11:48:36.5600537Z test tool::ned_editor::template::tests::modules_use_fresh_multibus_dependencies_and_stable_catalog_ids ... ok
2026-10-10T11:48:36.5630401Z test tool::ned_editor::template::tests::snapshot_provenance_paths_hashes_roles_and_layouts_are_consistent ... ok
2026-10-10T11:48:36.5770487Z test tool::ned_editor::template::tests::starters_prepare_with_all_settings_and_zero_traffic_without_disk_creation ... ok
2026-10-10T11:48:36.5800528Z test tool::ned_editor::settings::tests::bom_json_forms_match_common_parsers_and_preserve_encoding_through_history ... ok
2026-10-10T11:48:36.5820342Z test tool::ned_editor::tests::atomic_graph_child_delete_preserves_comments_and_is_undoable ... ok
2026-10-10T11:48:36.5833440Z test tool::ned_editor::tests::bad_graph_candidate_does_not_change_revision_or_history ... ok
2026-10-10T11:48:36.5913043Z test tool::ned_editor::tests::builtin_collision_and_invalid_payload_preserve_user_definitions ... ok
2026-10-10T11:48:36.6034149Z test tool::ned_editor::tests::default_and_reconnect_change_only_the_selected_token_span ... ok
2026-10-10T11:48:36.6052061Z test tool::ned_editor::tests::builtin_gateway_migrates_atomically_and_undo_restores_entire_baseline ... ok
2026-10-10T11:48:36.6110328Z test tool::ned_editor::tests::default_literal_cannot_hide_other_statements_in_a_comment ... ok
2026-10-10T11:48:36.6111640Z test tool::ned_editor::tests::default_literal_and_layout_undo_preserve_input_revision_boundary ... ok
2026-10-10T11:48:36.6130640Z test tool::ned_editor::tests::default_literal_cannot_inject_ignored_property_statement ... ok
2026-10-10T11:48:36.6137263Z test tool::ned_editor::template::tests::catalog_materialization_allocates_fresh_parseable_definitions_for_both_profiles ... ok
2026-10-10T11:48:36.6180450Z test tool::ned_editor::tests::edits_preserve_captured_empty_directories ... ok
2026-10-10T11:48:36.6260364Z test tool::ned_editor::tests::graph_can_pair_is_one_transaction_with_two_edges ... ok
2026-10-10T11:48:36.6305300Z test tool::ned_editor::tests::input_is_released_and_snapshot_prepare_survives_source_removal ... ok
2026-10-10T11:48:36.6340508Z test tool::ned_editor::tests::input_rejects_non_utf8_ned_symlink_and_overlapping_roots ... ok
2026-10-10T11:48:36.6460555Z test tool::ned_editor::tests::instance_projection_distinguishes_ini_override_from_prepared_value ... ok
2026-10-10T11:48:36.6510650Z test tool::ned_editor::tests::invalid_utf8_layout_warns_and_preserves_original_hash ... ok
2026-10-10T11:48:36.6540301Z test tool::ned_editor::tests::malformed_reconnect_channel_is_rejected_without_deleting_original ... ok
2026-10-10T11:48:36.6610147Z test tool::ned_editor::tests::migration_preserves_unrelated_profile_parameters_and_original_values ... ok
2026-10-10T11:48:36.6650791Z test tool::ned_editor::tests::no_op_keeps_redo_and_reload_resets_history_with_new_context ... ok
2026-10-10T11:48:36.6682662Z test tool::ned_editor::tests::old_parse_result_never_replaces_newer_source ... ok
2026-10-10T11:48:36.6795020Z test tool::ned_editor::tests::pending_dependency_gates_are_unresolved_in_other_file_projection ... ok
2026-10-10T11:48:36.6869899Z test tool::ned_editor::tests::syntax_load_is_rejected_but_semantic_error_is_imported ... ok
2026-10-10T11:48:36.7820853Z test tool::ned_editor::tests::history_evicts_the_oldest_operation_after_two_hundred_edits ... ok
2026-10-10T11:48:36.7822247Z test tool::viewer::tests::raw_text_assets_cannot_close_their_html_element ... ok
2026-10-10T11:48:36.8834338Z test tool::ned_editor::tests::template_export_is_standalone_and_draft_cannot_register_source ... ok
2026-10-10T11:48:39.1482282Z test tool::ned_editor::output::tests::retirement_and_each_reclamation_boundary_resume_after_restart_and_retry ... ok
2026-10-10T11:48:40.6655672Z test tool::ned_editor::tests::history_limit_counts_forward_and_reverse_bytes_and_rejects_atomically ... ok
2026-10-10T11:48:40.6656089Z 
2026-10-10T11:48:40.6671509Z      Running unittests src/main.rs (target/debug/deps/dir_simulator-f66b874e2d85cd1a)
2026-10-10T11:48:40.6672094Z test result: ok. 322 passed; 0 failed; 0 ignored; 0 measured; 0 filtered out; finished in 11.08s
2026-10-10T11:48:40.6672636Z 
2026-10-10T11:48:40.6682387Z 
2026-10-10T11:48:40.6682553Z running 0 tests
2026-10-10T11:48:40.6682850Z 
2026-10-10T11:48:40.6683567Z test result: ok. 0 passed; 0 failed; 0 ignored; 0 measured; 0 filtered out; finished in 0.00s
2026-10-10T11:48:40.6683916Z 
2026-10-10T11:48:40.6686541Z      Running tests/ac0008_attributes.rs (target/debug/deps/ac0008_attributes-dd573f535eedffaf)
2026-10-10T11:48:40.6696277Z 
2026-10-10T11:48:40.6696443Z running 4 tests
2026-10-10T11:48:40.6700991Z test comments_inside_strings_are_data_and_class_unit_values_keep_existing_accessors ... ok
2026-10-10T11:48:40.6701547Z test public_attributes_retain_unicode_escapes_and_typed_owners_with_exact_bom_crlf_spans ... ok
2026-10-10T11:48:40.6705454Z test duplicate_metadata_unknown_property_and_invalid_escape_are_rejected ... ok
2026-10-10T11:48:40.6706273Z test supplied_fixture_keeps_grammar_rejection_and_valid_order_retains_quote_backslash ... ok
2026-10-10T11:48:40.6706666Z 
2026-10-10T11:48:40.6706960Z test result: ok. 4 passed; 0 failed; 0 ignored; 0 measured; 0 filtered out; finished in 0.00s
2026-10-10T11:48:40.6707616Z 
2026-10-10T11:48:40.6707972Z      Running tests/ac0008_ned_rejections.rs (target/debug/deps/ac0008_ned_rejections-f235601dcf411468)
2026-10-10T11:48:40.6719121Z 
2026-10-10T11:48:40.6719526Z running 24 tests
2026-10-10T11:48:40.6745470Z test allowunconnected_is_explicitly_rejected_with_ned_source ... ok
2026-10-10T11:48:40.6749224Z test bare_extends_remains_syntax_error ... ok
2026-10-10T11:48:40.6750447Z test bare_import_remains_syntax_error ... ok
2026-10-10T11:48:40.6751320Z test complete_import_does_not_change_later_bad_expression_reason_or_priority ... ok
2026-10-10T11:48:40.6752206Z test complete_import_does_not_change_later_malformed_string_reason ... ok
2026-10-10T11:48:40.6764445Z test import_like_comment_does_not_change_lexical_failure_reason ... ok
2026-10-10T11:48:40.6774081Z test extends_without_name_remains_syntax_error ... ok
2026-10-10T11:48:40.6777250Z test import_like_string_does_not_change_lexical_failure_reason ... ok
2026-10-10T11:48:40.6784934Z test import_without_name_remains_syntax_error ... ok
2026-10-10T11:48:40.6788879Z test inheritance_does_not_change_later_lexical_failure_reason_or_priority ... ok
2026-10-10T11:48:40.6789991Z test incomplete_import_name_remains_syntax_error ... ok
2026-10-10T11:48:40.6803341Z test inout_is_explicitly_rejected_with_ned_source ... ok
2026-10-10T11:48:40.6811100Z test malformed_import_path_wildcard_remains_syntax_error ... ok
2026-10-10T11:48:40.6821044Z test malformed_string_remains_syntax_error ... ok
2026-10-10T11:48:40.6833177Z test missing_closing_brace_remains_syntax_error ... ok
2026-10-10T11:48:40.6843941Z test missing_opening_brace_remains_syntax_error ... ok
2026-10-10T11:48:40.6855087Z test nested_import_wildcard_remains_syntax_error ... ok
2026-10-10T11:48:40.6866484Z test ordinary_bad_token_remains_syntax_error ... ok
2026-10-10T11:48:40.6895120Z test import_is_explicitly_rejected_with_ned_source ... ok
2026-10-10T11:48:40.6912537Z test unqualified_child_type_is_explicitly_rejected_with_ned_source ... ok
2026-10-10T11:48:40.6915884Z test vector_is_explicitly_rejected_with_ned_source ... ok
2026-10-10T11:48:40.7008294Z test explicit_import_name_is_rejected_with_ned_keyword_source ... ok
2026-10-10T11:48:40.7120220Z test inheritance_is_explicitly_rejected_with_ned_source ... ok
2026-10-10T11:48:40.7232521Z test unknown_property_still_reports_unsupported_syntax ... ok
2026-10-10T11:48:40.7232872Z 
2026-10-10T11:48:40.7233078Z test result: ok. 24 passed; 0 failed; 0 ignored; 0 measured; 0 filtered out; finished in 0.05s
2026-10-10T11:48:40.7233454Z 
2026-10-10T11:48:40.7238161Z      Running tests/ac0008_paths.rs (target/debug/deps/ac0008_paths-8cd11dd326e2edef)
2026-10-10T11:48:40.7250255Z 
2026-10-10T11:48:40.7250398Z running 6 tests
2026-10-10T11:48:40.7380522Z test classical_can_cli_validate_accepts_fixture_and_rejects_missing_config ... ok
2026-10-10T11:48:44.2121913Z test classical_can_prepare_and_run_preserve_analytic_competition ... ok
2026-10-10T11:48:44.2150989Z test classical_can_prepare_with_registry_and_run_uses_builtin_adapter ... ok
2026-10-10T11:48:44.2225225Z test classical_can_explicit_run_config_preserves_plain_projection ... ok
2026-10-10T11:48:44.2576775Z test classical_can_run_config_matches_plain_observable_projection ... ok
2026-10-10T11:48:47.7320219Z test classical_can_cli_run_matches_plain_observable_projection ... ok
2026-10-10T11:48:47.7320577Z 
2026-10-10T11:48:47.7320799Z test result: ok. 6 passed; 0 failed; 0 ignored; 0 measured; 0 filtered out; finished in 7.01s
2026-10-10T11:48:47.7321117Z 
2026-10-10T11:48:47.7332014Z      Running tests/acceptance_bridge.rs (target/debug/deps/acceptance_bridge-b5fc367e637a5261)
2026-10-10T11:48:47.7346497Z 
2026-10-10T11:48:47.7347493Z running 17 tests
2026-10-10T11:48:51.2482845Z test dir_test_0105_c03f_native_standard_2048_is_rejected_before_dispatch ... ok
2026-10-10T11:48:52.6950881Z test dir_test_0105_c07_0107_r08_r11_0108_p01_two_gateway_wire_loop_and_multicast ... ok
2026-10-10T11:48:52.9080748Z test dir_test_0105_c01_c04_c03ef_fixed_wire_vectors_and_independent_crc ... ok
2026-10-10T11:48:52.9630911Z test dir_test_0106_n04_forbidden_models_reject_zero_count_and_future_sources ... ok
2026-10-10T11:48:53.0080810Z test dir_test_0106_n05_connected_switch_cycle_and_n06_duplicate_json_rule_key_reject ... ok
2026-10-10T11:48:53.0100765Z test dir_test_0106_n04_n05_n06_strict_prepare_failures_do_not_start_run ... ok
2026-10-10T11:48:53.5401319Z test dir_test_0105_c03g_c05_c06_format_rewrite_and_pcp_reclassification ... ok
2026-10-10T11:48:54.1101019Z test dir_test_0106_n01_n01f_n03_n07_receive_rejection_precedence ... ok
2026-10-10T11:48:54.1747269Z test dir_test_0107_r01_tag_and_each_one_ps_delay_changes_only_causal_milestones ... ok
2026-10-10T11:48:54.4610889Z test dir_test_0107_r03_r05_0108_p10_fanout_and_egress_permutation_and_unadmittable_branches ... ok
2026-10-10T11:48:56.4395795Z test dir_test_0108_p02_hop_limit_in_second_gateway_is_finite ... ok
2026-10-10T11:48:56.4961096Z test dir_test_0108_p09_event_limit_every_callback_keeps_successful_journal_prefix ... ok
2026-10-10T11:48:56.9084700Z test dir_test_0107_r08_r13_native_multicast_two_gateways_and_distinct_lineages ... ok
2026-10-10T11:48:57.8255480Z test positive_conversion_delay_offers_after_existing_same_time_ingress ... ok
2026-10-10T11:49:00.1061863Z test dir_test_0108_p10_reversed_gateway_rule_port_queue_arrays_preserve_records_and_metrics ... ok
2026-10-10T11:49:02.2523552Z test dir_test_0107_r01_r02_and_0108_p03_p06_every_milestone_half_open_boundary ... ok
2026-10-10T11:49:10.9868826Z test dir_test_0107_r10_r11_r12_0108_p12e_two_terminal_tuples_and_partial_completion ... ok
2026-10-10T11:49:10.9869227Z 
2026-10-10T11:49:10.9869752Z test result: ok. 17 passed; 0 failed; 0 ignored; 0 measured; 0 filtered out; finished in 23.25s
2026-10-10T11:49:10.9870042Z 
2026-10-10T11:49:10.9874792Z      Running tests/acceptance_dynamic_tsn.rs (target/debug/deps/acceptance_dynamic_tsn-1553c901b3c69a8a)
2026-10-10T11:49:10.9888232Z 
2026-10-10T11:49:10.9888415Z running 19 tests
2026-10-10T11:49:22.7821107Z test cbs_wire_gate_and_recovery_t_minus_one_t_t_plus_one_prefix ... ok
2026-10-10T11:49:23.5300953Z test canonical_input_order_and_disabled_tsn_preserve_dynamic_media ... ok
2026-10-10T11:49:27.4549911Z test dynamic_revisit_has_unique_copy_parent_dag_and_visit_limit ... ok
2026-10-10T11:49:36.3799650Z test dynamic_wire_down_and_up_receptions_use_arrival_policy ... ok
2026-10-10T11:49:38.8270022Z test dynamic_ipv4_ipv6_source_filters_static_union_and_endpoint_subscription ... ok
2026-10-10T11:49:41.8020705Z test gcl_update_t_minus_one_t_t_plus_one_prefix_and_permutation ... ok
2026-10-10T11:50:05.9713509Z test membership_expiry_unknown_policy_and_queued_copy_target_remain_distinct ... ok
2026-10-10T11:50:06.2888493Z test dynamic_learning_capacity_and_cancelled_expiry_remain_bounded ... ok
2026-10-10T11:50:06.8930789Z test psfp_actual_arrival_refill_gate_and_sdu_before_meter ... ok
2026-10-10T11:50:08.3004526Z test psfp_three_egress_partial_fanout_consumes_once_without_refund ... ok
2026-10-10T11:50:08.4866078Z test psfp_untagged_tuple_uses_receiver_pvid_and_default_priority ... ok
2026-10-10T11:50:09.1711320Z test queued_linkdown_at_release_preserves_completed_wire_and_drops_waiting_copy ... ok
2026-10-10T11:50:10.0270986Z test registration_capacity_error_preserves_successful_control_prefix ... ok
2026-10-10T11:50:12.7300686Z test same_time_wire_policy_aging_registration_gcl_and_arrival_order ... ok
2026-10-10T11:50:13.5035409Z test strict_dynamic_and_tsn_negatives_are_rejected_even_beyond_horizon ... ok
2026-10-10T11:50:14.0951280Z test psfp_queued_vid_expiry_preserves_tokens_and_resets_positive_credit ... ok
2026-10-10T11:50:16.2873447Z test tas_all_ten_declared_vectors_execute_real_wire ... ok
2026-10-10T11:50:23.5280440Z test dynamic_wire_control_and_expiry_t_minus_one_t_t_plus_one_prefix has been running for over 60 seconds
2026-10-10T11:50:36.3801111Z test fixtures_prepare_and_execute_all_positive_cases has been running for over 60 seconds
2026-10-10T11:50:43.8041451Z test dynamic_wire_control_and_expiry_t_minus_one_t_t_plus_one_prefix ... ok
2026-10-10T11:50:55.3556291Z test fixtures_prepare_and_execute_all_positive_cases ... ok
2026-10-10T11:50:55.3556653Z 
2026-10-10T11:50:55.3556928Z test result: ok. 19 passed; 0 failed; 0 ignored; 0 measured; 0 filtered out; finished in 104.37s
2026-10-10T11:50:55.3557367Z 
2026-10-10T11:50:55.3566843Z      Running tests/acceptance_output.rs (target/debug/deps/acceptance_output-9a4b9ebda214b5f6)
2026-10-10T11:50:55.3578397Z 
2026-10-10T11:50:55.3578751Z running 6 tests
2026-10-10T11:50:58.4532150Z test dir_test_0070_zero_capacity_points_and_0073_empty_zero_and_short_windows ... ok
2026-10-10T11:50:58.4539235Z test dir_test_0070_0071_input_a_all_37_descriptors_points_windows_and_csv ... ok
2026-10-10T11:50:58.4540634Z test dir_test_0072_h29_receiver_observations_at_h_remain_pending ... ok
2026-10-10T11:50:58.4583407Z test dir_test_0072_input_a_complete_ledgers_per_receiver_and_conservation ... ok
2026-10-10T11:50:58.4665567Z test dir_test_0073_h10_clips_in_flight_and_does_not_pre_generate ... ok
2026-10-10T11:50:58.4741805Z test dir_test_0073_instantaneous_peak_and_overlapping_interval_union ... ok
2026-10-10T11:50:58.4742310Z 
2026-10-10T11:50:58.4742854Z test result: ok. 6 passed; 0 failed; 0 ignored; 0 measured; 0 filtered out; finished in 3.12s
2026-10-10T11:50:58.4743418Z 
2026-10-10T11:50:58.4747232Z      Running tests/acceptance_prefix.rs (target/debug/deps/acceptance_prefix-7c98185dd3a43ce6)
2026-10-10T11:50:58.4759588Z 
2026-10-10T11:50:58.4759771Z running 1 test
2026-10-10T11:50:58.4839226Z test native_can_and_ethernet_future_dispatch_preserve_exact_committed_prefix ... ok
2026-10-10T11:50:58.4839849Z 
2026-10-10T11:50:58.4840279Z test result: ok. 1 passed; 0 failed; 0 ignored; 0 measured; 0 filtered out; finished in 0.01s
2026-10-10T11:50:58.4840705Z 
2026-10-10T11:50:58.4844463Z      Running tests/acceptance_resources.rs (target/debug/deps/acceptance_resources-2e7f3657d8656fce)
2026-10-10T11:50:58.4855046Z 
2026-10-10T11:50:58.4855344Z running 2 tests
2026-10-10T11:50:58.4941225Z test failed_winner_time_reservation_keeps_waiting_request_and_queue ... ok
2026-10-10T11:50:58.4945025Z test finite_waiting_capacity_release_arrival_and_independent_resource ... ok
2026-10-10T11:50:58.4945392Z 
2026-10-10T11:50:58.4945940Z test result: ok. 2 passed; 0 failed; 0 ignored; 0 measured; 0 filtered out; finished in 0.01s
2026-10-10T11:50:58.4946325Z 
2026-10-10T11:50:58.4949837Z      Running tests/axi.rs (target/debug/deps/axi-fa539116fae44931)
2026-10-10T11:50:58.4962343Z 
2026-10-10T11:50:58.4962518Z running 11 tests
2026-10-10T11:50:58.5365150Z test config_required_duplicate_unknown_and_numeric_types_are_strict ... ok
2026-10-10T11:51:01.9563837Z test eligible_overflow_fails_before_generation_commit ... ok
2026-10-10T11:51:01.9564701Z test callback_failure_retains_only_committed_write_prefix ... ok
2026-10-10T11:51:01.9610597Z test compound_manager_wrapper_preserves_five_path_topology_and_initial_state ... ok
2026-10-10T11:51:01.9826809Z test future_clock_edge_is_preserved_beyond_time_limit ... ok
2026-10-10T11:51:01.9880934Z test failure_after_write_keeps_committed_ram_and_bit_metrics ... ok
2026-10-10T11:51:02.0010439Z test empty_and_zero_horizon_emit_exact_finite_metric_set ... ok
2026-10-10T11:51:02.0081261Z test zero_fixed_delay_is_accepted_and_positive_delay_or_crossed_suffix_rejected ... ok
2026-10-10T11:51:02.0142652Z test invalid_transactions_are_rejected_including_after_time_limit ... ok
2026-10-10T11:51:02.0147108Z test sparse_clock_and_large_timestamps_remain_exact_beyond_binary64_integer_precision ... ok
2026-10-10T11:51:02.1045919Z test all_analytic_fixtures_execute_with_exact_handshakes_memory_and_metrics ... ok
2026-10-10T11:51:02.1046309Z 
2026-10-10T11:51:02.1046611Z test result: ok. 11 passed; 0 failed; 0 ignored; 0 measured; 0 filtered out; finished in 3.61s
2026-10-10T11:51:02.1046959Z 
2026-10-10T11:51:02.1051830Z      Running tests/build_ledger_identity.rs (target/debug/deps/build_ledger_identity-7746cf3b081159d6)
2026-10-10T11:51:02.1061951Z 
2026-10-10T11:51:02.1062288Z running 1 test
2026-10-10T11:51:02.1064896Z test ledger_identity_requires_a_real_document_version ... ok
2026-10-10T11:51:02.1065180Z 
2026-10-10T11:51:02.1065471Z test result: ok. 1 passed; 0 failed; 0 ignored; 0 measured; 0 filtered out; finished in 0.00s
2026-10-10T11:51:02.1065752Z 
2026-10-10T11:51:02.1066997Z      Running tests/can_scenarios.rs (target/debug/deps/can_scenarios-d2be5064b8659fc9)
2026-10-10T11:51:02.1078613Z 
2026-10-10T11:51:02.1083080Z running 5 tests
2026-10-10T11:51:02.1132813Z test overflow_in_eof_delivery_keeps_request_in_flight_without_receivers ... ok
2026-10-10T11:51:02.1141228Z test event_limit_keeps_committed_prefix_and_can_finish_normally_at_exact_count ... ok
2026-10-10T11:51:02.1142143Z test mixed_identifier_formats_follow_wire_priority ... ok
2026-10-10T11:51:02.1151399Z test zero_horizon_and_future_only_generation_do_not_generate_requests ... ok
2026-10-10T11:51:02.1299299Z test all_documented_can_scenarios_match_analytic_expectations ... ok
2026-10-10T11:51:02.1299839Z 
2026-10-10T11:51:02.1300063Z test result: ok. 5 passed; 0 failed; 0 ignored; 0 measured; 0 filtered out; finished in 0.02s
2026-10-10T11:51:02.1300347Z 
2026-10-10T11:51:02.1302933Z      Running tests/canfd.rs (target/debug/deps/canfd-86b4e3066940517f)
2026-10-10T11:51:02.1314068Z 
2026-10-10T11:51:02.1314200Z running 9 tests
2026-10-10T11:51:02.1739925Z test frame_binding_schema_and_generator_errors_fail_before_execution ... ok
2026-10-10T11:51:05.5671786Z test overflow_preserves_previous_commit_and_does_not_fabricate_sof ... ok
2026-10-10T11:51:05.5701352Z test filter_rejection_keeps_planned_completion_and_no_success_count ... ok
2026-10-10T11:51:05.5735638Z test arbitration_standard_vs_extended_and_capacity_generation_order ... ok
2026-10-10T11:51:05.5773708Z test rates_filters_capacities_and_cross_protocol_types_are_strict ... ok
2026-10-10T11:51:05.5960358Z test uppercase_payload_normalizes_and_rebinding_preserves_structural_boundary ... ok
2026-10-10T11:51:05.5985404Z test zero_capacity_drops_ready_and_exact_limit_generation_never_commits ... ok
2026-10-10T11:51:05.6579102Z test strict_stop_eof_arrival_and_processing_boundaries ... ok
2026-10-10T11:51:05.8100080Z test external_vectors_match_dlc_combined_ceiling_and_committed_metrics ... ok
2026-10-10T11:51:05.8100724Z 
2026-10-10T11:51:05.8100958Z test result: ok. 9 passed; 0 failed; 0 ignored; 0 measured; 0 filtered out; finished in 3.68s
2026-10-10T11:51:05.8101491Z 
2026-10-10T11:51:05.8107348Z      Running tests/cli.rs (target/debug/deps/cli-7a11eb379458d39b)
2026-10-10T11:51:05.8121489Z 
2026-10-10T11:51:05.8121716Z running 8 tests
2026-10-10T11:51:05.8343720Z test help_version_argument_errors_and_validate ... ok
2026-10-10T11:51:05.8621646Z test output_failure_keeps_the_preceding_execution_diagnostic ... ok
2026-10-10T11:51:05.8747092Z test examples_show_contention_then_overload ... ok
2026-10-10T11:51:10.5564528Z test prepared_inputs_are_not_reopened_during_run ... ok
2026-10-10T11:51:10.5872962Z test validate_counts_simple_instances_without_gateway_compounds ... ok
2026-10-10T11:51:10.7180869Z test execution_limit_exports_consistent_partial_results ... ok
2026-10-10T11:51:10.9415335Z test run_publishes_results_and_refuses_to_overwrite ... ok
2026-10-10T11:51:11.1670924Z test errors_do_not_destroy_inputs_or_existing_directories ... ok
2026-10-10T11:51:11.1671330Z 
2026-10-10T11:51:11.1671606Z test result: ok. 8 passed; 0 failed; 0 ignored; 0 measured; 0 filtered out; finished in 5.35s
2026-10-10T11:51:11.1672018Z 
2026-10-10T11:51:11.1679178Z      Running tests/diagnostics.rs (target/debug/deps/diagnostics-222846b28c327ec1)
2026-10-10T11:51:11.1694861Z 
2026-10-10T11:51:11.1696051Z running 15 tests
2026-10-10T11:51:11.1731030Z test duplicate_json_key_points_to_second_key_and_retains_related_location ... ok
2026-10-10T11:51:11.1732355Z test channel_errors_use_ini_section_reference_or_adopted_value ... ok
2026-10-10T11:51:11.1733184Z test ini_invalid_value_points_to_adopted_value_not_same_default ... ok
2026-10-10T11:51:11.1760854Z test ini_unknown_key_points_to_key_after_bom_crlf_and_unicode_comment ... ok
2026-10-10T11:51:11.1761709Z test ini_unknown_parameter_points_to_complete_assignment_key ... ok
2026-10-10T11:51:11.1771326Z test ned_unknown_child_reference_points_to_type_token ... ok
2026-10-10T11:51:11.1772942Z test json_eof_is_a_zero_width_range_after_final_scalar_or_newline ... ok
2026-10-10T11:51:11.1773791Z test ned_eof_has_empty_range_and_correct_unicode_scalar_column ... ok
2026-10-10T11:51:11.1830324Z test nested_json_error_uses_exact_value_despite_repeated_keys ... ok
2026-10-10T11:51:11.2760672Z test every_model_family_locates_semantic_json_field_by_identity ... ok
2026-10-10T11:51:11.2809779Z test unreadable_input_has_path_and_null_positions ... ok
2026-10-10T11:51:11.2836798Z test wire_contract_is_complete_nullable_and_string_only ... ok
2026-10-10T11:51:15.3492353Z test preparation_stderr_and_jsonl_share_primary_object ... ok
2026-10-10T11:51:15.8582213Z test runtime_guard_retains_candidate_time_and_reserved_sequence ... ok
2026-10-10T11:51:15.9518213Z test stderr_and_jsonl_use_same_control_character_escaping ... ok
2026-10-10T11:51:15.9518661Z 
2026-10-10T11:51:15.9518987Z test result: ok. 15 passed; 0 failed; 0 ignored; 0 measured; 0 filtered out; finished in 4.78s
2026-10-10T11:51:15.9519369Z 
2026-10-10T11:51:15.9523995Z      Running tests/ethernet.rs (target/debug/deps/ethernet-eb4d21d20c130cd6)
2026-10-10T11:51:15.9538203Z 
2026-10-10T11:51:15.9538879Z running 6 tests
2026-10-10T11:51:15.9610681Z test frame_serializer_matches_independent_golden_bytes_and_crc ... ok
2026-10-10T11:51:19.4172105Z test eof_boundary_has_no_completed_bits_or_fabricated_reception ... ok
2026-10-10T11:51:19.4621988Z test unicast_metrics_keep_mac_occupancy_and_delivery_boundaries_separate ... ok
2026-10-10T11:51:19.4715667Z test qos_metadata_preserves_future_candidate_without_invalid_u64_time ... ok
2026-10-10T11:51:19.4773862Z test failure_boundary_counts_committed_eof_and_release_only_in_summary ... ok
2026-10-10T11:51:19.6947393Z test ethernet_product_matches_all_existing_golden_scenarios ... ok
2026-10-10T11:51:19.6947782Z 
2026-10-10T11:51:19.6948119Z test result: ok. 6 passed; 0 failed; 0 ignored; 0 measured; 0 filtered out; finished in 3.74s
2026-10-10T11:51:19.6948660Z 
2026-10-10T11:51:19.6953985Z      Running tests/ethernet_media.rs (target/debug/deps/ethernet_media-3ea78a2934aaa829)
2026-10-10T11:51:19.6966643Z 
2026-10-10T11:51:19.6966938Z running 14 tests
2026-10-10T11:51:19.7040776Z test canceled_pair_reservations_are_excluded_from_partial_pending_count ... ok
2026-10-10T11:51:19.7080737Z test carrier_on_ifg_deadline_resets_continuous_idle_and_post_preamble_collision_jams_immediately ... ok
2026-10-10T11:51:19.7138201Z test dedicated_100base_t1_uses_independent_policy_and_full_pipeline ... ok
2026-10-10T11:51:23.1470975Z test current_retry_is_excluded_from_fifo_capacity ... ok
2026-10-10T11:51:23.1701200Z test arrival_boundary_and_media_schema_metrics_are_exact ... ok
2026-10-10T11:51:23.1770640Z test delayed_carrier_and_same_time_carrier_prevent_false_collisions ... ok
2026-10-10T11:51:23.1810540Z test pair_start_overflow_preflights_both_directions_before_any_sof_commit ... ok
2026-10-10T11:51:23.2050606Z test half_stop_preserves_incomplete_jam_and_backoff_without_delivery ... ok
2026-10-10T11:51:23.2051402Z test public_media_examples_execute_with_the_selected_profiles ... ok
2026-10-10T11:51:23.2170223Z test strict_media_prepare_boundaries_report_specific_rules ... ok
2026-10-10T11:51:23.2344945Z test collisions_jam_beb_retries_match_analytic_vectors ... ok
2026-10-10T11:51:23.2345492Z test mixed_switch_pair_timelines_preserve_independent_transfers ... ok
2026-10-10T11:51:23.2603165Z test t1_duplex_and_pipeline_keep_mac_release_independent_of_phy ... ok
2026-10-10T11:51:23.2607252Z test repeat_collisions_and_max_frame_match_remaining_catalog_cases ... ok
2026-10-10T11:51:23.2607617Z 
2026-10-10T11:51:23.2608019Z test result: ok. 14 passed; 0 failed; 0 ignored; 0 measured; 0 filtered out; finished in 3.56s
2026-10-10T11:51:23.2608645Z 
2026-10-10T11:51:23.2616038Z      Running tests/ethernet_qos.rs (target/debug/deps/ethernet_qos-a7b9fb7ab5ee76be)
2026-10-10T11:51:23.2630205Z 
2026-10-10T11:51:23.2630588Z running 5 tests
2026-10-10T11:51:27.0701188Z test byte_and_device_queue_capacities_match_golden_admission ... ok
2026-10-10T11:51:27.1524695Z test active_frame_is_nonpreemptive_and_periodic_burst_times_are_exact ... ok
2026-10-10T11:51:27.3249222Z test public_ethernet_examples_prepare_and_execute ... ok
2026-10-10T11:51:27.5978813Z test strict_priority_and_fifo_schedulers_match_golden_source_order ... ok
2026-10-10T11:51:27.7417078Z test flow_metrics_check_deadlines_nearest_rank_and_empty_samples ... ok
2026-10-10T11:51:27.7417574Z 
2026-10-10T11:51:27.7417795Z test result: ok. 5 passed; 0 failed; 0 ignored; 0 measured; 0 filtered out; finished in 4.48s
2026-10-10T11:51:27.7418113Z 
2026-10-10T11:51:27.7424104Z      Running tests/ethernet_vlan.rs (target/debug/deps/ethernet_vlan-ce9f2e43bae9aa50)
2026-10-10T11:51:27.7436821Z 
2026-10-10T11:51:27.7437368Z running 7 tests
2026-10-10T11:51:27.9531151Z test invalid_vlan_types_boundaries_duplicate_and_missing_keys_fail_prepare ... ok
2026-10-10T11:51:32.0336808Z test fanout_checks_byte_capacity_after_per_copy_tag_rewrite ... ok
2026-10-10T11:51:32.9750570Z test priority_tracks_hop_class_and_untagged_reception_resets_dei ... ok
2026-10-10T11:51:33.0620880Z test static_multicast_distinguishes_known_unknown_empty_and_unsubscribed ... ok
2026-10-10T11:51:33.5353193Z test readable_examples_run_and_unicast_matches_the_64_68_64_byte_timing ... ok
2026-10-10T11:51:34.2617000Z test vlan_fdb_uses_vid_and_broadcast_skips_nonmember_ports ... ok
2026-10-10T11:51:46.9950664Z test exact_wire_and_processing_stops_exclude_t_and_commit_at_t_plus_one ... ok
2026-10-10T11:51:46.9951020Z 
2026-10-10T11:51:46.9951267Z test result: ok. 7 passed; 0 failed; 0 ignored; 0 measured; 0 filtered out; finished in 19.25s
2026-10-10T11:51:46.9951547Z 
2026-10-10T11:51:46.9959969Z      Running tests/event_timing.rs (target/debug/deps/event_timing-9f8cc1a0cd5b24e5)
2026-10-10T11:51:46.9969895Z 
2026-10-10T11:51:46.9970195Z running 1 test
2026-10-10T11:51:57.5940802Z test cli_reports_event_loop_time_for_complete_and_partial_runs ... ok
2026-10-10T11:51:57.5941254Z 
2026-10-10T11:51:57.5941526Z test result: ok. 1 passed; 0 failed; 0 ignored; 0 measured; 0 filtered out; finished in 10.60s
2026-10-10T11:51:57.5941910Z 
2026-10-10T11:51:57.5942510Z      Running tests/gateway.rs (target/debug/deps/gateway-7e830aa2c5f45b62)
2026-10-10T11:51:57.5956560Z 
2026-10-10T11:51:57.5956892Z running 16 tests
2026-10-10T11:51:57.6150447Z test gateway_default_rx_capacity_accepts_64_and_drops_the_65th ... ok
2026-10-10T11:51:57.6200536Z test gateway_failures_keep_the_last_committed_prefix_without_partial_fanout ... ok
2026-10-10T11:51:57.6290174Z test gateway_rx_capacity_counts_both_gateway_and_tx_processing ... ok
2026-10-10T11:51:57.6390976Z test gateway_rx_fanout_keeps_only_unadmitted_egress_and_does_not_duplicate_copies ... ok
2026-10-10T11:51:57.6480503Z test gateway_rx_holds_full_tx_copy_until_sof_frees_a_slot ... ok
2026-10-10T11:51:57.6580457Z test gateway_rx_overflow_drops_newest_without_changing_source_success ... ok
2026-10-10T11:51:57.6650532Z test gateway_same_egress_waits_follow_first_ready_order_across_ingresses ... ok
2026-10-10T11:51:57.6800418Z test gateway_rx_capacity_json_is_strict_and_normalized ... ok
2026-10-10T11:51:57.6910543Z test gateway_zero_rx_and_unmatched_receptions_have_defined_capacity_semantics ... ok
2026-10-10T11:51:57.7095426Z test all_gateway_fixtures_match_independent_expectations ... ok
2026-10-10T11:51:57.7290164Z test same_priority_copies_follow_ready_commit_order_and_configuration_permutations ... ok
2026-10-10T11:51:57.7562884Z test inactive_reservations_and_mutated_routing_are_validated_before_execution ... ok
2026-10-10T11:51:57.7629049Z test wrong_bus_rx_and_bus_to_bus_paths_are_rejected ... ok
2026-10-10T11:52:01.1285381Z test input_roles_and_gateway_initial_state_survive_arbitrary_extensions_and_bom ... ok
2026-10-10T11:52:01.1669744Z test arbitrary_bus_gate_names_preserve_multibus_results_and_timing ... ok
2026-10-10T11:52:01.8541806Z test schema2_publication_preserves_references_hashes_and_per_bus_metrics ... ok
2026-10-10T11:52:01.8542562Z 
2026-10-10T11:52:01.8543396Z test result: ok. 16 passed; 0 failed; 0 ignored; 0 measured; 0 filtered out; finished in 4.26s
2026-10-10T11:52:01.8543966Z 
2026-10-10T11:52:01.8559989Z 
2026-10-10T11:52:01.8560587Z running 11 tests
2026-10-10T11:52:01.8561118Z      Running tests/memory_ipc.rs (target/debug/deps/memory_ipc-654be7b8e2b8bcff)
2026-10-10T11:52:05.3940660Z test final_dma_write_and_notification_reservation_fail_atomically ... ok
2026-10-10T11:52:05.3962095Z test failure_during_admission_preserves_awaiting_child_and_offered_conservation ... ok
2026-10-10T11:52:05.4000424Z test dma_uses_row_boundary_chunks_and_same_memory_nonoverlap ... ok
2026-10-10T11:52:05.4060493Z test independent_invalid_fixture_rules_are_diagnosed ... ok
2026-10-10T11:52:05.4180137Z test preparation_is_strict_and_validates_after_stop ... ok
2026-10-10T11:52:05.4386717Z test metadata_registries_sorted_and_cohort_owner_survives_later_port_reuse ... ok
2026-10-10T11:52:05.4454313Z test metric_points_preserve_reservation_and_callback_effect_order ... ok
2026-10-10T11:52:05.4622598Z test service_overflow_retains_admitted_request_and_unmodified_memory ... ok
2026-10-10T11:52:05.4789147Z test zero_horizon_empty_metrics_are_null_without_points ... ok
2026-10-10T11:52:05.4861012Z test simultaneous_generator_prefix_uses_generator_then_ordinal ... ok
2026-10-10T11:52:05.8094610Z test every_fixture_matches_independent_bytes_times_and_prefixes ... ok
2026-10-10T11:52:05.8094934Z 
2026-10-10T11:52:05.8095188Z test result: ok. 11 passed; 0 failed; 0 ignored; 0 measured; 0 filtered out; finished in 3.95s
2026-10-10T11:52:05.8095468Z 
2026-10-10T11:52:05.8101259Z      Running tests/network_extensions.rs (target/debug/deps/network_extensions-bcdc7051ee85787e)
2026-10-10T11:52:05.8116485Z 
2026-10-10T11:52:05.8116641Z running 11 tests
2026-10-10T11:52:09.7081287Z test can_ethernet_product_preserves_r01_and_r02_processing_and_wire_times ... ok
2026-10-10T11:52:09.9725011Z test bridge_fanout_rx_limit_and_partial_denominators_preserve_native_contracts ... ok
2026-10-10T11:52:10.3081921Z test dynamic_triangle_matches_independent_three_hop_timing ... ok
2026-10-10T11:52:10.3380221Z test network_prepare_diagnostics_use_original_json_source_and_pointer ... ok
2026-10-10T11:52:10.4790670Z test identical_native_generator_ids_keep_media_qualified_origins_and_latencies ... ok
2026-10-10T11:52:10.7950763Z test psfp_product_arrivals_consume_once_and_stream_gate_drops_before_meter ... ok
2026-10-10T11:52:11.0071741Z test dynamic_large_cost_tree_and_at_prefixed_control_id_remain_valid ... ok
2026-10-10T11:52:11.8560597Z test tsn_wire_scheduling_matches_independent_tas_and_cbs_boundaries ... ok
2026-10-10T11:52:12.2860211Z test time_limited_dynamic_run_keeps_planned_and_observed_receptions_separate ... ok
2026-10-10T11:52:13.7201111Z test registrable_source_and_fdb_use_effective_membership_and_drop_expired_queue_copy ... ok
2026-10-10T11:52:16.3039763Z test empty_and_control_only_workloads_run_on_the_same_prepared_profile ... ok
2026-10-10T11:52:16.3040187Z 
2026-10-10T11:52:16.3040449Z test result: ok. 11 passed; 0 failed; 0 ignored; 0 measured; 0 filtered out; finished in 10.49s
2026-10-10T11:52:16.3040869Z 
2026-10-10T11:52:16.3052224Z      Running tests/preparation_failures.rs (target/debug/deps/preparation_failures-f33a25573a42d08a)
2026-10-10T11:52:16.3065533Z 
2026-10-10T11:52:16.3065839Z running 2 tests
2026-10-10T11:52:19.7166736Z test unknown_profile_and_unreadable_config_use_schema_one_and_preserve_existing_files ... ok
2026-10-10T11:52:21.1774342Z test selected_profile_failures_publish_empty_results_with_registered_descriptors ... ok
2026-10-10T11:52:21.1774916Z 
2026-10-10T11:52:21.1775197Z test result: ok. 2 passed; 0 failed; 0 ignored; 0 measured; 0 filtered out; finished in 4.87s
2026-10-10T11:52:21.1775790Z 
2026-10-10T11:52:21.1779599Z      Running tests/provenance.rs (target/debug/deps/provenance-cbf4ddabcd2d03a9)
2026-10-10T11:52:21.1793311Z 
2026-10-10T11:52:21.1794053Z running 12 tests
2026-10-10T11:52:24.9520893Z test composed_bridge_rule_changes_effective_configuration_hash ... ok
2026-10-10T11:52:25.2280221Z test composed_registered_parameters_and_channels_remain_in_effective_configuration ... ok
2026-10-10T11:52:25.4810664Z test composed_tsn_large_cbs_credit_is_hashed_without_truncation ... ok
2026-10-10T11:52:25.7381998Z test composed_tsn_large_meter_capacity_is_hashed_without_truncation ... ok
2026-10-10T11:52:26.0150723Z test composed_tsn_policy_changes_effective_configuration_hash ... ok
2026-10-10T11:52:26.2450764Z test composed_dynamic_policy_changes_effective_configuration_hash ... ok
2026-10-10T11:52:26.2961204Z test execution_settings_adjusted_after_prepare_override_captured_source_values ... ok
2026-10-10T11:52:26.3720842Z test relocation_preserves_canonical_configuration_and_input_hashes ... ok
2026-10-10T11:52:26.3960645Z test separate_roots_lineage_and_deleted_sources_survive_export ... ok
2026-10-10T11:52:26.9183263Z test composed_dynamic_control_changes_effective_configuration_hash ... ok
2026-10-10T11:52:29.0681707Z test composed_registered_subject_changes_execution_and_effective_configuration_hash ... ok
2026-10-10T11:52:29.6171170Z test every_builtin_profile_shares_build_and_effective_reproduction_data ... ok
2026-10-10T11:52:29.6171657Z 
2026-10-10T11:52:29.6171887Z test result: ok. 12 passed; 0 failed; 0 ignored; 0 measured; 0 filtered out; finished in 8.44s
2026-10-10T11:52:29.6172264Z 
2026-10-10T11:52:29.6181132Z      Running tests/registry.rs (target/debug/deps/registry-686ebde1ef88a2aa)
2026-10-10T11:52:29.6195109Z 
2026-10-10T11:52:29.6195326Z running 31 tests
2026-10-10T11:52:29.6321473Z test callback_failure_discards_every_effect_and_preserves_pending_current ... ok
2026-10-10T11:52:29.6322590Z test backwards_phase_runs_after_current_arbitration_and_hits_delta_guard_with_context ... ok
2026-10-10T11:52:29.6466723Z test cancellation_excludes_current_timer_and_removes_future_tombstones_from_pending ... ok
2026-10-10T11:52:29.6490215Z test channel_capability_checks_descriptor_even_when_implementation_is_permissive ... ok
2026-10-10T11:52:29.6580367Z test coordinator_borrows_frozen_output_preserves_lineage_and_finishes_before_simples ... ok
2026-10-10T11:52:29.6640372Z test acceptance_lifecycle_failures_release_models_and_keep_frozen_prefix ... ok
2026-10-10T11:52:29.6771317Z test coordinator_rejects_noncompound_targets_and_unowned_or_incompatible_outputs ... ok
2026-10-10T11:52:29.6840632Z test custom_payload_channel_timer_cancel_and_arbitration_execute_deterministically ... ok
2026-10-10T11:52:29.6973953Z test acceptance_phase_fixed_point_resource_order_and_next_delta_repeat ... ok
2026-10-10T11:52:33.1142196Z test custom_profile_can_use_a_builtin_name_without_inheriting_its_catalog ... ok
2026-10-10T11:52:33.1156654Z test custom_preparation_failure_uses_registered_implementation_versions ... ok
2026-10-10T11:52:33.1200679Z test custom_dynamic_builtin_name_uses_custom_registry ... ok
2026-10-10T11:52:33.1201595Z test custom_gateway_builtin_name_uses_custom_registry ... ok
2026-10-10T11:52:33.1220296Z test custom_profile_cannot_publish_schema_two_layout_under_schema_one ... ok
2026-10-10T11:52:33.1245498Z test custom_profile_validates_owned_json_and_factory_receives_it ... ok
2026-10-10T11:52:33.1260562Z test custom_tsn_builtin_name_uses_custom_registry ... ok
2026-10-10T11:52:33.1310095Z test custom_run_publishes_registered_records_and_metrics ... ok
2026-10-10T11:52:33.1340135Z test duplicate_registration_does_not_replace_original ... ok
2026-10-10T11:52:33.1341213Z test event_limit_and_half_open_time_boundary_are_enforced ... ok
2026-10-10T11:52:33.1400151Z test failed_callback_does_not_commit_cancellation_of_an_existing_timer ... ok
2026-10-10T11:52:33.1428851Z test generic_prepare_defers_model_factories_until_runtime ... ok
2026-10-10T11:52:33.1490129Z test explicit_run_config_selects_custom_registry_instead_of_default ... ok
2026-10-10T11:52:33.1491126Z test initialization_error_discards_effects_and_finishes_successful_initializations ... ok
2026-10-10T11:52:33.1545536Z test live_channel_settings_override_captured_initial_state_after_prepare ... ok
2026-10-10T11:52:33.1561305Z test panic_is_diagnostic_and_cleanup_receives_committed_prefix ... ok
2026-10-10T11:52:33.1574152Z test profile_rejects_module_schemas_outside_its_allowlist ... ok
2026-10-10T11:52:33.1700567Z test strategy_registrations_are_executable ... ok
2026-10-10T11:52:33.1730351Z test unknown_schema_and_port_version_are_prepare_errors ... ok
2026-10-10T11:52:33.1774266Z test zero_time_limit_without_initial_events_still_reports_time_limit ... ok
2026-10-10T11:52:33.1801158Z test registered_builtin_adapter_preserves_builtin_result ... ok
2026-10-10T11:52:33.4033309Z test finish_can_retain_frozen_spool_after_full_buffer_and_tail_are_committed ... ok
2026-10-10T11:52:33.4033691Z 
2026-10-10T11:52:33.4033948Z test result: ok. 31 passed; 0 failed; 0 ignored; 0 measured; 0 filtered out; finished in 3.78s
2026-10-10T11:52:33.4034473Z 
2026-10-10T11:52:33.4040050Z      Running tests/registry_diagnostics.rs (target/debug/deps/registry_diagnostics-527e6284e8bd011e)
2026-10-10T11:52:33.4054621Z 
2026-10-10T11:52:33.4055338Z running 8 tests
2026-10-10T11:52:33.4240150Z test generic_unknown_types_and_declaration_schema_retain_ned_sources ... ok
2026-10-10T11:52:33.4241365Z test generic_parameter_bounds_select_default_and_override_sources ... ok
2026-10-10T11:52:33.4259036Z test structural_config_reference_errors_use_known_value_spans ... ok
2026-10-10T11:52:33.4360518Z test unused_registered_declaration_defaults_still_obey_registry_bounds ... ok
2026-10-10T11:52:33.4390526Z test static_input_callback_failure_does_not_invent_source_or_target ... ok
2026-10-10T11:52:33.4510577Z test generic_execution_settings_use_adopted_ini_token_and_stable_reason ... ok
2026-10-10T11:52:33.4514831Z test unused_registered_double_and_channel_defaults_obey_bounds ... ok
2026-10-10T11:52:36.8629820Z test generic_run_publishes_same_annotated_preparation_diagnostic ... ok
2026-10-10T11:52:36.8630207Z 
2026-10-10T11:52:36.8630427Z test result: ok. 8 passed; 0 failed; 0 ignored; 0 measured; 0 filtered out; finished in 3.46s
2026-10-10T11:52:36.8630929Z 
2026-10-10T11:52:36.8633731Z      Running tests/soc.rs (target/debug/deps/soc-6dcc6ce60d8bdebc)
2026-10-10T11:52:36.8647652Z 
2026-10-10T11:52:36.8647847Z running 20 tests
2026-10-10T11:52:40.2930660Z test bus_decode_crossing_and_error_cycles ... ok
2026-10-10T11:52:40.2961277Z test arithmetic_overflow_keeps_generated_pending_prefix ... ok
2026-10-10T11:52:40.3311717Z test failure_prefix_keeps_completion_at_h_but_excludes_half_open_window ... ok
2026-10-10T11:52:40.3474627Z test exact_queue_means_sample_denominators_and_window_boundary ... ok
2026-10-10T11:52:40.3512598Z test fixed_priority_and_fifo_selection ... ok
2026-10-10T11:52:40.3560259Z test ahb_stop_in_every_stage_preserves_busy_and_no_completion ... ok
2026-10-10T11:52:40.4200534Z test all_analytic_fixtures_execute ... ok
2026-10-10T11:52:40.4530654Z test multi_target_shared_resource_gap_and_full_interval_decode ... ok
2026-10-10T11:52:40.4650364Z test noc_arbitration_overflow_rolls_back_prior_grants_and_gauges_in_same_batch ... ok
2026-10-10T11:52:40.4765526Z test invalid_topology_ranges_bool_duplicate_json_and_empty_load ... ok
2026-10-10T11:52:40.5080306Z test noc_three_parallel_outputs_and_final_delivery_only ... ok
2026-10-10T11:52:40.5454286Z test priority_tie_path_and_nonpreemption ... ok
2026-10-10T11:52:40.5580175Z test noc_rr_head_of_line_and_same_router_parallel_outputs ... ok
2026-10-10T11:52:40.5675425Z test simultaneous_opposite_links_are_independent ... ok
2026-10-10T11:52:40.5750807Z test strict_validation_includes_unexecuted_workload ... ok
2026-10-10T11:52:40.6020245Z test zero_delay_channels_are_valid_and_nonzero_delays_reject ... ok
2026-10-10T11:52:40.6160584Z test single_manager_ahb_error_phase_and_exact_completion_boundary ... ok
2026-10-10T11:52:40.6390815Z test zero_horizon_empty_metrics_and_descriptors ... ok
2026-10-10T11:52:42.0738463Z test long_sequential_histories_keep_fifo_capacity_and_completion_accounting ... ok
2026-10-10T11:52:42.2406847Z test future_generation_uses_one_dispatcher_and_failed_ordinal_stays_pending ... ok
2026-10-10T11:52:42.2407210Z 
2026-10-10T11:52:42.2407413Z test result: ok. 20 passed; 0 failed; 0 ignored; 0 measured; 0 filtered out; finished in 5.38s
2026-10-10T11:52:42.2407866Z 
2026-10-10T11:52:42.2427628Z      Running tests/spooling.rs (target/debug/deps/spooling-ca1f81c996928e5d)
2026-10-10T11:52:42.2442474Z 
2026-10-10T11:52:42.2442865Z running 5 tests
2026-10-10T11:52:46.5541262Z test archived_delayed_receive_and_lexical_ids_match_materialized_output ... ok
2026-10-10T11:52:50.0375688Z test every_builtin_profile_has_identical_memory_and_spooled_outputs ... ok
2026-10-10T11:52:54.1620773Z test archive_output_matches_every_partial_event_boundary ... ok
2026-10-10T11:52:55.3977219Z test spilled_can_observations_and_partial_failure_prefix_match_memory ... ok
2026-10-10T11:52:55.4734620Z test can_gateway_archives_match_all_valid_fixtures_and_edge_windows ... ok
2026-10-10T11:52:55.4735124Z 
2026-10-10T11:52:55.4735381Z test result: ok. 5 passed; 0 failed; 0 ignored; 0 measured; 0 filtered out; finished in 13.23s
2026-10-10T11:52:55.4735667Z 
2026-10-10T11:52:55.4766755Z      Running tests/viewer_cli.rs (target/debug/deps/viewer_cli-6f2caf8ca5acb87a)
2026-10-10T11:52:55.4776517Z 
2026-10-10T11:52:55.4776787Z running 6 tests
2026-10-10T11:52:55.4950540Z test dangling_output_symlink_is_preserved ... ok
2026-10-10T11:52:55.4960372Z test help_and_argument_errors ... ok
2026-10-10T11:52:55.4988345Z test invalid_input_and_unknown_schema_do_not_create_output ... ok
2026-10-10T11:52:55.5000583Z test relative_output_reports_an_absolute_path ... ok
2026-10-10T11:52:55.5042355Z test local_html_is_self_contained_and_hostile_json_is_inert ... ok
2026-10-10T11:52:55.5107926Z test output_collisions_equal_input_and_missing_parent_preserve_data ... ok
2026-10-10T11:52:55.5108372Z 
2026-10-10T11:52:55.5109216Z test result: ok. 6 passed; 0 failed; 0 ignored; 0 measured; 0 filtered out; finished in 0.03s
2026-10-10T11:52:55.5110169Z    Doc-tests dir_simulator
2026-10-10T11:52:55.5110371Z 
2026-10-10T11:52:56.2210091Z 
2026-10-10T11:52:56.2211006Z running 1 test
2026-10-10T11:52:56.2412964Z test crates/dir-simulator/src/lib.rs - (line 3) - compile ... ok
2026-10-10T11:52:56.2413410Z 
2026-10-10T11:52:56.2413807Z test result: ok. 1 passed; 0 failed; 0 ignored; 0 measured; 0 filtered out; finished in 0.02s
2026-10-10T11:52:56.2414281Z 
2026-10-10T11:52:56.3600964Z    Compiling typenum v1.20.1
2026-10-10T11:52:56.3620811Z    Compiling cpufeatures v0.2.17
2026-10-10T11:52:56.3638014Z    Compiling cfg-if v1.0.5
2026-10-10T11:52:56.3882952Z     Checking serde_core v1.0.229
2026-10-10T11:52:56.3883929Z     Checking zmij v1.0.23
2026-10-10T11:52:56.5850852Z     Checking httpdate v1.0.3
2026-10-10T11:52:56.6610781Z     Checking linux-raw-sys v0.4.15
2026-10-10T11:52:56.8542515Z     Checking generic-array v0.14.7
2026-10-10T11:52:56.9331114Z     Checking memchr v2.8.3
2026-10-10T11:52:57.2316479Z     Checking crypto-common v0.1.7
2026-10-10T11:52:57.2486264Z     Checking block-buffer v0.10.4
2026-10-10T11:52:57.3131646Z     Checking digest v0.10.7
2026-10-10T11:52:57.3571019Z     Checking bitflags v2.13.2
2026-10-10T11:52:57.4366764Z     Checking itoa v1.0.18
2026-10-10T11:52:57.4497514Z     Checking ascii v1.1.0
2026-10-10T11:52:57.4810852Z    Compiling sha2 v0.10.9
2026-10-10T11:52:57.5190689Z     Checking log v0.4.34
2026-10-10T11:52:57.5910941Z     Checking chunked_transfer v1.5.0
2026-10-10T11:52:57.6081204Z     Checking rustix v0.38.44
2026-10-10T11:52:57.6501144Z     Checking tiny_http v0.12.0
2026-10-10T11:52:57.7391106Z    Compiling dir-simulator v0.1.0 (/home/runner/work/DIR-Simulator/DIR-Simulator/crates/dir-simulator)
2026-10-10T11:52:57.9450012Z     Checking serde_json v1.0.151
2026-10-10T11:52:58.0441335Z     Checking serde v1.0.229
2026-10-10T11:53:12.4507729Z     Finished `dev` profile [unoptimized + debuginfo] target(s) in 16.16s
2026-10-10T11:53:12.4665109Z ##[group]Run cargo build --locked -p dir-simulator
2026-10-10T11:53:12.4665548Z [36;1mcargo build --locked -p dir-simulator[0m
2026-10-10T11:53:12.4666116Z [36;1mtarget/debug/dir-simulator run --config docs/verification/fixtures/can/competition.ini --output "$RUNNER_TEMP/ledger-metadata"[0m
2026-10-10T11:53:12.4666691Z [36;1mpython3 - <<'PY'[0m
2026-10-10T11:53:12.4666949Z [36;1mimport hashlib, json, os, re[0m
2026-10-10T11:53:12.4667269Z [36;1mfrom pathlib import Path[0m
2026-10-10T11:53:12.4667606Z [36;1moutput = Path(os.environ['RUNNER_TEMP']) / 'ledger-metadata'[0m
2026-10-10T11:53:12.4668019Z [36;1mresult = json.loads((output / 'results.json').read_text())[0m
2026-10-10T11:53:12.4668455Z [36;1mmanifest = json.loads((output / 'manifest.json').read_text())[0m
2026-10-10T11:53:12.4668869Z [36;1mledger = Path('docs/third-party/採用物台帳.md').read_bytes()[0m
2026-10-10T11:53:12.4669264Z [36;1mmetadata = result['metadata'][0m
2026-10-10T11:53:12.4669924Z [36;1massert metadata['adoption_ledger_sha256'] == hashlib.sha256(ledger).hexdigest()[0m
2026-10-10T11:53:12.4670598Z [36;1massert metadata['adoption_ledger_version'] == re.search(r'文書バージョン：`([^`]+)`', ledger.decode('utf-8')).group(1)[0m
2026-10-10T11:53:12.4671179Z [36;1massert metadata['implementation_coverage']['reproduction_conditions'] == 'identified'[0m
2026-10-10T11:53:12.4671645Z [36;1massert manifest['metadata_ref'] == 'results.json#/metadata'[0m
2026-10-10T11:53:12.4672012Z [36;1mfor entry in manifest['files']:[0m
2026-10-10T11:53:12.4672337Z [36;1m    data = (output / entry['name']).read_bytes()[0m
2026-10-10T11:53:12.4672706Z [36;1m    assert len(data) == int(entry['bytes'])[0m
2026-10-10T11:53:12.4673095Z [36;1m    assert hashlib.sha256(data).hexdigest() == entry['sha256'][0m
2026-10-10T11:53:12.4673573Z [36;1mprint('PASS: actual ledger hash/document version, metadata reference and manifest files')[0m
2026-10-10T11:53:12.4673988Z [36;1mPY[0m
2026-10-10T11:53:12.4712546Z shell: /usr/bin/bash -e {0}
2026-10-10T11:53:12.4712851Z ##[endgroup]
2026-10-10T11:53:12.5417286Z    Compiling dir-simulator v0.1.0 (/home/runner/work/DIR-Simulator/DIR-Simulator/crates/dir-simulator)
2026-10-10T11:53:17.0812720Z     Finished `dev` profile [unoptimized + debuginfo] target(s) in 4.58s
2026-10-10T11:53:20.6387472Z {"schema_version":1,"termination":"events_exhausted","exit_code":0,"partial":false,"output_path":"/home/runner/work/_temp/ledger-metadata","manifest_path":"/home/runner/work/_temp/ledger-metadata/manifest.json","primary_diagnostic":null,"committed_events":"20","finish_ps":"300000000","last_event_time_ps":"206000000","event_processing_wall_seconds":0.000318375}
2026-10-10T11:53:20.6621456Z PASS: actual ledger hash/document version, metadata reference and manifest files
2026-10-10T11:53:20.6697869Z ##[group]Run python3 scripts/check_third_party_notices.py
2026-10-10T11:53:20.6698317Z [36;1mpython3 scripts/check_third_party_notices.py[0m
2026-10-10T11:53:20.6698733Z [36;1mcd docs/verification/results/release-native-distribution-audit-2026-10-08[0m
2026-10-10T11:53:20.6699198Z [36;1mpython3 verify_release_audit.py[0m
2026-10-10T11:53:20.6699699Z [36;1mpython3 native_correctness.py selftest[0m
2026-10-10T11:53:20.6737091Z shell: /usr/bin/bash -e {0}
2026-10-10T11:53:20.6737364Z ##[endgroup]
2026-10-10T11:53:20.7626632Z {"status": "passed_originals_and_notice_correspondence", "supplied_payload_files_checked": 37, "locked_packages_checked": 42, "crate_license_originals_checked": 89, "source_notice_bundles_checked": 10, "guide_license_originals_checked": 8, "lock_bytes_equal": false, "ledger_version": "1.1.1"}
2026-10-10T11:53:20.8184517Z {"blob_checks": 43, "zip_members": [11, 8], "external_packages": 42, "project_license_copies": 3, "upstream_license_texts": 4, "historical_manifest_files": 4, "overall_status": "partial_verification_release_conditions_remain"}
2026-10-10T11:53:20.8571797Z PASS: ordered typed comparison, integer exactness, ratio tolerance and zero boundary
2026-10-10T11:53:20.8733357Z Post job cleanup.
2026-10-10T11:53:20.9454355Z [command]/usr/bin/git version
2026-10-10T11:53:20.9486158Z git version 2.55.0
2026-10-10T11:53:20.9506851Z Removing SSH command configuration
2026-10-10T11:53:20.9510737Z [command]/usr/bin/git config --local --name-only --get-regexp core\.sshCommand
2026-10-10T11:53:20.9541084Z [command]/usr/bin/git submodule foreach --recursive sh -c "git config --local --name-only --get-regexp 'core\.sshCommand' && git config --local --unset-all 'core.sshCommand' || :"
2026-10-10T11:53:20.9719800Z Removing HTTP extra header
2026-10-10T11:53:20.9723815Z [command]/usr/bin/git config --local --name-only --get-regexp http\.https\:\/\/github\.com\/\.extraheader
2026-10-10T11:53:20.9748362Z [command]/usr/bin/git submodule foreach --recursive sh -c "git config --local --name-only --get-regexp 'http\.https\:\/\/github\.com\/\.extraheader' && git config --local --unset-all 'http.https://github.com/.extraheader' || :"
2026-10-10T11:53:20.9931508Z Removing includeIf entries pointing to credentials config files
2026-10-10T11:53:20.9938645Z [command]/usr/bin/git config --local --name-only --get-regexp ^includeIf\.gitdir:
2026-10-10T11:53:20.9974152Z [command]/usr/bin/git submodule foreach --recursive git config --local --show-origin --name-only --get-regexp remote.origin.url
2026-10-10T11:53:21.0303817Z Cleaning up orphan processes
